tRNA_type,aa_signature,n,has_manual,impossible
Ala,"GCA(-1,0,-1);GCG(-1,-0.5,-1.5)",9,0,1
Gly,"GGU(1,0,1)",4,0,0
Trp,"UGG(-1,0,-1)",4,0,1
Ala,"GCA(-1,0,-1);GCC(-1,0,-1);GCG(-1,-0.5,-1.5);GCU(0,-0.5,-0.5)",3,0,1
Asn,"AAC(-1,0,-1);AAU(0,-0.5,-0.5)",3,0,1
Asp,"GAC(-1,0,-1);GAU(0,-0.5,-0.5)",3,0,1
Ile,"AUA(1,0,1)",3,0,0
Ile,"AUG(-1,0,-1)",3,0,1
Pro,"CCA(-1,0,-1);CCG(-1,-0.5,-1.5)",3,0,1
Pro,"CCC(-1,0,-1);CCU(0,-0.5,-0.5)",3,0,1
Ala,"GCC(-1,0,-1);GCU(0,-0.5,-0.5)",2,0,1
Arg,"CGC(-1,0,-1);CGU(0,-0.5,-0.5)",2,0,1
Glu,"GAA(-1,0,-1);GAG(0,-0.5,-0.5)",2,0,1
Leu,"UUA(-1,0,-1);UUG(0,-0.5,-0.5)",2,0,1
Lys,"AAA(-1,0,-1);AAG(0,-0.5,-0.5)",2,0,1
Phe,"UUC(-1,0,-1);UUU(0,-0.5,-0.5)",2,0,1
Ser,"AGC(-1,0,-1);AGU(0,-0.5,-0.5)",2,0,1
Ser,"UCA(-1,0,-1);UCG(-1,-0.5,-1.5)",2,0,1
Ser,"UCC(-1,0,-1);UCU(0,-0.5,-0.5)",2,0,1
Thr,"ACC(-1,0,-1);ACU(0,-0.5,-0.5)",2,0,1
Val,"GUC(-1,0,-1);GUG(-1,0,-1);GUU(0,-0.5,-0.5)",2,0,0
Val,"GUC(-1,0,-1);GUU(0,-0.5,-0.5)",2,0,1
Val,"GUU(1,0,1)",2,0,0
Arg,"AGA(-1,0,-1);AGG(0,-0.5,-0.5);CGG(-1,0,-1)",1,0,1
Arg,"AGG(-1,0,-1)",1,0,0
Arg,"CGA(-1,0,-1);CGG(-1,-0.5,-1.5)",1,0,1
Arg,"CGA(-1,0,-1);CGG(0,-0.5,-0.5)",1,0,1
Cys,"UGU(1,0,1)",1,0,0
Gly,"GGA(-1,0,-1);GGC(-1,0,-1);GGG(-1,-0.5,-1.5);GGU(0,-0.5,-0.5)",1,0,1
Gly,"GGA(-1,0,-1);GGG(-1,-0.5,-1.5)",1,0,1
Ile,"AUC(-1,0,-1);AUU(0,-0.5,-0.5)",1,0,1
Leu,"CUA(-1,0,-1);CUG(-1,-0.5,-1.5)",1,0,1
Leu,"CUC(-1,0,-1);CUU(0,-0.5,-0.5)",1,0,1
Leu,"CUC(-1,0,-1);CUU(1,-0.5,0.5);UUG(-1,0,-1)",1,0,1
Leu,"CUU(1,0,1)",1,0,0
Pro,"CCA(-1,0,-1);CCG(0,-0.5,-0.5)",1,0,1
Pro,"CCC(-1,0,-1);CCG(-1,0,-1);CCU(1,-0.5,0.5)",1,0,1
Ser,"AGC(-1,0,-1);AGU(0,-0.5,-0.5);UCG(-1,0,-1)",1,0,1
Ser,"AGU(1,0,1)",1,0,0
Ser,"UCU(1,0,1)",1,0,0
Sup,"UAG(1,0,1)",1,0,0
Thr,"ACA(-1,0,-1);ACG(0,-0.5,-0.5)",1,0,1
Thr,"ACC(-1,0,-1);ACG(-1,0,-1);ACU(0,-0.5,-0.5)",1,0,0
Val,"GUA(-1,0,-1);GUG(-1,-0.5,-1.5)",1,0,1
