organism_id,tRNA_type,aa_signature
GCF_000007185.1,Ala,"GCG(-1,0,0,0)"
GCF_000007185.1,Arg,"AGG(-1,0,0,0);CGG(-1,0,0,0)"
GCF_000007185.1,Gln,"CAG(-1,0,0,0)"
GCF_000007185.1,Glu,"GAG(-1,0,0,0)"
GCF_000007185.1,Gly,"GGG(-1,0,0,0)"
GCF_000007185.1,Leu,"CUG(-1,0,0,0);UUG(-1,0,0,0)"
GCF_000007185.1,Lys,"AAG(-1,0,0,0)"
GCF_000007185.1,Pro,"CCG(-1,0,0,0)"
GCF_000007185.1,SeC,"UGA(1,0,0,0)"
GCF_000007185.1,Ser,"UCG(-1,0,0,0)"
GCF_000007185.1,Thr,"ACG(-1,0,0,0)"
GCF_000007185.1,Val,"GUG(-1,0,0,0)"
GCF_000007345.1,Pyl,"UAG(1,0,0,0)"
GCF_000009185.1,Arg,"CGG(-1,0,0,0)"
GCF_000009185.1,Pro,"CCG(-1,0,0,0)"
GCF_000012545.1,Ala,"GCG(-1,0,0,0)"
GCF_000012545.1,Arg,"CGG(-1,0,0,0)"
GCF_000012545.1,Gln,"CAG(-1,0,0,0)"
GCF_000012545.1,Glu,"GAG(-1,0,0,0)"
GCF_000012545.1,Gly,"GGG(-1,0,0,0)"
GCF_000012545.1,Leu,"CUG(-1,0,0,0);UUG(-1,0,0,0)"
GCF_000012545.1,Lys,"AAG(-1,0,0,0)"
GCF_000012545.1,Pro,"CCC(-1,0,0,0);CCG(-1,0,0,0);CCU(0,-1,0,0)"
GCF_000012545.1,Ser,"UCG(-1,0,0,0)"
GCF_000012545.1,Val,"GUG(-1,0,0,0)"
GCF_000015225.1,Tyr,"UAC(-1,0,0,0);UAU(0,-1,0,0)"
GCF_000016525.1,Ala,"GCG(-1,0,0,0)"
GCF_000016525.1,Arg,"CGG(-1,0,0,0)"
GCF_000016525.1,Gln,"CAG(-1,0,0,0)"
GCF_000016525.1,Glu,"GAG(-1,0,0,0)"
GCF_000016525.1,Gly,"GGG(-1,0,0,0)"
GCF_000016525.1,Leu,"CUG(-1,0,0,0);UUG(-1,0,0,0)"
GCF_000016525.1,Lys,"AAG(-1,0,0,0)"
GCF_000016525.1,Pro,"CCC(-1,0,0,0);CCG(-1,0,0,0);CCU(0,-1,0,0)"
GCF_000016525.1,Ser,"UCG(-1,0,0,0)"
GCF_000016525.1,Val,"GUG(-1,0,0,0)"
GCF_000017165.1,Ala,"GCG(-1,0,0,0)"
GCF_000017165.1,Arg,"AGG(-1,0,0,0);CGG(-1,0,0,0)"
GCF_000017165.1,Gln,"CAG(-1,0,0,0)"
GCF_000017165.1,Glu,"GAG(-1,0,0,0)"
GCF_000017165.1,Gly,"GGG(-1,0,0,0)"
GCF_000017165.1,Leu,"CUG(-1,0,0,0);UUG(-1,0,0,0)"
GCF_000017165.1,Lys,"AAG(-1,0,0,0)"
GCF_000017165.1,Pro,"CCG(-1,0,0,0)"
GCF_000017165.1,SeC,"UGA(1,0,0,0)"
GCF_000017165.1,Ser,"UCG(-1,0,0,0)"
GCF_000017165.1,Thr,"ACG(-1,0,0,0)"
GCF_000017165.1,Val,"GUG(-1,0,0,0)"
GCF_000017185.1,Ala,"GCG(-1,0,0,0)"
GCF_000017185.1,Arg,"AGG(-1,0,0,0);CGG(-1,0,0,0)"
GCF_000017185.1,Gln,"CAG(-1,0,0,0)"
GCF_000017185.1,Glu,"GAG(-1,0,0,0)"
GCF_000017185.1,Gly,"GGG(-1,0,0,0)"
GCF_000017185.1,Leu,"CUG(-1,0,0,0);UUG(-1,0,0,0)"
GCF_000017185.1,Lys,"AAG(-1,0,0,0)"
GCF_000017185.1,Pro,"CCG(-1,0,0,0)"
GCF_000017185.1,SeC,"UGA(1,0,0,0)"
GCF_000017185.1,Ser,"UCG(-1,0,0,0)"
GCF_000017185.1,Thr,"ACG(-1,0,0,0)"
GCF_000017185.1,Val,"GUG(-1,0,0,0)"
GCF_000018305.1,Ala,"GCA(-1,0,0,0);GCC(0,0,-1,0);GCG(0,-1,0,0);GCU(0,0,-1,0)"
GCF_000018305.1,Gly,"GGG(-1,0,0,0)"
GCF_000018465.1,Arg,"CGG(-1,0,0,0)"
GCF_000018465.1,Cys,"UGC(-1,0,0,0);UGU(0,-1,0,0)"
GCF_000018465.1,Pro,"CCG(-1,0,0,0)"
GCF_000019605.1,Ile,"AUA(1,0,0,-1);AUG(-1,0,0,0)"
GCF_000023965.1,Arg,"CGG(-1,0,0,0)"
GCF_000023985.1,Ala,"GCG(-1,0,0,0)"
GCF_000023985.1,Arg,"AGG(-1,0,0,0);CGG(-1,0,0,0)"
GCF_000023985.1,Gln,"CAG(-1,0,0,0)"
GCF_000023985.1,Glu,"GAG(-1,0,0,0)"
GCF_000023985.1,Gly,"GGG(-1,0,0,0)"
GCF_000023985.1,Leu,"CUG(-1,0,0,0);UUG(-1,0,0,0)"
GCF_000023985.1,Lys,"AAG(-1,0,0,0)"
GCF_000023985.1,Pro,"CCG(-1,0,0,0)"
GCF_000023985.1,SeC,"UGA(1,0,0,0)"
GCF_000023985.1,Ser,"UCG(-1,0,0,0)"
GCF_000023985.1,Thr,"ACG(-1,0,0,0)"
GCF_000024185.1,Ala,"GCG(-1,0,0,0)"
GCF_000024185.1,Arg,"CGG(-1,0,0,0);CGU(1,0,0,0)"
GCF_000024185.1,Gln,"CAG(-1,0,0,0)"
GCF_000024185.1,Glu,"GAG(-1,0,0,0)"
GCF_000024185.1,Gly,"GGG(-1,0,0,0)"
GCF_000024185.1,Leu,"CUG(-1,0,0,0)"
GCF_000024185.1,Pro,"CCC(-1,0,0,0);CCG(-1,0,0,0);CCU(0,-1,0,0)"
GCF_000024185.1,Ser,"UCG(-1,0,0,0)"
GCF_000024185.1,Thr,"ACG(-1,0,0,0)"
GCF_000024185.1,Val,"GUG(-1,0,0,0)"
GCF_000024625.1,Ala,"GCG(-1,0,0,0)"
GCF_000024625.1,Arg,"AGG(-1,0,0,0);CGG(-1,0,0,0)"
GCF_000024625.1,Gln,"CAG(-1,0,0,0)"
GCF_000024625.1,Glu,"GAG(-1,0,0,0)"
GCF_000024625.1,Gly,"GGG(-1,0,0,0)"
GCF_000024625.1,Leu,"CUG(-1,0,0,0);UUG(-1,0,0,0)"
GCF_000024625.1,Lys,"AAG(-1,0,0,0)"
GCF_000024625.1,Pro,"CCG(-1,0,0,0)"
GCF_000024625.1,SeC,"UGA(1,0,0,0)"
GCF_000024625.1,Ser,"UCG(-1,0,0,0)"
GCF_000024625.1,Thr,"ACG(-1,0,0,0)"
GCF_000025325.1,Arg,"CGG(-1,0,0,0)"
GCF_000025625.1,Gly,"GGG(-1,0,0,0)"
GCF_000026045.1,Arg,"CGG(-1,0,0,0)"
GCF_000091665.1,Ala,"GCG(-1,0,0,0)"
GCF_000091665.1,Arg,"AGG(-1,0,0,0);CGG(-1,0,0,0)"
GCF_000091665.1,Gln,"CAG(-1,0,0,0)"
GCF_000091665.1,Glu,"GAG(-1,0,0,0)"
GCF_000091665.1,Gly,"GGG(-1,0,0,0)"
GCF_000091665.1,Leu,"CUG(-1,0,0,0);UUG(-1,0,0,0)"
GCF_000091665.1,Lys,"AAG(-1,0,0,0)"
GCF_000091665.1,Pro,"CCG(-1,0,0,0)"
GCF_000091665.1,SeC,"UGA(1,0,0,0)"
GCF_000091665.1,Ser,"UCG(-1,0,0,0)"
GCF_000091665.1,Thr,"ACG(-1,0,0,0)"
GCF_000092305.1,Ala,"GCG(-1,0,0,0)"
GCF_000092305.1,Arg,"AGG(-1,0,0,0);CGG(-1,0,0,0)"
GCF_000092305.1,Gln,"CAG(-1,0,0,0)"
GCF_000092305.1,Glu,"GAG(-1,0,0,0)"
GCF_000092305.1,Gly,"GGG(-1,0,0,0)"
GCF_000092305.1,Leu,"CUG(-1,0,0,0);UUG(-1,0,0,0)"
GCF_000092305.1,Lys,"AAG(-1,0,0,0)"
GCF_000092305.1,Pro,"CCG(-1,0,0,0)"
GCF_000092305.1,SeC,"UGA(1,0,0,0)"
GCF_000092305.1,Ser,"UCG(-1,0,0,0)"
GCF_000145295.1,Ala,"GCG(-1,0,0,0)"
GCF_000145295.1,Arg,"CGG(-1,0,0,0)"
GCF_000145295.1,Glu,"GAG(-1,0,0,0)"
GCF_000145295.1,Gly,"GGG(-1,0,0,0)"
GCF_000145295.1,Leu,"CUG(-1,0,0,0);UUG(-1,0,0,0)"
GCF_000145295.1,Lys,"AAG(-1,0,0,0)"
GCF_000145295.1,Pro,"CCG(-1,0,0,0)"
GCF_000145295.1,Ser,"UCG(-1,0,0,0)"
GCF_000152265.2,Cys,"UGC(-1,0,0,0);UGU(0,-1,0,0)"
GCF_000152265.2,Leu,"CUC(-1,0,0,0);CUU(1,-1,0,0)"
GCF_000179575.2,Ala,"GCG(-1,0,0,0)"
GCF_000179575.2,Arg,"AGG(-1,0,0,0);CGG(-1,0,0,0)"
GCF_000179575.2,Gln,"CAG(-1,0,0,0)"
GCF_000179575.2,Glu,"GAG(-1,0,0,0)"
GCF_000179575.2,Gly,"GGG(-1,0,0,0)"
GCF_000179575.2,Leu,"CUG(-1,0,0,0);UUG(-1,0,0,0)"
GCF_000179575.2,Lys,"AAG(-1,0,0,0)"
GCF_000179575.2,Pro,"CCG(-1,0,0,0)"
GCF_000179575.2,SeC,"UGA(1,0,0,0)"
GCF_000179575.2,Ser,"UCG(-1,0,0,0)"
GCF_000179575.2,Thr,"ACG(-1,0,0,0)"
GCF_000179575.2,Val,"GUG(-1,0,0,0)"
GCF_000190315.1,Lys,"AAG(-1,0,0,0)"
GCF_000191585.1,Ala,"GCG(-1,0,0,0)"
GCF_000191585.1,Arg,"CGG(-1,0,0,0)"
GCF_000191585.1,Gln,"CAG(-1,0,0,0)"
GCF_000191585.1,Gly,"GGG(-1,0,0,0)"
GCF_000191585.1,Leu,"CUG(-1,0,0,0)"
GCF_000191585.1,Pro,"CCG(-1,0,0,0)"
GCF_000214415.1,Ala,"GCG(-1,0,0,0)"
GCF_000214415.1,Arg,"AGG(-1,0,0,0);CGG(-1,0,0,0)"
GCF_000214415.1,Gln,"CAG(-1,0,0,0)"
GCF_000214415.1,Glu,"GAG(-1,0,0,0)"
GCF_000214415.1,Gly,"GGG(-1,0,0,0)"
GCF_000214415.1,Leu,"CUG(-1,0,0,0);UUG(-1,0,0,0)"
GCF_000214415.1,Lys,"AAG(-1,0,0,0)"
GCF_000214415.1,Pro,"CCG(-1,0,0,0)"
GCF_000214415.1,SeC,"UGA(1,0,0,0)"
GCF_000214415.1,Ser,"UCG(-1,0,0,0)"
GCF_000214415.1,Thr,"ACG(-1,0,0,0)"
GCF_000214725.1,Ala,"GCG(-1,0,0,0)"
GCF_000214725.1,Arg,"CGG(-1,0,0,0)"
GCF_000214725.1,Gly,"GGG(-1,0,0,0)"
GCF_000214725.1,Pro,"CCG(-1,0,0,0)"
GCF_000217715.1,Arg,"CGG(-1,0,0,0)"
GCF_000217995.1,Gly,"GGG(-1,0,0,0)"
GCF_000217995.1,Pyl,"UAG(1,0,0,0)"
GCF_000220175.1,Arg,"CGG(-1,0,0,0)"
GCF_000220175.1,Cys,"UGC(-1,0,0,0);UGU(0,-1,0,0)"
GCF_000223905.1,Gln,"CAG(-1,0,0,0)"
GCF_000226975.2,Arg,"CGG(-1,0,0,0)"
GCF_000230715.2,Arg,"CGG(-1,0,0,0)"
GCF_000230735.2,Arg,"CGG(-1,0,0,0)"
GCF_000230735.2,Gly,"GGU(1,0,0,0)"
GCF_000241145.1,Arg,"CGG(-1,0,0,0)"
GCF_000241145.1,Cys,"UGC(-1,0,0,0);UGU(0,-1,0,0)"
GCF_000241145.1,Gly,"GGG(-1,0,0,0)"
GCF_000241145.1,Thr,"ACG(-1,0,0,0)"
GCF_000241145.1,Val,"GUG(-1,0,0,0)"
GCF_000242875.2,Arg,"CGA(-1,0,0,0);CGC(0,0,-1,0);CGG(-1,-1,0,0);CGU(0,0,-1,0)"
GCF_000242875.2,Phe,"UUC(-1,0,0,0);UUU(0,-1,0,0)"
GCF_000242875.2,Pro,"CCG(-1,0,0,0)"
GCF_000251105.1,Gly,"GGC(-1,0,0,0);GGU(0,-1,0,0)"
GCF_000258425.1,Gln,"CAA(-1,0,0,0);CAG(-1,-1,0,0)"
GCF_000258425.1,Lys,"AAG(-1,0,0,0)"
GCF_000299365.1,Arg,"CGG(-1,0,0,0)"
GCF_000299365.1,Cys,"UGC(-1,0,0,0);UGU(0,-1,0,0)"
GCF_000299365.1,Pro,"CCG(-1,0,0,0)"
GCF_000299395.1,Arg,"CGG(-1,0,0,0)"
GCF_000299395.1,Pro,"CCG(-1,0,0,0)"
GCF_000303155.1,Arg,"AGA(-1,0,0,0);AGG(0,-1,0,0)"
GCF_000327485.1,Leu,"UUG(-1,0,0,0)"
GCF_000328525.1,Arg,"CGG(-1,0,0,0)"
GCF_000336615.1,Gln,"CAG(-1,0,0,0)"
GCF_000336695.1,His,"CAC(-1,0,0,0);CAU(0,-1,0,0)"
GCF_000336695.1,Pro,"CCC(-1,0,0,0);CCG(-1,0,0,0);CCU(0,-1,0,0)"
GCF_000336695.1,Thr,"ACC(-1,0,0,0);ACU(0,-1,0,0)"
GCF_000336875.1,Gln,"CAG(-1,0,0,0)"
GCF_000337035.1,Gln,"CAG(-1,0,0,0)"
GCF_000337135.1,Gly,"GGG(-1,0,0,0)"
GCF_000337175.1,Arg,"CGG(-1,0,0,0)"
GCF_000337195.1,Arg,"CGG(-1,0,0,0)"
GCF_000337195.1,Cys,"UGC(-1,0,0,0);UGU(0,-1,0,0)"
GCF_000337215.1,Val,"GUC(-1,0,0,0);GUU(0,-1,0,0)"
GCF_000337395.1,Gln,"CAG(-1,0,0,0)"
GCF_000337475.1,Gln,"CAG(-1,0,0,0)"
GCF_000337495.1,Arg,"CGG(-1,0,0,0)"
GCF_000337515.1,Arg,"CGG(-1,0,0,0)"
GCF_000337515.1,His,"CAC(-1,0,0,0);CAU(0,-1,0,0)"
GCF_000337535.1,Gln,"CAG(-1,0,0,0)"
GCF_000337575.1,Gly,"GGG(-1,0,0,0)"
GCF_000337675.1,Ala,"GCA(-1,0,0,0);GCC(0,0,-1,0);GCG(0,-1,0,0);GCU(0,0,-1,0)"
GCF_000337675.1,Gln,"CAG(-1,0,0,0)"
GCF_000337735.1,Arg,"CGG(-1,0,0,0)"
GCF_000337735.1,Gln,"CAG(-1,0,0,0)"
GCF_000337735.1,Gly,"GGG(-1,0,0,0)"
GCF_000337795.1,Ser,"UCC(-1,0,0,0);UCU(0,-1,0,0)"
GCF_000337895.1,Ala,"GCA(-1,0,0,0);GCC(0,0,-1,0);GCG(0,-1,0,0);GCU(0,0,-1,0)"
GCF_000337895.1,Arg,"CGG(-1,0,0,0)"
GCF_000337895.1,Cys,"UGC(-1,0,0,0);UGU(0,-1,0,0)"
GCF_000337895.1,Pro,"CCA(-1,0,0,0);CCC(0,0,-1,0);CCG(0,-1,0,0);CCU(0,0,-1,0)"
GCF_000337895.1,Ser,"UCC(-1,0,0,0);UCU(0,-1,0,0)"
GCF_000337895.1,Tyr,"UAC(-1,0,0,0);UAU(0,-1,0,0)"
GCF_000371805.1,Ala,"GCG(-1,0,0,0)"
GCF_000371805.1,Arg,"AGG(-1,0,0,0);CGG(-1,0,0,0)"
GCF_000371805.1,Gln,"CAG(-1,0,0,0)"
GCF_000371805.1,Glu,"GAG(-1,0,0,0)"
GCF_000371805.1,Gly,"GGG(-1,0,0,0)"
GCF_000371805.1,Leu,"CUG(-1,0,0,0);UUG(-1,0,0,0)"
GCF_000371805.1,Lys,"AAG(-1,0,0,0)"
GCF_000371805.1,Pro,"CCG(-1,0,0,0)"
GCF_000371805.1,SeC,"UGA(1,0,0,0)"
GCF_000371805.1,Ser,"UCG(-1,0,0,0)"
GCF_000371805.1,Thr,"ACG(-1,0,0,0)"
GCF_000383975.1,Arg,"CGG(-1,0,0,0)"
GCF_000430905.1,Ala,"GCA(-1,0,0,0);GCC(0,0,-1,0);GCG(0,-1,0,0);GCU(0,0,-1,0)"
GCF_000446015.1,Tyr,"UAC(-1,0,0,0);UAU(0,-1,0,0)"
GCF_000455345.1,Arg,"CGG(-1,0,0,0)"
GCF_000504205.1,Ala,"GCG(-1,0,0,0)"
GCF_000504205.1,Gly,"GGG(-1,0,0,0)"
GCF_000504205.1,Ile,"AUA(1,0,0,0)"
GCF_000504205.1,Pro,"CCG(-1,0,0,0)"
GCF_000504205.1,Val,"GUG(-1,0,0,0)"
GCF_000517625.1,Arg,"CGG(-1,0,0,0)"
GCF_000517625.1,Gly,"GGG(-1,0,0,0)"
GCF_000591055.1,Arg,"CGG(-1,0,0,0)"
GCF_000621965.1,Ala,"GCA(-1,0,0,0);GCC(-1,0,-1,0);GCG(-1,-1,0,0);GCU(0,-1,-1,0)"
GCF_000621965.1,Arg,"CGG(-1,0,0,0)"
GCF_000621965.1,Gln,"CAG(-1,0,0,0)"
GCF_000621965.1,Gly,"GGG(-1,0,0,0)"
GCF_000621965.1,Leu,"CUG(-1,0,0,0);UUG(-1,0,0,0)"
GCF_000621965.1,Lys,"AAG(-1,0,0,0)"
GCF_000621965.1,Pro,"CCC(-1,0,0,0);CCG(-1,0,0,0);CCU(0,-1,0,0)"
GCF_000621965.1,Ser,"UCG(-1,0,0,0)"
GCF_000621965.1,Thr,"ACG(-1,0,0,0)"
GCF_000621965.1,Val,"GUG(-1,0,0,0)"
GCF_000685395.1,Arg,"CGG(-1,0,0,0)"
GCF_000698785.1,Arg,"AGA(-1,0,0,0);AGG(0,-1,0,0)"
GCF_000710615.1,Ala,"GCA(-1,0,0,0);GCC(0,0,-1,0);GCG(0,-1,0,0);GCU(0,0,-1,0)"
GCF_000710615.1,Arg,"CGG(-1,0,0,0)"
GCF_000711215.1,Asp,"GAC(-1,0,0,0);GAU(0,-1,0,0)"
GCF_000723185.1,Arg,"CGG(-1,0,0,0)"
GCF_000730285.1,Arg,"AGA(-1,0,0,0);AGG(0,-1,0,0)"
GCF_000731985.1,Arg,"CGG(-1,0,0,0)"
GCF_000739065.1,Ala,"GCG(-1,0,0,0)"
GCF_000739065.1,Arg,"AGG(-1,0,0,0);CGG(-1,0,0,0)"
GCF_000739065.1,Gln,"CAG(-1,0,0,0)"
GCF_000739065.1,Glu,"GAG(-1,0,0,0)"
GCF_000739065.1,Gly,"GGG(-1,0,0,0)"
GCF_000739065.1,Leu,"CUG(-1,0,0,0);UUG(-1,0,0,0)"
GCF_000739065.1,Lys,"AAG(-1,0,0,0)"
GCF_000739065.1,Pro,"CCG(-1,0,0,0)"
GCF_000739065.1,SeC,"UGA(1,0,0,0)"
GCF_000739065.1,Ser,"UCG(-1,0,0,0)"
GCF_000739065.1,Thr,"ACG(-1,0,0,0)"
GCF_000739555.1,Arg,"CGG(-1,0,0,0)"
GCF_000739575.1,Arg,"CGC(-1,0,0,0);CGU(0,-1,0,0)"
GCF_000739575.1,Asn,"AAC(-1,0,0,0);AAU(0,-1,0,0)"
GCF_000739575.1,Ile,"AUA(0,0,0,-1);AUG(-1,0,0,0)"
GCF_000739595.1,Gln,"CAG(-1,0,0,0)"
GCF_000745485.1,Ala,"GCA(-1,0,0,0);GCC(0,0,-1,0);GCG(-1,-1,0,0);GCU(0,0,-1,0)"
GCF_000745485.1,Arg,"CGG(-1,0,0,0)"
GCF_000745485.1,Glu,"GAG(-1,0,0,0)"
GCF_000745485.1,Gly,"GGG(-1,0,0,0)"
GCF_000745485.1,Leu,"UUG(-1,0,0,0)"
GCF_000745485.1,Lys,"AAG(-1,0,0,0)"
GCF_000745485.1,Pro,"CCG(-1,0,0,0)"
GCF_000745485.1,Val,"GUG(-1,0,0,0)"
GCF_000746075.1,Ala,"GCA(-1,0,0,0);GCC(0,0,-1,0);GCG(-1,-1,0,0);GCU(0,0,-1,0)"
GCF_000746075.1,Arg,"CGG(-1,0,0,0)"
GCF_000746075.1,Glu,"GAG(-1,0,0,0)"
GCF_000746075.1,Gly,"GGG(-1,0,0,0)"
GCF_000746075.1,Leu,"UUG(-1,0,0,0)"
GCF_000746075.1,Lys,"AAG(-1,0,0,0)"
GCF_000746075.1,Pro,"CCG(-1,0,0,0)"
GCF_000746075.1,Val,"GUG(-1,0,0,0)"
GCF_000800805.1,Pyl,"UAG(1,0,0,0)"
GCF_000812185.1,Arg,"CGG(-1,0,0,0)"
GCF_000812185.1,Gly,"GGG(-1,0,0,0)"
GCF_000812185.1,Pro,"CCC(-1,0,0,0);CCG(-1,0,0,0);CCU(0,-1,0,0)"
GCF_000875775.1,Arg,"CGG(-1,0,0,0)"
GCF_000875775.1,Cys,"UGC(-1,0,0,0);UGU(0,-1,0,0)"
GCF_000875775.1,Pro,"CCG(-1,0,0,0)"
GCF_000955905.1,Arg,"CGG(-1,0,0,0)"
GCF_000956175.1,Arg,"CGG(-1,0,0,0)"
GCF_000956175.1,Gln,"CAA(-1,0,0,0);CAG(0,-1,0,0)"
GCF_000956175.1,Gly,"GGG(-1,0,0,0)"
GCF_000956175.1,Leu,"CUG(-1,0,0,0)"
GCF_000956175.1,Pro,"CCG(-1,0,0,0)"
GCF_000969885.1,Pyl,"UAG(1,0,0,0)"
GCF_000969905.1,Pyl,"UAG(1,0,0,0)"
GCF_000970025.1,Pyl,"UAG(1,0,0,0)"
GCF_000970085.1,Pyl,"UAG(1,0,0,0)"
GCF_000970205.1,Pyl,"UAG(1,0,0,0)"
GCF_000970265.1,Pyl,"UAG(1,0,0,0)"
GCF_000970285.1,Pyl,"UAG(1,0,0,0)"
GCF_001280425.1,Gln,"CAG(-1,0,0,0)"
GCF_001280455.1,Gln,"CAG(-1,0,0,0)"
GCF_001282785.1,Arg,"CGG(-1,0,0,0)"
GCF_001304615.2,Pyl,"UAG(1,0,0,0)"
GCF_001315945.1,Arg,"CGC(-1,0,0,0);CGU(0,-1,0,0)"
GCF_001368915.1,Cys,"UGU(1,0,0,0)"
GCF_001402935.1,Leu,"CUC(-1,0,0,0);CUU(1,-1,0,0);UUG(-1,0,0,0)"
GCF_001402945.1,Leu,"CUC(-1,0,0,0);CUU(1,-1,0,0)"
GCF_001458655.1,Arg,"CGG(-1,0,0,0)"
GCF_001458655.1,Glu,"GAG(-1,0,0,0)"
GCF_001458655.1,Pro,"CCG(-1,0,0,0)"
GCF_001462205.1,Ala,"GCC(-1,0,0,0);GCU(0,-1,0,0)"
GCF_001462205.1,Pro,"CCC(-1,0,0,0);CCU(0,-1,0,0)"
GCF_001462205.1,Val,"GUC(-1,0,0,0);GUU(0,-1,0,0)"
GCF_001462395.1,Cys,"UGC(-1,0,0,0);UGU(0,-1,0,0)"
GCF_001469865.1,Leu,"UUA(-1,0,0,0);UUG(0,-1,0,0)"
GCF_001469865.1,Ser,"AGC(-1,0,0,0);AGU(0,-1,0,0)"
GCF_001481685.1,Gln,"CAG(-1,0,0,0)"
GCF_001484195.1,Ala,"GCA(-1,0,0,0);GCC(0,0,-1,0);GCG(0,-1,0,0);GCU(0,0,-1,0)"
GCF_001484195.1,Asn,"AAC(-1,0,0,0);AAU(0,-1,0,0)"
GCF_001484195.1,Ile,"AUC(-1,0,0,0);AUU(0,-1,0,0)"
GCF_001563245.1,Ala,"GCC(-1,0,0,0);GCG(-1,0,0,0);GCU(0,-1,0,0)"
GCF_001563245.1,Arg,"CGG(-1,0,0,0)"
GCF_001563245.1,Gln,"CAG(-1,0,0,0)"
GCF_001563245.1,Glu,"GAG(-1,0,0,0)"
GCF_001563245.1,Gly,"GGG(-1,0,0,0)"
GCF_001563245.1,Leu,"CUG(-1,0,0,0);UUG(-1,0,0,0)"
GCF_001563245.1,Lys,"AAG(-1,0,0,0)"
GCF_001563245.1,Pro,"CCC(-1,0,0,0);CCG(-1,0,0,0);CCU(0,-1,0,0)"
GCF_001563245.1,Ser,"UCG(-1,0,0,0)"
GCF_001563245.1,Thr,"ACG(-1,0,0,0)"
GCF_001563245.1,Val,"GUG(-1,0,0,0)"
GCF_001639265.1,Ala,"GCA(-1,0,0,0);GCC(0,0,-1,0);GCG(-1,-1,0,0);GCU(0,0,-1,0)"
GCF_001639265.1,Arg,"CGG(-1,0,0,0)"
GCF_001639265.1,Gln,"CAG(-1,0,0,0)"
GCF_001639265.1,Glu,"GAG(-1,0,0,0)"
GCF_001639265.1,Gly,"GGG(-1,0,0,0)"
GCF_001639265.1,Leu,"CUG(-1,0,0,0);UUG(-1,0,0,0)"
GCF_001639265.1,Lys,"AAG(-1,0,0,0)"
GCF_001639265.1,Pro,"CCC(-1,0,0,0);CCG(-1,0,0,0);CCU(0,-1,0,0)"
GCF_001639265.1,Ser,"UCG(-1,0,0,0)"
GCF_001639265.1,Thr,"ACG(-1,0,0,0)"
GCF_001639265.1,Val,"GUG(-1,0,0,0)"
GCF_001639285.1,Ala,"GCG(-1,0,0,0)"
GCF_001639285.1,Arg,"CGG(-1,0,0,0)"
GCF_001639285.1,Gln,"CAG(-1,0,0,0)"
GCF_001639285.1,Glu,"GAG(-1,0,0,0)"
GCF_001639285.1,Gly,"GGG(-1,0,0,0)"
GCF_001639285.1,Leu,"CUG(-1,0,0,0);UUG(-1,0,0,0)"
GCF_001639285.1,Lys,"AAG(-1,0,0,0)"
GCF_001639285.1,Pro,"CCC(-1,0,0,0);CCG(-1,0,0,0);CCU(0,-1,0,0)"
GCF_001639285.1,Ser,"UCG(-1,0,0,0)"
GCF_001639285.1,Thr,"ACG(-1,0,0,0)"
GCF_001639285.1,Val,"GUG(-1,0,0,0)"
GCF_001639295.1,Ala,"GCG(-1,0,0,0)"
GCF_001639295.1,Arg,"CGG(-1,0,0,0)"
GCF_001639295.1,Gln,"CAG(-1,0,0,0)"
GCF_001639295.1,Glu,"GAG(-1,0,0,0)"
GCF_001639295.1,Gly,"GGG(-1,0,0,0)"
GCF_001639295.1,Leu,"CUG(-1,0,0,0);UUG(-1,0,0,0)"
GCF_001639295.1,Lys,"AAG(-1,0,0,0)"
GCF_001639295.1,Pro,"CCC(-1,0,0,0);CCG(-1,0,0,0);CCU(0,-1,0,0)"
GCF_001639295.1,Ser,"UCG(-1,0,0,0)"
GCF_001639295.1,Thr,"ACG(-1,0,0,0)"
GCF_001639295.1,Val,"GUG(-1,0,0,0)"
GCF_001953745.1,Arg,"CGG(-1,0,0,0)"
GCF_001971705.1,Arg,"CGG(-1,0,0,0)"
GCF_001971705.1,Gly,"GGG(-1,0,0,0)"
GCF_001971705.1,Pro,"CCG(-1,0,0,0)"
GCF_002072215.1,Ala,"GCG(-1,0,0,0)"
GCF_002072215.1,Arg,"CGG(-1,0,0,0)"
GCF_002072215.1,Gln,"CAG(-1,0,0,0)"
GCF_002072215.1,Glu,"GAG(-1,0,0,0)"
GCF_002072215.1,Gly,"GGG(-1,0,0,0)"
GCF_002072215.1,Leu,"CUG(-1,0,0,0);UUG(-1,0,0,0)"
GCF_002072215.1,Lys,"AAG(-1,0,0,0)"
GCF_002072215.1,Pro,"CCC(-1,0,0,0);CCG(-1,0,0,0);CCU(0,-1,0,0)"
GCF_002072215.1,Ser,"UCG(-1,0,0,0)"
GCF_002072215.1,Thr,"ACG(-1,0,0,0)"
GCF_002072215.1,Val,"GUG(-1,0,0,0)"
GCF_002078355.1,Cys,"UGC(-1,0,0,0);UGU(0,-1,0,0)"
GCF_002078355.1,Leu,"CUC(-1,0,0,0);CUU(1,-1,0,0)"
GCF_002153915.1,Arg,"AGG(-1,0,0,0);CGG(-1,0,0,0)"
GCF_002153915.1,Gln,"CAG(-1,0,0,0)"
GCF_002153915.1,Gly,"GGG(-1,0,0,0)"
GCF_002153915.1,Leu,"CUG(-1,0,0,0)"
GCF_002153915.1,Pro,"CCG(-1,0,0,0)"
GCF_002153915.1,Val,"GUG(-1,0,0,0)"
GCF_002156705.1,Arg,"CGG(-1,0,0,0)"
GCF_002156965.1,Arg,"CGG(-1,0,0,0)"
GCF_002156965.1,Pro,"CCG(-1,0,0,0)"
GCF_002177135.1,Arg,"CGG(-1,0,0,0)"
GCF_002214165.1,Cys,"UGC(-1,0,0,0);UGU(0,-1,0,0)"
GCF_002214165.1,Ile,"AUA(1,0,0,-1);AUG(-1,0,0,0)"
GCF_002214165.1,Leu,"CUC(-1,0,0,0);CUU(1,-1,0,0)"
GCF_002214165.1,Pro,"CCA(-1,0,0,0);CCC(-1,0,-1,0);CCG(0,-1,0,0);CCU(1,-1,-1,0)"
GCF_002214165.1,Thr,"ACG(-1,0,0,0)"
GCF_002214165.1,Val,"GUA(-1,0,0,0);GUC(0,0,-1,0);GUG(0,-1,0,0);GUU(0,0,-1,0)"
GCF_002243045.1,Ala,"GCA(-1,0,0,0);GCC(0,0,-1,0);GCG(0,-1,0,0);GCU(0,0,-1,0)"
GCF_002252585.1,Ala,"GCG(-1,0,0,0)"
GCF_002252585.1,Arg,"CGG(-1,0,0,0)"
GCF_002252585.1,Gln,"CAG(-1,0,0,0)"
GCF_002252585.1,Glu,"GAG(-1,0,0,0)"
GCF_002252585.1,Gly,"GGG(-1,0,0,0)"
GCF_002252585.1,Leu,"CUG(-1,0,0,0);UUG(-1,0,0,0)"
GCF_002252585.1,Lys,"AAG(-1,0,0,0)"
GCF_002252585.1,Pro,"CCC(-1,0,0,0);CCG(-1,0,0,0);CCU(0,-1,0,0)"
GCF_002252585.1,Ser,"UCG(-1,0,0,0)"
GCF_002252585.1,Val,"GUG(-1,0,0,0)"
GCF_002252985.1,Gln,"CAG(-1,0,0,0)"
GCF_002252985.1,Leu,"CUC(-1,0,0,0);CUU(0,-1,0,0)"
GCF_002252985.1,Val,"GUA(-1,0,0,0);GUC(0,0,-1,0);GUG(0,-1,0,0);GUU(0,0,-1,0)"
GCF_002287175.1,Ala,"GCG(-1,0,0,0)"
GCF_002287175.1,Arg,"CGG(-1,0,0,0)"
GCF_002287175.1,Glu,"GAG(-1,0,0,0)"
GCF_002287175.1,Gly,"GGG(-1,0,0,0)"
GCF_002287175.1,Leu,"UUG(-1,0,0,0)"
GCF_002287175.1,Lys,"AAG(-1,0,0,0)"
GCF_002287175.1,Pro,"CCG(-1,0,0,0)"
GCF_002287175.1,Val,"GUG(-1,0,0,0)"
GCF_002287195.1,Ala,"GCA(-1,0,0,0);GCC(0,0,-1,0);GCG(-1,-1,0,0);GCU(0,0,-1,0)"
GCF_002287195.1,Arg,"CGG(-1,0,0,0)"
GCF_002287195.1,Gln,"CAG(-1,0,0,0)"
GCF_002287195.1,Glu,"GAG(-1,0,0,0)"
GCF_002287195.1,Gly,"GGG(-1,0,0,0)"
GCF_002287195.1,Leu,"CUG(-1,0,0,0);UUG(-1,0,0,0)"
GCF_002287195.1,Lys,"AAG(-1,0,0,0)"
GCF_002287195.1,Pro,"CCC(-1,0,0,0);CCG(-1,0,0,0);CCU(0,-1,0,0)"
GCF_002287195.1,Ser,"UCG(-1,0,0,0)"
GCF_002287195.1,Thr,"ACC(-1,0,0,0);ACU(0,-1,0,0)"
GCF_002287195.1,Val,"GUC(-1,0,0,0);GUG(-1,0,0,0);GUU(0,-1,0,0)"
GCF_002494345.1,Arg,"CGG(-1,0,0,0)"
GCF_002787055.1,Arg,"CGG(-1,0,0,0)"
GCF_002788215.1,Arg,"CGG(-1,0,0,0)"
GCF_002813695.1,Ala,"GCG(-1,0,0,0)"
GCF_002813695.1,Arg,"CGG(-1,0,0,0)"
GCF_002813695.1,Glu,"GAG(-1,0,0,0)"
GCF_002813695.1,Gly,"GGG(-1,0,0,0)"
GCF_002813695.1,Lys,"AAG(-1,0,0,0)"
GCF_002813695.1,Pro,"CCG(-1,0,0,0)"
GCF_002844195.1,Ala,"GCA(-1,0,0,0);GCC(0,0,-1,0);GCG(0,-1,0,0);GCU(0,0,-1,0)"
GCF_002906215.1,Arg,"CGG(-1,0,0,0)"
GCF_002945325.1,Ala,"GCG(-1,0,0,0)"
GCF_002945325.1,Arg,"AGG(-1,0,0,0);CGG(-1,0,0,0)"
GCF_002945325.1,Gln,"CAG(-1,0,0,0)"
GCF_002945325.1,Glu,"GAG(-1,0,0,0)"
GCF_002945325.1,Gly,"GGG(-1,0,0,0)"
GCF_002945325.1,Leu,"CUG(-1,0,0,0);UUG(-1,0,0,0)"
GCF_002945325.1,Lys,"AAG(-1,0,0,0)"
GCF_002945325.1,Pro,"CCG(-1,0,0,0)"
GCF_002945325.1,SeC,"UGA(1,0,0,0)"
GCF_002945325.1,Ser,"UCG(-1,0,0,0)"
GCF_002945325.1,Thr,"ACG(-1,0,0,0)"
GCF_002945325.1,Val,"GUG(-1,0,0,0)"
GCF_003058365.1,His,"CAC(-1,0,0,0);CAU(0,-1,0,0)"
GCF_003086415.1,Ala,"GCC(-1,0,0,0);GCG(-1,0,0,0);GCU(0,-1,0,0)"
GCF_003086415.1,Arg,"AGA(-1,0,0,0);AGG(0,-1,0,0);CGG(-1,0,0,0)"
GCF_003086415.1,Asn,"AAC(-1,0,0,0);AAU(0,-1,0,0)"
GCF_003086415.1,Asp,"GAC(-1,0,0,0);GAU(0,-1,0,0)"
GCF_003086415.1,Gln,"CAG(-1,0,0,0)"
GCF_003086415.1,Glu,"GAA(-1,0,0,0);GAG(0,-1,0,0)"
GCF_003086415.1,Gly,"GGA(-1,0,0,0);GGC(0,0,-1,0);GGG(-1,-1,0,0);GGU(0,0,-1,0)"
GCF_003086415.1,Ile,"AUA(1,0,0,-1);AUG(-1,0,0,0)"
GCF_003086415.1,Lys,"AAA(-1,0,0,0);AAG(0,-1,0,0)"
GCF_003086415.1,Pro,"CCA(-1,0,0,0);CCC(0,0,-1,0);CCG(-1,-1,0,0);CCU(0,0,-1,0)"
GCF_003086415.1,Ser,"UCA(-1,0,0,0);UCC(0,0,-1,0);UCG(-1,-1,0,0);UCU(0,0,-1,0)"
GCF_003086415.1,Thr,"ACA(-1,0,0,0);ACC(0,0,-1,0);ACG(0,-1,0,0);ACU(0,0,-1,0)"
GCF_003086415.1,Val,"GUG(-1,0,0,0)"
GCF_003111605.1,Ala,"GCA(-1,0,0,0);GCC(0,0,-1,0);GCG(-1,-1,0,0);GCU(0,0,-1,0)"
GCF_003111605.1,Arg,"CGG(-1,0,0,0)"
GCF_003111605.1,Gln,"CAG(-1,0,0,0)"
GCF_003111605.1,Glu,"GAG(-1,0,0,0)"
GCF_003111605.1,Gly,"GGG(-1,0,0,0)"
GCF_003111605.1,Leu,"CUG(-1,0,0,0);UUG(-1,0,0,0)"
GCF_003111605.1,Lys,"AAG(-1,0,0,0)"
GCF_003111605.1,Pro,"CCC(-1,0,0,0);CCG(-1,0,0,0);CCU(0,-1,0,0)"
GCF_003111605.1,Ser,"UCG(-1,0,0,0)"
GCF_003111605.1,Thr,"ACG(-1,0,0,0)"
GCF_003111605.1,Val,"GUG(-1,0,0,0)"
GCF_003111625.1,Ala,"GCG(-1,0,0,0)"
GCF_003111625.1,Arg,"CGG(-1,0,0,0)"
GCF_003111625.1,Glu,"GAG(-1,0,0,0)"
GCF_003111625.1,Gly,"GGG(-1,0,0,0)"
GCF_003111625.1,Leu,"CUG(-1,0,0,0);UUG(-1,0,0,0)"
GCF_003111625.1,Lys,"AAG(-1,0,0,0)"
GCF_003111625.1,Pro,"CCC(-1,0,0,0);CCG(-1,0,0,0);CCU(0,-1,0,0)"
GCF_003111625.1,Ser,"UCG(-1,0,0,0)"
GCF_003111625.1,Thr,"ACG(-1,0,0,0)"
GCF_003111625.1,Val,"GUG(-1,0,0,0)"
GCF_003382685.1,His,"CAC(-1,0,0,0);CAU(0,-1,0,0)"
GCF_003382685.1,Lys,"AAA(-1,0,0,0);AAG(0,-1,0,0)"
GCF_003385755.1,Ala,"GCG(-1,0,0,0)"
GCF_003385755.1,Arg,"CGG(-1,0,0,0)"
GCF_003385755.1,Glu,"GAG(-1,0,0,0)"
GCF_003385755.1,Gly,"GGG(-1,0,0,0)"
GCF_003385755.1,Leu,"CUG(-1,0,0,0);UUG(-1,0,0,0)"
GCF_003385755.1,Lys,"AAG(-1,0,0,0)"
GCF_003385755.1,Pro,"CCG(-1,0,0,0)"
GCF_003385755.1,Ser,"UCG(-1,0,0,0)"
GCF_003430825.1,Arg,"CGG(-1,0,0,0)"
GCF_003605575.1,Arg,"CGG(-1,0,0,0)"
GCF_003605635.1,Arg,"CGG(-1,0,0,0)"
GCF_003610195.1,Ala,"GCA(-1,0,0,0);GCC(0,0,-1,0);GCG(0,-1,0,0);GCU(0,0,-1,0)"
GCF_003610195.1,Arg,"CGG(-1,0,0,0)"
GCF_003711245.1,Pyl,"UAG(1,0,0,0)"
GCF_003730195.1,Arg,"CGG(-1,0,0,0)"
GCF_003814835.1,Ala,"GCA(-1,0,0,0);GCC(0,0,-1,0);GCG(-1,-1,0,0);GCU(0,0,-1,0)"
GCF_003814835.1,Arg,"CGG(-1,0,0,0)"
GCF_003814835.1,Gln,"CAG(-1,0,0,0)"
GCF_003814835.1,Glu,"GAG(-1,0,0,0)"
GCF_003814835.1,Gly,"GGG(-1,0,0,0)"
GCF_003814835.1,Leu,"CUG(-1,0,0,0);UUG(-1,0,0,0)"
GCF_003814835.1,Lys,"AAG(-1,0,0,0)"
GCF_003814835.1,Pro,"CCC(-1,0,0,0);CCG(-1,0,0,0);CCU(0,-1,0,0)"
GCF_003814835.1,Ser,"UCG(-1,0,0,0)"
GCF_003814835.1,Thr,"ACG(-1,0,0,0)"
GCF_003814835.1,Val,"GUG(-1,0,0,0)"
GCF_003841465.1,Arg,"CGG(-1,0,0,0)"
GCF_003841465.1,Gly,"GGG(-1,0,0,0)"
GCF_003841485.1,Arg,"CGG(-1,0,0,0)"
GCF_003841485.1,Gly,"GGG(-1,0,0,0)"
GCF_003841505.1,Arg,"CGG(-1,0,0,0)"
GCF_003841505.1,Gly,"GGG(-1,0,0,0)"
GCF_004015825.1,Arg,"CGG(-1,0,0,0)"
GCF_004114995.1,Gln,"CAG(-1,0,0,0)"
GCF_004118325.1,His,"CAC(-1,0,0,0);CAU(0,-1,0,0)"
GCF_004217335.1,Gln,"CAG(-1,0,0,0)"
GCF_004310395.1,Ala,"GCG(-1,0,0,0)"
GCF_004310395.1,Arg,"AGG(-1,0,0,0);CGG(-1,0,0,0)"
GCF_004310395.1,Gln,"CAG(-1,0,0,0)"
GCF_004310395.1,Glu,"GAG(-1,0,0,0)"
GCF_004310395.1,Gly,"GGG(-1,0,0,0)"
GCF_004310395.1,Leu,"CUG(-1,0,0,0);UUG(-1,0,0,0)"
GCF_004310395.1,Lys,"AAG(-1,0,0,0)"
GCF_004310395.1,Pro,"CCG(-1,0,0,0)"
GCF_004310395.1,SeC,"UGA(1,0,0,0)"
GCF_004310395.1,Ser,"UCG(-1,0,0,0)"
GCF_004310395.1,Thr,"ACG(-1,0,0,0)"
GCF_004310395.1,Val,"GUG(-1,0,0,0)"
GCF_004363215.1,Ala,"GCG(-1,0,0,0)"
GCF_004363215.1,Gly,"GGG(-1,0,0,0)"
GCF_004681185.1,Ala,"GCA(-1,0,0,0);GCC(0,0,-1,0);GCG(0,-1,0,0);GCU(0,0,-1,0)"
GCF_004681185.1,His,"CAC(-1,0,0,0);CAU(0,-1,0,0)"
GCF_004799645.1,Arg,"CGG(-1,0,0,0)"
GCF_004799645.1,Gly,"GGG(-1,0,0,0)"
GCF_004799665.1,Arg,"CGG(-1,0,0,0)"
GCF_005049285.1,Tyr,"UAC(-1,0,0,0);UAU(0,-1,0,0)"
GCF_005239135.1,Arg,"CGG(-1,0,0,0)"
GCF_005239135.1,His,"CAC(-1,0,0,0);CAU(0,-1,0,0)"
GCF_005239425.1,Arg,"CGG(-1,0,0,0)"
GCF_005406125.1,Gln,"CAG(-1,0,0,0)"
GCF_005406125.1,His,"CAC(-1,0,0,0);CAU(0,-1,0,0)"
GCF_005543295.1,His,"CAC(-1,0,0,0);CAU(0,-1,0,0)"
GCF_005890195.1,Arg,"CGG(-1,0,0,0)"
GCF_006543045.1,Arg,"CGG(-1,0,0,0)"
GCF_006543045.1,Gly,"GGG(-1,0,0,0)"
GCF_006861655.1,Ala,"GCA(-1,0,0,0);GCC(0,0,-1,0);GCG(0,-1,0,0);GCU(0,0,-1,0)"
GCF_006861655.1,Arg,"CGG(-1,0,0,0)"
GCF_006861665.1,Arg,"CGG(-1,0,0,0)"
GCF_007004735.1,Ala,"GCA(-1,0,0,0);GCC(0,0,-1,0);GCG(0,-1,0,0);GCU(0,0,-1,0)"
GCF_007004735.1,His,"CAC(-1,0,0,0);CAU(0,-1,0,0)"
GCF_007421925.1,Arg,"CGG(-1,0,0,0)"
GCF_007421925.1,His,"CAC(-1,0,0,0);CAU(0,-1,0,0)"
GCF_007671685.1,Gln,"CAG(-1,0,0,0)"
GCF_007671725.1,Gln,"CAG(-1,0,0,0)"
GCF_008000775.2,Arg,"CGG(-1,0,0,0)"
GCF_008000775.2,Ile,"AUA(1,0,0,-1);AUG(-1,0,0,0)"
GCF_008000775.2,SeC,"UGA(1,0,0,0)"
GCF_008245225.1,Arg,"CGG(-1,0,0,0)"
GCF_008245225.1,Gly,"GGG(-1,0,0,0)"
GCF_009184545.1,Arg,"CGG(-1,0,0,0)"
GCF_009392895.1,Arg,"CGG(-1,0,0,0)"
GCF_009392895.1,Gln,"CAG(-1,0,0,0)"
GCF_009617975.1,Ala,"GCG(-1,0,0,0)"
GCF_009617975.1,Arg,"AGG(-1,0,0,0);CGG(-1,0,0,0)"
GCF_009617975.1,Glu,"GAG(-1,0,0,0)"
GCF_009617975.1,Gly,"GGG(-1,0,0,0)"
GCF_009617975.1,Ile,"AUA(1,0,0,-1);AUG(-1,0,0,0)"
GCF_009617975.1,Leu,"CUG(-1,0,0,0)"
GCF_009617975.1,Pro,"CCG(-1,0,0,0)"
GCF_009617975.1,Val,"GUG(-1,0,0,0)"
GCF_009663395.1,Arg,"CGG(-1,0,0,0)"
GCF_009762275.1,Gln,"CAG(-1,0,0,0)"
GCF_009831575.1,Arg,"CGG(-1,0,0,0)"
GCF_009834785.1,Arg,"CGG(-1,0,0,0)"
GCF_009834785.1,Gln,"CAG(-1,0,0,0)"
GCF_010119195.1,Ala,"GCA(-1,0,0,0);GCC(0,0,-1,0);GCG(0,-1,0,0);GCU(0,0,-1,0)"
GCF_010119195.1,Gln,"CAG(-1,0,0,0)"
GCF_010119195.1,His,"CAC(-1,0,0,0);CAU(0,-1,0,0)"
GCF_010119205.1,His,"CAC(-1,0,0,0);CAU(0,-1,0,0)"
GCF_013267195.1,Gln,"CAG(-1,0,0,0)"
GCF_013342135.1,Arg,"CGG(-1,0,0,0)"
GCF_013391085.1,His,"CAC(-1,0,0,0);CAU(0,-1,0,0)"
GCF_013402815.2,Arg,"CGG(-1,0,0,0)"
GCF_013407145.1,Arg,"CGG(-1,0,0,0)"
GCF_013407145.1,Pro,"CCG(-1,0,0,0)"
GCF_013407165.1,Arg,"CGG(-1,0,0,0)"
GCF_013407165.1,Pro,"CCG(-1,0,0,0)"
GCF_013407185.1,Arg,"CGG(-1,0,0,0)"
GCF_013407185.1,Pro,"CCG(-1,0,0,0)"
GCF_013456555.2,Arg,"CGG(-1,0,0,0)"
GCF_014646535.1,Ile,"AUA(0,0,0,-1);AUG(-1,0,0,0)"
GCF_014646535.1,Pro,"CCA(-1,0,0,0);CCC(0,0,-1,0);CCG(-1,-1,0,0);CCU(0,0,-1,0)"
GCF_014646875.1,Ser,"AGU(1,0,0,0)"
GCF_014647415.1,Gln,"CAG(-1,0,0,0)"
GCF_014647475.1,Ala,"GCA(-1,0,0,0);GCC(0,0,-1,0);GCG(-1,-1,0,0);GCU(0,0,-1,0)"
GCF_016906025.1,Arg,"CGG(-1,0,0,0)"
GCF_017094485.1,Arg,"CGG(-1,0,0,0)"
GCF_017352095.1,Arg,"CGG(-1,0,0,0)"
GCF_017352155.2,Arg,"CGG(-1,0,0,0)"
GCF_017357105.1,His,"CAC(-1,0,0,0);CAU(0,-1,0,0)"
GCF_017873415.1,Gly,"GGG(-1,0,0,0)"
GCF_017873415.1,Val,"GUG(-1,0,0,0)"
GCF_017873625.1,Arg,"CGG(-1,0,0,0)"
GCF_017873625.1,Glu,"GAG(-1,0,0,0)"
GCF_017873625.1,Gly,"GGG(-1,0,0,0)"
GCF_017873625.1,Lys,"AAG(-1,0,0,0)"
GCF_017873625.1,Pro,"CCC(-1,0,0,0);CCG(-1,0,0,0);CCU(0,-1,0,0)"
GCF_017873815.1,Ala,"GCA(-1,0,0,0);GCC(0,0,-1,0);GCG(0,-1,0,0);GCU(0,0,-1,0)"
GCF_017874235.1,Arg,"CGG(-1,0,0,0)"
GCF_017874375.1,Cys,"UGC(-1,0,0,0);UGU(0,-1,0,0)"
GCF_017874455.1,Ala,"GCA(-1,0,0,0);GCC(0,0,-1,0);GCG(-1,-1,0,0);GCU(0,0,-1,0)"
GCF_017874455.1,Arg,"CGG(-1,0,0,0)"
GCF_017874455.1,Gly,"GGG(-1,0,0,0)"
GCF_017874455.1,Pro,"CCC(-1,0,0,0);CCG(-1,0,0,0);CCU(0,-1,0,0)"
GCF_017874695.1,Ala,"GCA(-1,0,0,0);GCC(0,0,-1,0);GCG(0,-1,0,0);GCU(0,0,-1,0)"
GCF_018141185.1,Ala,"GCG(-1,0,0,0)"
GCF_018141185.1,Arg,"CGG(-1,0,0,0)"
GCF_018141185.1,Gln,"CAG(-1,0,0,0)"
GCF_018141185.1,Glu,"GAG(-1,0,0,0)"
GCF_018141185.1,Gly,"GGG(-1,0,0,0)"
GCF_018141185.1,Leu,"CUG(-1,0,0,0);UUG(-1,0,0,0)"
GCF_018141185.1,Lys,"AAG(-1,0,0,0)"
GCF_018141185.1,Pro,"CCG(-1,0,0,0)"
GCF_018228765.1,Gln,"CAG(-1,0,0,0)"
GCF_019599405.1,Arg,"CGG(-1,0,0,0)"
GCF_019599465.1,Gln,"CAG(-1,0,0,0)"
GCF_019599505.1,Ala,"GCA(-1,0,0,0);GCC(0,0,-1,0);GCG(0,-1,0,0);GCU(0,0,-1,0)"
GCF_019599505.1,His,"CAC(-1,0,0,0);CAU(0,-1,0,0)"
GCF_019599515.1,Ala,"GCA(-1,0,0,0);GCC(0,0,-1,0);GCG(0,-1,0,0);GCU(0,0,-1,0)"
GCF_019599515.1,Gln,"CAG(-1,0,0,0)"
GCF_019599515.1,His,"CAC(-1,0,0,0);CAU(0,-1,0,0)"
GCF_019931065.1,Ala,"GCG(-1,0,0,0)"
GCF_019931065.1,Arg,"CGG(-1,0,0,0)"
GCF_019931065.1,Gly,"GGG(-1,0,0,0)"
GCF_019931065.1,Pro,"CCC(-1,0,0,0);CCG(-1,0,0,0);CCU(1,-1,0,0)"
GCF_020177375.1,Gln,"CAG(-1,0,0,0)"
GCF_020177375.1,Ile,"AUA(1,0,0,0)"
GCF_020405205.1,Arg,"CGG(-1,0,0,0)"
GCF_020515625.1,Arg,"CGG(-1,0,0,0)"
GCF_020567525.1,Val,"GUU(1,0,0,0)"
GCF_020700235.1,Arg,"CGG(-1,0,0,0)"
GCF_021249405.1,Gln,"CAG(-1,0,0,0)"
GCF_022870485.1,His,"CAC(-1,0,0,0);CAU(0,-1,0,0)"
GCF_023093535.1,Arg,"CGG(-1,0,0,0)"
GCF_023167465.1,Ala,"GCG(-1,0,0,0)"
GCF_023167465.1,Arg,"CGG(-1,0,0,0)"
GCF_023167465.1,Leu,"CUG(-1,0,0,0);UUG(-1,0,0,0)"
GCF_023167465.1,Pro,"CCG(-1,0,0,0)"
GCF_023167465.1,Ser,"UCG(-1,0,0,0)"
GCF_023169545.1,Arg,"CGG(-1,0,0,0)"
GCF_023169545.1,Gly,"GGG(-1,0,0,0)"
GCF_023169545.1,Ile,"AUA(1,0,0,-1);AUG(-1,0,0,0)"
GCF_023169545.1,Pro,"CCG(-1,0,0,0)"
GCF_023204835.1,Arg,"CGG(-1,0,0,0)"
GCF_023227715.1,Ala,"GCG(-1,0,0,0)"
GCF_023227715.1,Arg,"CGG(-1,0,0,0)"
GCF_023227715.1,Gln,"CAG(-1,0,0,0)"
GCF_023227715.1,Glu,"GAG(-1,0,0,0)"
GCF_023227715.1,Gly,"GGG(-1,0,0,0)"
GCF_023227715.1,Leu,"CUG(-1,0,0,0);UUG(-1,0,0,0)"
GCF_023227715.1,Lys,"AAG(-1,0,0,0)"
GCF_023227715.1,Pro,"CCG(-1,0,0,0)"
GCF_023638035.1,Arg,"CGG(-1,0,0,0)"
GCF_023638035.1,Gly,"GGG(-1,0,0,0)"
GCF_023638035.1,His,"CAC(-1,0,0,0);CAU(0,-1,0,0)"
GCF_023638035.1,Pro,"CCC(-1,0,0,0);CCG(-1,0,0,0);CCU(0,-1,0,0)"
GCF_023638055.1,Arg,"CGG(-1,0,0,0)"
GCF_023684405.1,Ala,"GCA(-1,0,0,0);GCC(0,0,-1,0);GCG(0,-1,0,0);GCU(0,0,-1,0)"
GCF_023684405.1,Pro,"CCG(-1,0,0,0)"
GCF_023698535.1,Gln,"CAG(-1,0,0,0)"
GCF_023698535.1,His,"CAC(-1,0,0,0);CAU(0,-1,0,0)"
GCF_024138145.1,His,"CAC(-1,0,0,0);CAU(0,-1,0,0)"
GCF_024178165.1,Arg,"CGG(-1,0,0,0)"
GCF_024227715.1,Gln,"CAG(-1,0,0,0)"
GCF_024266705.1,Arg,"CGG(-1,0,0,0)"
GCF_024296685.1,Arg,"CGG(-1,0,0,0)"
GCF_024298845.1,Arg,"CGG(-1,0,0,0)"
GCF_024298865.1,His,"CAC(-1,0,0,0);CAU(0,-1,0,0)"
GCF_024298885.1,His,"CAC(-1,0,0,0);CAU(0,-1,0,0)"
GCF_024300625.1,Arg,"CGG(-1,0,0,0)"
GCF_024300625.1,Gly,"GGG(-1,0,0,0)"
GCF_024300625.1,His,"CAC(-1,0,0,0);CAU(0,-1,0,0)"
GCF_024494565.1,Ala,"GCA(-1,0,0,0);GCC(0,0,-1,0);GCG(0,-1,0,0);GCU(0,0,-1,0)"
GCF_024494575.1,Ala,"GCA(-1,0,0,0);GCC(0,0,-1,0);GCG(0,-1,0,0);GCU(0,0,-1,0)"
GCF_024494595.1,Ser,"UCU(1,0,0,0)"
GCF_024494645.1,Arg,"CGG(-1,0,0,0)"
GCF_024495425.1,Ala,"GCA(-1,0,0,0);GCC(0,0,-1,0);GCG(0,-1,0,0);GCU(0,0,-1,0)"
GCF_024498175.1,Gln,"CAG(-1,0,0,0)"
GCF_024498195.1,Arg,"CGG(-1,0,0,0)"
GCF_024807035.1,Ala,"GCA(-1,0,0,0);GCC(0,0,-1,0);GCG(-1,-1,0,0);GCU(0,0,-1,0)"
GCF_024807035.1,Arg,"AGG(-1,0,0,0);CGG(-1,0,0,0)"
GCF_024807035.1,Gln,"CAG(-1,0,0,0)"
GCF_024807035.1,Glu,"GAG(-1,0,0,0)"
GCF_024807035.1,Gly,"GGG(-1,0,0,0)"
GCF_024807035.1,Leu,"CUG(-1,0,0,0);UUG(-1,0,0,0)"
GCF_024807035.1,Lys,"AAG(-1,0,0,0)"
GCF_024807035.1,Pro,"CCC(-1,0,0,0);CCG(-1,0,0,0);CCU(0,-1,0,0)"
GCF_024807035.1,SeC,"UGA(1,0,0,0)"
GCF_024807035.1,Ser,"UCG(-1,0,0,0)"
GCF_024807035.1,Thr,"ACG(-1,0,0,0)"
GCF_024807035.1,Val,"GUC(-1,0,0,0);GUG(-1,0,0,0);GUU(0,-1,0,0)"
GCF_024808815.1,Ala,"GCA(-1,0,0,0);GCC(0,0,-1,0);GCG(0,-1,0,0);GCU(0,0,-1,0)"
GCF_024808815.1,Arg,"CGG(-1,0,0,0)"
GCF_024808815.1,Gly,"GGG(-1,0,0,0)"
GCF_024808815.1,Leu,"CUG(-1,0,0,0)"
GCF_024808815.1,Pro,"CCG(-1,0,0,0)"
GCF_024808815.1,Val,"GUG(-1,0,0,0)"
GCF_025397995.1,Ala,"GCG(-1,0,0,0)"
GCF_025397995.1,Arg,"CGG(-1,0,0,0)"
GCF_025397995.1,Glu,"GAG(-1,0,0,0)"
GCF_025397995.1,Gly,"GGG(-1,0,0,0)"
GCF_025397995.1,Leu,"CUG(-1,0,0,0);UUG(-1,0,0,0)"
GCF_025397995.1,Lys,"AAG(-1,0,0,0)"
GCF_025397995.1,Pro,"CCG(-1,0,0,0)"
GCF_025397995.1,Ser,"UCG(-1,0,0,0)"
GCF_025457605.1,Arg,"CGG(-1,0,0,0)"
GCF_025457605.1,His,"CAC(-1,0,0,0);CAU(0,-1,0,0)"
GCF_025517485.1,Arg,"CGG(-1,0,0,0)"
GCF_025517485.1,Gln,"CAG(-1,0,0,0)"
GCF_025517525.1,Arg,"CGG(-1,0,0,0)"
GCF_025629245.1,Arg,"CGG(-1,0,0,0)"
GCF_025998175.1,Arg,"CGG(-1,0,0,0)"
GCF_025998175.1,Cys,"UGC(-1,0,0,0);UGU(0,-1,0,0)"
GCF_025998175.1,Pro,"CCG(-1,0,0,0)"
GCF_026248685.1,Arg,"CGG(-1,0,0,0)"
GCF_026586625.1,Gly,"GGU(1,0,0,0)"
GCF_026586665.1,Ala,"GCA(-1,0,0,0);GCC(0,0,-1,0);GCG(0,-1,0,0);GCU(0,0,-1,0)"
GCF_026586675.1,Gln,"CAG(-1,0,0,0)"
GCF_026616195.1,Ala,"GCA(-1,0,0,0);GCC(0,0,-1,0);GCG(0,-1,0,0);GCU(0,0,-1,0)"
GCF_026616195.1,Sup,"UAG(1,0,0,0)"
GCF_026616205.1,Arg,"CGG(-1,0,0,0)"
GCF_027554905.1,Ala,"GCG(-1,0,0,0)"
GCF_027554905.1,Arg,"CGG(-1,0,0,0)"
GCF_027554905.1,Glu,"GAG(-1,0,0,0)"
GCF_027554905.1,Gly,"GGG(-1,0,0,0)"
GCF_027554905.1,Leu,"CUG(-1,0,0,0);UUG(-1,0,0,0)"
GCF_027554905.1,Lys,"AAG(-1,0,0,0)"
GCF_027554905.1,Pro,"CCG(-1,0,0,0)"
GCF_027554905.1,Ser,"UCG(-1,0,0,0)"
GCF_028618695.1,Arg,"CGG(-1,0,0,0)"
GCF_028890305.1,Ala,"GCG(-1,0,0,0)"
GCF_028890305.1,Arg,"CGG(-1,0,0,0)"
GCF_028890305.1,Gln,"CAG(-1,0,0,0)"
GCF_028890305.1,Gly,"GGG(-1,0,0,0)"
GCF_028890305.1,Leu,"CUG(-1,0,0,0);UUG(-1,0,0,0)"
GCF_028890305.1,Pro,"CCC(-1,0,0,0);CCG(-1,0,0,0);CCU(0,-1,0,0)"
GCF_028890305.1,Ser,"UCG(-1,0,0,0)"
GCF_028890305.1,Val,"GUG(-1,0,0,0)"
GCF_028912405.1,Ala,"GCC(-1,0,0,0);GCU(0,-1,0,0)"
GCF_028912405.1,Cys,"UGC(-1,0,0,0);UGU(0,-1,0,0)"
GCF_028912405.1,Glu,"GAA(-1,0,0,0);GAG(0,-1,0,0)"
GCF_028912405.1,Gly,"GGG(-1,0,0,0)"
GCF_028912405.1,Leu,"CUA(-1,0,0,0);CUC(0,0,-1,0);CUG(-1,-1,0,0);CUU(0,0,-1,0)"
GCF_028912405.1,Pro,"CCA(-1,0,0,0);CCC(0,0,-1,0);CCG(-1,-1,0,0);CCU(0,0,-1,0)"
GCF_028912405.1,Ser,"AGC(-1,0,0,0);AGU(0,-1,0,0)"
GCF_028912405.1,Thr,"ACG(-1,0,0,0)"
GCF_028912405.1,Trp,"UGG(-1,0,0,0)"
GCF_029007355.1,Ala,"GCA(-1,0,0,0);GCC(-1,0,-1,0);GCG(-1,-1,0,0);GCU(0,-1,-1,0)"
GCF_029007355.1,Arg,"CGG(-1,0,0,0)"
GCF_029007355.1,Gln,"CAG(-1,0,0,0)"
GCF_029007355.1,Gly,"GGG(-1,0,0,0)"
GCF_029007355.1,Leu,"CUG(-1,0,0,0);UUG(-1,0,0,0)"
GCF_029007355.1,Pro,"CCC(-1,0,0,0);CCG(-1,0,0,0);CCU(0,-1,0,0)"
GCF_029007355.1,Ser,"UCG(-1,0,0,0)"
GCF_029007355.1,Thr,"ACG(-1,0,0,0)"
GCF_029007355.1,Val,"GUG(-1,0,0,0)"
GCF_029167045.1,Leu,"CUG(-1,0,0,0);UUG(-1,0,0,0)"
GCF_029167045.1,Ser,"UCA(-1,0,0,0);UCC(0,0,-1,0);UCG(-1,-1,0,0);UCU(0,0,-1,0)"
GCF_029207735.1,Arg,"AGG(-1,0,0,0);CGG(-1,0,0,0)"
GCF_029207735.1,Cys,"UGC(-1,0,0,0);UGU(0,-1,0,0)"
GCF_029207735.1,Gly,"GGG(-1,0,0,0)"
GCF_029207735.1,Ile,"AUA(1,0,0,-1);AUG(-1,0,0,0)"
GCF_029207735.1,Leu,"CUG(-1,0,0,0)"
GCF_029207735.1,Pro,"CCC(-1,0,0,0);CCG(-1,0,0,0);CCU(0,-1,0,0)"
GCF_029207735.1,Val,"GUG(-1,0,0,0)"
GCF_029232205.1,Ala,"GCG(-1,0,0,0)"
GCF_029232205.1,Arg,"AGG(-1,0,0,0);CGG(-1,0,0,0)"
GCF_029232205.1,Gln,"CAG(-1,0,0,0)"
GCF_029232205.1,Gly,"GGG(-1,0,0,0)"
GCF_029232205.1,Ile,"AUA(1,0,0,-1);AUG(-1,0,0,0)"
GCF_029232205.1,Leu,"CUG(-1,0,0,0)"
GCF_029232205.1,Pro,"CCC(-1,0,0,0);CCG(-1,0,0,0);CCU(0,-1,0,0)"
GCF_029232205.1,Val,"GUG(-1,0,0,0)"
GCF_029338235.1,His,"CAC(-1,0,0,0);CAU(0,-1,0,0)"
GCF_029338275.1,His,"CAC(-1,0,0,0);CAU(0,-1,0,0)"
GCF_029338315.1,Gln,"CAG(-1,0,0,0)"
GCF_029338335.1,Gln,"CAG(-1,0,0,0)"
GCF_029338515.1,His,"CAC(-1,0,0,0);CAU(0,-1,0,0)"
GCF_029502005.1,Arg,"CGG(-1,0,0,0)"
GCF_030127165.1,Gln,"CAG(-1,0,0,0)"
GCF_030296715.1,Arg,"CGG(-1,0,0,0)"
GCF_030296715.1,Glu,"GAG(-1,0,0,0)"
GCF_030296715.1,Gly,"GGG(-1,0,0,0)"
GCF_030296715.1,Lys,"AAG(-1,0,0,0)"
GCF_030296715.1,Pro,"CCC(-1,0,0,0);CCG(-1,0,0,0);CCU(0,-1,0,0)"
GCF_030323845.1,Arg,"CGG(-1,0,0,0)"
GCF_030323845.1,Glu,"GAG(-1,0,0,0)"
GCF_030323845.1,Gly,"GGG(-1,0,0,0)"
GCF_030323845.1,Lys,"AAG(-1,0,0,0)"
GCF_030323845.1,Pro,"CCG(-1,0,0,0)"
GCF_030505615.1,Gly,"GGU(1,0,0,0)"
GCF_030553305.1,Ala,"GCG(-1,0,0,0)"
GCF_031165565.1,Arg,"CGG(-1,0,0,0)"
GCF_031165565.1,Gly,"GGU(1,0,0,0)"
GCF_031312535.1,Gly,"GGG(-1,0,0,0)"
GCF_031312535.1,Pro,"CCG(-1,0,0,0)"
GCF_031454185.1,Ala,"GCA(-1,0,0,0);GCC(0,0,-1,0);GCG(0,-1,0,0);GCU(0,0,-1,0)"
GCF_031454185.1,Pro,"CCG(-1,0,0,0)"
GCF_031461075.1,Ala,"GCA(-1,0,0,0);GCC(0,0,-1,0);GCG(0,-1,0,0);GCU(0,0,-1,0)"
GCF_031624315.1,His,"CAC(-1,0,0,0);CAU(0,-1,0,0)"
GCF_031852275.1,Arg,"CGG(-1,0,0,0)"
GCF_032594095.1,Gly,"GGG(-1,0,0,0)"
GCF_032594115.1,Gly,"GGG(-1,0,0,0)"
GCF_032594355.1,Gly,"GGG(-1,0,0,0)"
GCF_032594435.1,Gly,"GGG(-1,0,0,0)"
GCF_032714475.1,Ala,"GCG(-1,0,0,0)"
GCF_032714475.1,Gly,"GGG(-1,0,0,0)"
GCF_032714495.1,Cys,"UGC(-1,0,0,0);UGU(0,-1,0,0)"
GCF_032714515.1,Gly,"GGG(-1,0,0,0)"
GCF_035656455.1,Ala,"GCA(-1,0,0,0);GCC(0,0,-1,0);GCG(0,-1,0,0);GCU(0,0,-1,0)"
GCF_035656455.1,His,"CAC(-1,0,0,0);CAU(0,-1,0,0)"
GCF_035666295.1,His,"CAC(-1,0,0,0);CAU(0,-1,0,0)"
GCF_036323395.1,Gln,"CAA(-1,0,0,0);CAG(0,-1,0,0)"
GCF_037031205.1,Gln,"CAA(-1,0,0,0);CAG(0,-1,0,0)"
GCF_037031205.1,His,"CAC(-1,0,0,0);CAU(0,-1,0,0)"
GCF_037031225.1,His,"CAC(-1,0,0,0);CAU(0,-1,0,0)"
GCF_037078405.1,His,"CAC(-1,0,0,0);CAU(0,-1,0,0)"
GCF_037081675.1,Ala,"GCA(-1,0,0,0);GCC(0,0,-1,0);GCG(0,-1,0,0);GCU(0,0,-1,0)"
GCF_037081675.1,Val,"GUU(1,0,0,0)"
GCF_037914945.1,Arg,"CGG(-1,0,0,0)"
GCF_038024865.1,Ile,"AUA(0,0,0,-1);AUG(-1,0,0,0)"
GCF_039522565.1,Arg,"CGA(-1,0,0,0);CGC(0,0,-1,0);CGG(0,-1,0,0);CGU(0,0,-1,0)"
GCF_039545195.1,Gln,"CAG(-1,0,0,0)"
GCF_039545195.1,His,"CAC(-1,0,0,0);CAU(0,-1,0,0)"
GCF_041205745.1,Arg,"CGG(-1,0,0,0)"
GCF_041379815.1,Gln,"CAG(-1,0,0,0)"
GCF_041410205.1,Arg,"CGG(-1,0,0,0)"
GCF_041410205.1,Cys,"UGC(-1,0,0,0);UGU(0,-1,0,0)"
GCF_041410205.1,Ile,"AUA(1,0,0,-1);AUG(-1,0,0,0)"
GCF_041410205.1,Leu,"UUA(-1,0,0,0);UUG(0,-1,0,0)"
GCF_041410205.1,Phe,"UUC(-1,0,0,0);UUU(0,-1,0,0)"
GCF_041410205.1,SeC,"UGA(1,0,0,0)"
GCF_042661865.1,Ala,"GCA(-1,0,0,0);GCC(0,0,-1,0);GCG(0,-1,0,0);GCU(0,0,-1,0)"
GCF_042662125.1,Ala,"GCG(-1,0,0,0)"
GCF_042662625.1,Ala,"GCA(-1,0,0,0);GCC(0,0,-1,0);GCG(0,-1,0,0);GCU(0,0,-1,0)"
GCF_042662625.1,Arg,"AGA(-1,0,0,0);AGG(0,-1,0,0)"
GCF_042678005.1,Arg,"CGG(-1,0,0,0)"
GCF_046197875.1,Ala,"GCG(-1,0,0,0)"
GCF_046197875.1,Arg,"AGG(-1,0,0,0);CGG(-1,0,0,0)"
GCF_046197875.1,Gln,"CAG(-1,0,0,0)"
GCF_046197875.1,Glu,"GAG(-1,0,0,0)"
GCF_046197875.1,Gly,"GGG(-1,0,0,0)"
GCF_046197875.1,Leu,"CUG(-1,0,0,0);UUG(-1,0,0,0)"
GCF_046197875.1,Pro,"CCC(-1,0,0,0);CCG(-1,0,0,0);CCU(0,-1,0,0)"
GCF_046197875.1,Ser,"UCG(-1,0,0,0)"
GCF_046197875.1,Thr,"ACG(-1,0,0,0)"
GCF_046197875.1,Val,"GUG(-1,0,0,0)"
GCF_047915675.1,Ala,"GCG(-1,0,0,0)"
GCF_047915675.1,Arg,"AGG(-1,0,0,0);CGG(-1,0,0,0)"
GCF_047915675.1,Gln,"CAG(-1,0,0,0)"
GCF_047915675.1,Glu,"GAG(-1,0,0,0)"
GCF_047915675.1,Gly,"GGG(-1,0,0,0)"
GCF_047915675.1,Leu,"CUG(-1,0,0,0);UUG(-1,0,0,0)"
GCF_047915675.1,Lys,"AAG(-1,0,0,0)"
GCF_047915675.1,Pro,"CCG(-1,0,0,0)"
GCF_047915675.1,SeC,"UGA(1,0,0,0)"
GCF_047915675.1,Ser,"UCG(-1,0,0,0)"
GCF_047915675.1,Thr,"ACG(-1,0,0,0)"
GCF_049554935.1,Ala,"GCG(-1,0,0,0)"
GCF_049554935.1,Arg,"AGG(-1,0,0,0);CGG(-1,0,0,0)"
GCF_049554935.1,Gln,"CAG(-1,0,0,0)"
GCF_049554935.1,Glu,"GAG(-1,0,0,0)"
GCF_049554935.1,Gly,"GGG(-1,0,0,0)"
GCF_049554935.1,Leu,"CUG(-1,0,0,0);UUG(-1,0,0,0)"
GCF_049554935.1,Lys,"AAG(-1,0,0,0)"
GCF_049554935.1,Pro,"CCG(-1,0,0,0)"
GCF_049554935.1,SeC,"UGA(1,0,0,0)"
GCF_049554935.1,Ser,"UCG(-1,0,0,0)"
GCF_049554935.1,Thr,"ACG(-1,0,0,0)"
GCF_049554935.1,Val,"GUG(-1,0,0,0)"
GCF_050122995.1,Pro,"CCC(-1,0,0,0);CCU(0,-1,0,0)"
GCF_050433505.1,Ala,"GCG(-1,0,0,0)"
GCF_050433505.1,Arg,"CGG(-1,0,0,0)"
GCF_050433505.1,Glu,"GAG(-1,0,0,0)"
GCF_050433505.1,Gly,"GGG(-1,0,0,0)"
GCF_050433505.1,Leu,"CUG(-1,0,0,0);UUG(-1,0,0,0)"
GCF_050433505.1,Lys,"AAG(-1,0,0,0)"
GCF_050433505.1,Pro,"CCG(-1,0,0,0)"
GCF_050433505.1,Ser,"UCG(-1,0,0,0)"
GCF_050433505.1,Thr,"ACG(-1,0,0,0)"
GCF_050433505.1,Val,"GUG(-1,0,0,0)"
GCF_051414115.1,Arg,"CGG(-1,0,0,0)"
GCF_051414135.1,Arg,"CGG(-1,0,0,0)"
GCF_900095295.1,Ala,"GCG(-1,0,0,0)"
GCF_900095295.1,Arg,"CGG(-1,0,0,0)"
GCF_900095295.1,Pro,"CCG(-1,0,0,0)"
GCF_900100335.1,Ala,"GCA(-1,0,0,0);GCC(0,0,-1,0);GCG(0,-1,0,0);GCU(0,0,-1,0)"
GCF_900100335.1,Arg,"CGG(-1,0,0,0)"
GCF_900100385.1,Ala,"GCA(-1,0,0,0);GCC(0,0,-1,0);GCG(0,-1,0,0);GCU(0,0,-1,0)"
GCF_900100715.1,Ala,"GCA(-1,0,0,0);GCC(0,0,-1,0);GCG(0,-1,0,0);GCU(0,0,-1,0)"
GCF_900100715.1,Val,"GUG(-1,0,0,0)"
GCF_900100875.1,Ala,"GCA(-1,0,0,0);GCC(0,0,-1,0);GCG(0,-1,0,0);GCU(0,0,-1,0)"
GCF_900103415.1,Ala,"GCG(-1,0,0,0)"
GCF_900103415.1,Arg,"CGG(-1,0,0,0)"
GCF_900103415.1,Gln,"CAG(-1,0,0,0)"
GCF_900103415.1,Glu,"GAG(-1,0,0,0)"
GCF_900103415.1,Gly,"GGG(-1,0,0,0)"
GCF_900103415.1,Leu,"CUU(1,0,0,0)"
GCF_900103415.1,Pro,"CCC(-1,0,0,0);CCG(-1,0,0,0);CCU(0,-1,0,0)"
GCF_900103415.1,Ser,"UCG(-1,0,0,0)"
GCF_900103415.1,Val,"GUG(-1,0,0,0)"
GCF_900103715.1,Ala,"GCA(-1,0,0,0);GCC(0,0,-1,0);GCG(0,-1,0,0);GCU(0,0,-1,0)"
GCF_900104065.1,Ala,"GCA(-1,0,0,0);GCC(0,0,-1,0);GCG(0,-1,0,0);GCU(0,0,-1,0)"
GCF_900104065.1,Arg,"CGG(-1,0,0,0)"
GCF_900106715.1,Gln,"CAG(-1,0,0,0)"
GCF_900106715.1,His,"CAC(-1,0,0,0);CAU(0,-1,0,0)"
GCF_900106715.1,Ile,"AUA(1,0,0,0)"
GCF_900107665.1,Ala,"GCA(-1,0,0,0);GCC(0,0,-1,0);GCG(0,-1,0,0);GCU(0,0,-1,0)"
GCF_900108095.1,Arg,"CGG(-1,0,0,0)"
GCF_900108095.1,Gly,"GGG(-1,0,0,0)"
GCF_900108095.1,Pro,"CCG(-1,0,0,0)"
GCF_900108165.1,Ala,"GCA(-1,0,0,0);GCC(0,0,-1,0);GCG(0,-1,0,0);GCU(0,0,-1,0)"
GCF_900108505.1,Arg,"CGG(-1,0,0,0)"
GCF_900110215.1,His,"CAC(-1,0,0,0);CAU(0,-1,0,0)"
GCF_900110455.1,Ala,"GCA(-1,0,0,0);GCC(0,0,-1,0);GCG(0,-1,0,0);GCU(0,0,-1,0)"
GCF_900110465.1,Ala,"GCA(-1,0,0,0);GCC(0,0,-1,0);GCG(0,-1,0,0);GCU(0,0,-1,0)"
GCF_900110865.1,Ala,"GCA(-1,0,0,0);GCC(0,0,-1,0);GCG(0,-1,0,0);GCU(0,0,-1,0)"
GCF_900111935.1,Gln,"CAG(-1,0,0,0)"
GCF_900112175.1,Ala,"GCA(-1,0,0,0);GCC(0,0,-1,0);GCG(0,-1,0,0);GCU(0,0,-1,0)"
GCF_900112205.1,Ala,"GCA(-1,0,0,0);GCC(0,0,-1,0);GCG(0,-1,0,0);GCU(0,0,-1,0)"
GCF_900112205.1,Arg,"CGG(-1,0,0,0)"
GCF_900114435.1,Arg,"CGG(-1,0,0,0)"
GCF_900114455.1,Ala,"GCA(-1,0,0,0);GCC(0,0,-1,0);GCG(0,-1,0,0);GCU(0,0,-1,0)"
GCF_900114835.1,Ala,"GCG(-1,0,0,0)"
GCF_900114835.1,Pro,"CCG(-1,0,0,0)"
GCF_900114835.1,Val,"GUG(-1,0,0,0)"
GCF_900115675.1,Arg,"CGG(-1,0,0,0)"
GCF_900116205.1,Arg,"CGG(-1,0,0,0)"
GCF_900116205.1,Gly,"GGG(-1,0,0,0)"
GCF_900129775.1,Ala,"GCA(-1,0,0,0);GCC(0,0,-1,0);GCG(0,-1,0,0);GCU(0,0,-1,0)"
GCF_900142335.1,Ala,"GCA(-1,0,0,0);GCC(0,0,-1,0);GCG(0,-1,0,0);GCU(0,0,-1,0)"
GCF_900143675.1,Arg,"CGG(-1,0,0,0)"
GCF_900143675.1,Trp,"UGG(-1,0,0,0)"
GCF_900156425.1,Ala,"GCA(-1,0,0,0);GCC(0,0,-1,0);GCG(0,-1,0,0);GCU(0,0,-1,0)"
GCF_900156425.1,Arg,"CGG(-1,0,0,0)"
GCF_900156475.1,Arg,"CGG(-1,0,0,0)"
GCF_900167955.1,Arg,"CGG(-1,0,0,0)"
GCF_900167955.1,Trp,"UGG(-1,0,0,0)"
GCF_900177045.1,Arg,"CGG(-1,0,0,0)"
GCF_900177045.1,Trp,"UGG(-1,0,0,0)"
GCF_900248165.1,Arg,"CGG(-1,0,0,0)"
GCF_902827225.1,Ala,"GCG(-1,0,0,0)"
GCF_902827225.1,Arg,"AGG(-1,0,0,0);CGG(-1,0,0,0)"
GCF_902827225.1,Gln,"CAG(-1,0,0,0)"
GCF_902827225.1,Glu,"GAG(-1,0,0,0)"
GCF_902827225.1,Gly,"GGG(-1,0,0,0)"
GCF_902827225.1,Leu,"CUG(-1,0,0,0);UUG(-1,0,0,0)"
GCF_902827225.1,Lys,"AAG(-1,0,0,0)"
GCF_902827225.1,Pro,"CCG(-1,0,0,0)"
GCF_902827225.1,SeC,"UGA(1,0,0,0)"
GCF_902827225.1,Ser,"UCG(-1,0,0,0)"
GCF_902827225.1,Thr,"ACG(-1,0,0,0)"
GCF_912073625.1,Ala,"GCG(-1,0,0,0)"
GCF_912073625.1,Arg,"CGG(-1,0,0,0)"
GCF_912073625.1,Gln,"CAG(-1,0,0,0)"
GCF_912073625.1,Glu,"GAG(-1,0,0,0)"
GCF_912073625.1,Gly,"GGG(-1,0,0,0)"
GCF_912073625.1,Leu,"CUG(-1,0,0,0);UUG(-1,0,0,0)"
GCF_912073625.1,Lys,"AAG(-1,0,0,0)"
GCF_912073625.1,Pro,"CCC(-1,0,0,0);CCG(-1,0,0,0);CCU(0,-1,0,0)"
GCF_912073625.1,Ser,"UCG(-1,0,0,0)"
GCF_912073625.1,Thr,"ACG(-1,0,0,0)"
GCF_912073625.1,Val,"GUG(-1,0,0,0)"
GCF_920984865.1,Ala,"GCA(-1,0,0,0);GCC(-1,0,-1,0);GCG(-1,-1,0,0);GCU(0,-1,-1,0)"
GCF_920984865.1,Arg,"AGG(-1,0,0,0)"
GCF_920984865.1,Asp,"GAC(-1,0,0,0);GAU(0,-1,0,0)"
GCF_920984865.1,Gln,"CAG(-1,0,0,0)"
GCF_920984865.1,Gly,"GGA(-1,0,0,0);GGC(-1,0,-1,0);GGG(-1,-1,0,0);GGU(0,-1,-1,0)"
GCF_920984865.1,His,"CAC(-1,0,0,0);CAU(0,-1,0,0)"
GCF_920984865.1,Ile,"AUA(1,0,0,-1);AUG(-1,0,0,0)"
GCF_920984865.1,Pro,"CCG(-1,0,0,0)"
GCF_920984865.1,Ser,"AGC(-1,0,0,0);AGU(0,-1,0,0);UCG(-1,0,0,0)"
GCF_920984865.1,Thr,"ACC(-1,0,0,0);ACG(-1,0,0,0);ACU(0,-1,0,0)"
GCF_920984865.1,Tyr,"UAC(-1,0,0,0);UAU(0,-1,0,0)"
GCF_920984865.1,Val,"GUA(-1,0,0,0);GUC(0,0,-1,0);GUG(-1,-1,0,0);GUU(0,0,-1,0)"
GCF_946463545.1,Ala,"GCG(-1,0,0,0)"
GCF_946463545.1,Arg,"AGG(-1,0,0,0);CGG(-1,0,0,0)"
GCF_946463545.1,Gln,"CAG(-1,0,0,0)"
GCF_946463545.1,Glu,"GAG(-1,0,0,0)"
GCF_946463545.1,Gly,"GGG(-1,0,0,0)"
GCF_946463545.1,Leu,"CUG(-1,0,0,0);UUG(-1,0,0,0)"
GCF_946463545.1,Lys,"AAG(-1,0,0,0)"
GCF_946463545.1,Pro,"CCG(-1,0,0,0)"
GCF_946463545.1,SeC,"UGA(1,0,0,0)"
GCF_946463545.1,Ser,"UCG(-1,0,0,0)"
GCF_946463545.1,Thr,"ACG(-1,0,0,0)"
GCF_946463545.1,Val,"GUG(-1,0,0,0)"
