tRNA_type,anticodon,organism_id
Ala,CGC,GCF_000007185.1
Ala,CGC,GCF_000012545.1
Ala,CGC,GCF_000016525.1
Ala,CGC,GCF_000017165.1
Ala,CGC,GCF_000017185.1
Ala,CGC,GCF_000023985.1
Ala,CGC,GCF_000024185.1
Ala,CGC,GCF_000024625.1
Ala,CGC,GCF_000091665.1
Ala,CGC,GCF_000092305.1
Ala,CGC,GCF_000145295.1
Ala,CGC,GCF_000179575.2
Ala,CGC,GCF_000191585.1
Ala,CGC,GCF_000214415.1
Ala,CGC,GCF_000214725.1
Ala,CGC,GCF_000371805.1
Ala,CGC,GCF_000504205.1
Ala,CGC,GCF_000621965.1
Ala,CGC,GCF_000739065.1
Ala,CGC,GCF_000745485.1
Ala,CGC,GCF_000746075.1
Ala,CGC,GCF_001563245.1
Ala,CGC,GCF_001639265.1
Ala,CGC,GCF_001639285.1
Ala,CGC,GCF_001639295.1
Ala,CGC,GCF_002072215.1
Ala,CGC,GCF_002252585.1
Ala,CGC,GCF_002287175.1
Ala,CGC,GCF_002287195.1
Ala,CGC,GCF_002813695.1
Ala,CGC,GCF_002945325.1
Ala,CGC,GCF_003086415.1
Ala,CGC,GCF_003111605.1
Ala,CGC,GCF_003111625.1
Ala,CGC,GCF_003385755.1
Ala,CGC,GCF_003814835.1
Ala,CGC,GCF_004310395.1
Ala,CGC,GCF_004363215.1
Ala,CGC,GCF_009617975.1
Ala,CGC,GCF_014647475.1
Ala,CGC,GCF_017874455.1
Ala,CGC,GCF_018141185.1
Ala,CGC,GCF_019931065.1
Ala,CGC,GCF_023167465.1
Ala,CGC,GCF_023227715.1
Ala,CGC,GCF_024807035.1
Ala,CGC,GCF_025397995.1
Ala,CGC,GCF_027554905.1
Ala,CGC,GCF_028890305.1
Ala,CGC,GCF_029007355.1
Ala,CGC,GCF_029232205.1
Ala,CGC,GCF_030553305.1
Ala,CGC,GCF_032714475.1
Ala,CGC,GCF_042662125.1
Ala,CGC,GCF_046197875.1
Ala,CGC,GCF_047915675.1
Ala,CGC,GCF_049554935.1
Ala,CGC,GCF_050433505.1
Ala,CGC,GCF_900095295.1
Ala,CGC,GCF_900103415.1
Ala,CGC,GCF_900114835.1
Ala,CGC,GCF_902827225.1
Ala,CGC,GCF_912073625.1
Ala,CGC,GCF_920984865.1
Ala,CGC,GCF_946463545.1
Ala,GGC,GCF_000621965.1
Ala,GGC,GCF_001462205.1
Ala,GGC,GCF_001563245.1
Ala,GGC,GCF_003086415.1
Ala,GGC,GCF_028912405.1
Ala,GGC,GCF_029007355.1
Ala,GGC,GCF_920984865.1
Ala,TGC,GCF_000018305.1
Ala,TGC,GCF_000337675.1
Ala,TGC,GCF_000337895.1
Ala,TGC,GCF_000430905.1
Ala,TGC,GCF_000621965.1
Ala,TGC,GCF_000710615.1
Ala,TGC,GCF_000745485.1
Ala,TGC,GCF_000746075.1
Ala,TGC,GCF_001484195.1
Ala,TGC,GCF_001639265.1
Ala,TGC,GCF_002243045.1
Ala,TGC,GCF_002287195.1
Ala,TGC,GCF_002844195.1
Ala,TGC,GCF_003111605.1
Ala,TGC,GCF_003610195.1
Ala,TGC,GCF_003814835.1
Ala,TGC,GCF_004681185.1
Ala,TGC,GCF_006861655.1
Ala,TGC,GCF_007004735.1
Ala,TGC,GCF_010119195.1
Ala,TGC,GCF_014647475.1
Ala,TGC,GCF_017873815.1
Ala,TGC,GCF_017874455.1
Ala,TGC,GCF_017874695.1
Ala,TGC,GCF_019599505.1
Ala,TGC,GCF_019599515.1
Ala,TGC,GCF_023684405.1
Ala,TGC,GCF_024494565.1
Ala,TGC,GCF_024494575.1
Ala,TGC,GCF_024495425.1
Ala,TGC,GCF_024807035.1
Ala,TGC,GCF_024808815.1
Ala,TGC,GCF_026586665.1
Ala,TGC,GCF_026616195.1
Ala,TGC,GCF_029007355.1
Ala,TGC,GCF_031454185.1
Ala,TGC,GCF_031461075.1
Ala,TGC,GCF_035656455.1
Ala,TGC,GCF_037081675.1
Ala,TGC,GCF_042661865.1
Ala,TGC,GCF_042662625.1
Ala,TGC,GCF_900100335.1
Ala,TGC,GCF_900100385.1
Ala,TGC,GCF_900100715.1
Ala,TGC,GCF_900100875.1
Ala,TGC,GCF_900103715.1
Ala,TGC,GCF_900104065.1
Ala,TGC,GCF_900107665.1
Ala,TGC,GCF_900108165.1
Ala,TGC,GCF_900110455.1
Ala,TGC,GCF_900110465.1
Ala,TGC,GCF_900110865.1
Ala,TGC,GCF_900112175.1
Ala,TGC,GCF_900112205.1
Ala,TGC,GCF_900114455.1
Ala,TGC,GCF_900129775.1
Ala,TGC,GCF_900142335.1
Ala,TGC,GCF_900156425.1
Ala,TGC,GCF_920984865.1
Arg,CCG,GCF_000007185.1
Arg,CCG,GCF_000009185.1
Arg,CCG,GCF_000012545.1
Arg,CCG,GCF_000016525.1
Arg,CCG,GCF_000017165.1
Arg,CCG,GCF_000017185.1
Arg,CCG,GCF_000018465.1
Arg,CCG,GCF_000023965.1
Arg,CCG,GCF_000023985.1
Arg,CCG,GCF_000024185.1
Arg,CCG,GCF_000024625.1
Arg,CCG,GCF_000025325.1
Arg,CCG,GCF_000026045.1
Arg,CCG,GCF_000091665.1
Arg,CCG,GCF_000092305.1
Arg,CCG,GCF_000145295.1
Arg,CCG,GCF_000179575.2
Arg,CCG,GCF_000191585.1
Arg,CCG,GCF_000214415.1
Arg,CCG,GCF_000214725.1
Arg,CCG,GCF_000217715.1
Arg,CCG,GCF_000220175.1
Arg,CCG,GCF_000226975.2
Arg,CCG,GCF_000230715.2
Arg,CCG,GCF_000230735.2
Arg,CCG,GCF_000241145.1
Arg,CCG,GCF_000242875.2
Arg,CCG,GCF_000299365.1
Arg,CCG,GCF_000299395.1
Arg,CCG,GCF_000328525.1
Arg,CCG,GCF_000337175.1
Arg,CCG,GCF_000337195.1
Arg,CCG,GCF_000337495.1
Arg,CCG,GCF_000337515.1
Arg,CCG,GCF_000337735.1
Arg,CCG,GCF_000337895.1
Arg,CCG,GCF_000371805.1
Arg,CCG,GCF_000383975.1
Arg,CCG,GCF_000455345.1
Arg,CCG,GCF_000517625.1
Arg,CCG,GCF_000591055.1
Arg,CCG,GCF_000621965.1
Arg,CCG,GCF_000685395.1
Arg,CCG,GCF_000710615.1
Arg,CCG,GCF_000723185.1
Arg,CCG,GCF_000731985.1
Arg,CCG,GCF_000739065.1
Arg,CCG,GCF_000739555.1
Arg,CCG,GCF_000745485.1
Arg,CCG,GCF_000746075.1
Arg,CCG,GCF_000812185.1
Arg,CCG,GCF_000875775.1
Arg,CCG,GCF_000955905.1
Arg,CCG,GCF_000956175.1
Arg,CCG,GCF_001282785.1
Arg,CCG,GCF_001458655.1
Arg,CCG,GCF_001563245.1
Arg,CCG,GCF_001639265.1
Arg,CCG,GCF_001639285.1
Arg,CCG,GCF_001639295.1
Arg,CCG,GCF_001953745.1
Arg,CCG,GCF_001971705.1
Arg,CCG,GCF_002072215.1
Arg,CCG,GCF_002153915.1
Arg,CCG,GCF_002156705.1
Arg,CCG,GCF_002156965.1
Arg,CCG,GCF_002177135.1
Arg,CCG,GCF_002252585.1
Arg,CCG,GCF_002287175.1
Arg,CCG,GCF_002287195.1
Arg,CCG,GCF_002494345.1
Arg,CCG,GCF_002787055.1
Arg,CCG,GCF_002788215.1
Arg,CCG,GCF_002813695.1
Arg,CCG,GCF_002906215.1
Arg,CCG,GCF_002945325.1
Arg,CCG,GCF_003086415.1
Arg,CCG,GCF_003111605.1
Arg,CCG,GCF_003111625.1
Arg,CCG,GCF_003385755.1
Arg,CCG,GCF_003430825.1
Arg,CCG,GCF_003605575.1
Arg,CCG,GCF_003605635.1
Arg,CCG,GCF_003610195.1
Arg,CCG,GCF_003730195.1
Arg,CCG,GCF_003814835.1
Arg,CCG,GCF_003841465.1
Arg,CCG,GCF_003841485.1
Arg,CCG,GCF_003841505.1
Arg,CCG,GCF_004015825.1
Arg,CCG,GCF_004310395.1
Arg,CCG,GCF_004799645.1
Arg,CCG,GCF_004799665.1
Arg,CCG,GCF_005239135.1
Arg,CCG,GCF_005239425.1
Arg,CCG,GCF_005890195.1
Arg,CCG,GCF_006543045.1
Arg,CCG,GCF_006861655.1
Arg,CCG,GCF_006861665.1
Arg,CCG,GCF_007421925.1
Arg,CCG,GCF_008000775.2
Arg,CCG,GCF_008245225.1
Arg,CCG,GCF_009184545.1
Arg,CCG,GCF_009392895.1
Arg,CCG,GCF_009617975.1
Arg,CCG,GCF_009663395.1
Arg,CCG,GCF_009831575.1
Arg,CCG,GCF_009834785.1
Arg,CCG,GCF_013342135.1
Arg,CCG,GCF_013402815.2
Arg,CCG,GCF_013407145.1
Arg,CCG,GCF_013407165.1
Arg,CCG,GCF_013407185.1
Arg,CCG,GCF_013456555.2
Arg,CCG,GCF_016906025.1
Arg,CCG,GCF_017094485.1
Arg,CCG,GCF_017352095.1
Arg,CCG,GCF_017352155.2
Arg,CCG,GCF_017873625.1
Arg,CCG,GCF_017874235.1
Arg,CCG,GCF_017874455.1
Arg,CCG,GCF_018141185.1
Arg,CCG,GCF_019599405.1
Arg,CCG,GCF_019931065.1
Arg,CCG,GCF_020405205.1
Arg,CCG,GCF_020515625.1
Arg,CCG,GCF_020700235.1
Arg,CCG,GCF_023093535.1
Arg,CCG,GCF_023167465.1
Arg,CCG,GCF_023169545.1
Arg,CCG,GCF_023204835.1
Arg,CCG,GCF_023227715.1
Arg,CCG,GCF_023638035.1
Arg,CCG,GCF_023638055.1
Arg,CCG,GCF_024178165.1
Arg,CCG,GCF_024266705.1
Arg,CCG,GCF_024296685.1
Arg,CCG,GCF_024298845.1
Arg,CCG,GCF_024300625.1
Arg,CCG,GCF_024494645.1
Arg,CCG,GCF_024498195.1
Arg,CCG,GCF_024807035.1
Arg,CCG,GCF_024808815.1
Arg,CCG,GCF_025397995.1
Arg,CCG,GCF_025457605.1
Arg,CCG,GCF_025517485.1
Arg,CCG,GCF_025517525.1
Arg,CCG,GCF_025629245.1
Arg,CCG,GCF_025998175.1
Arg,CCG,GCF_026248685.1
Arg,CCG,GCF_026616205.1
Arg,CCG,GCF_027554905.1
Arg,CCG,GCF_028618695.1
Arg,CCG,GCF_028890305.1
Arg,CCG,GCF_029007355.1
Arg,CCG,GCF_029207735.1
Arg,CCG,GCF_029232205.1
Arg,CCG,GCF_029502005.1
Arg,CCG,GCF_030296715.1
Arg,CCG,GCF_030323845.1
Arg,CCG,GCF_031165565.1
Arg,CCG,GCF_031852275.1
Arg,CCG,GCF_037914945.1
Arg,CCG,GCF_041205745.1
Arg,CCG,GCF_041410205.1
Arg,CCG,GCF_042678005.1
Arg,CCG,GCF_046197875.1
Arg,CCG,GCF_047915675.1
Arg,CCG,GCF_049554935.1
Arg,CCG,GCF_050433505.1
Arg,CCG,GCF_051414115.1
Arg,CCG,GCF_051414135.1
Arg,CCG,GCF_900095295.1
Arg,CCG,GCF_900100335.1
Arg,CCG,GCF_900103415.1
Arg,CCG,GCF_900104065.1
Arg,CCG,GCF_900108095.1
Arg,CCG,GCF_900108505.1
Arg,CCG,GCF_900112205.1
Arg,CCG,GCF_900114435.1
Arg,CCG,GCF_900115675.1
Arg,CCG,GCF_900116205.1
Arg,CCG,GCF_900143675.1
Arg,CCG,GCF_900156425.1
Arg,CCG,GCF_900156475.1
Arg,CCG,GCF_900167955.1
Arg,CCG,GCF_900177045.1
Arg,CCG,GCF_900248165.1
Arg,CCG,GCF_902827225.1
Arg,CCG,GCF_912073625.1
Arg,CCG,GCF_946463545.1
Arg,CCT,GCF_000007185.1
Arg,CCT,GCF_000017165.1
Arg,CCT,GCF_000017185.1
Arg,CCT,GCF_000023985.1
Arg,CCT,GCF_000024625.1
Arg,CCT,GCF_000091665.1
Arg,CCT,GCF_000092305.1
Arg,CCT,GCF_000179575.2
Arg,CCT,GCF_000214415.1
Arg,CCT,GCF_000371805.1
Arg,CCT,GCF_000739065.1
Arg,CCT,GCF_002153915.1
Arg,CCT,GCF_002945325.1
Arg,CCT,GCF_004310395.1
Arg,CCT,GCF_009617975.1
Arg,CCT,GCF_024807035.1
Arg,CCT,GCF_029207735.1
Arg,CCT,GCF_029232205.1
Arg,CCT,GCF_046197875.1
Arg,CCT,GCF_047915675.1
Arg,CCT,GCF_049554935.1
Arg,CCT,GCF_902827225.1
Arg,CCT,GCF_920984865.1
Arg,CCT,GCF_946463545.1
Arg,GCG,GCF_000739575.1
Arg,GCG,GCF_001315945.1
Arg,TCG,GCF_000242875.2
Arg,TCG,GCF_039522565.1
Arg,TCT,GCF_000303155.1
Arg,TCT,GCF_000698785.1
Arg,TCT,GCF_000730285.1
Arg,TCT,GCF_003086415.1
Arg,TCT,GCF_042662625.1
Asn,GTT,GCF_000739575.1
Asn,GTT,GCF_001484195.1
Asn,GTT,GCF_003086415.1
Asp,GTC,GCF_000711215.1
Asp,GTC,GCF_003086415.1
Asp,GTC,GCF_920984865.1
Cys,GCA,GCF_000018465.1
Cys,GCA,GCF_000152265.2
Cys,GCA,GCF_000220175.1
Cys,GCA,GCF_000241145.1
Cys,GCA,GCF_000299365.1
Cys,GCA,GCF_000337195.1
Cys,GCA,GCF_000337895.1
Cys,GCA,GCF_000875775.1
Cys,GCA,GCF_001462395.1
Cys,GCA,GCF_002078355.1
Cys,GCA,GCF_002214165.1
Cys,GCA,GCF_017874375.1
Cys,GCA,GCF_025998175.1
Cys,GCA,GCF_028912405.1
Cys,GCA,GCF_029207735.1
Cys,GCA,GCF_032714495.1
Cys,GCA,GCF_041410205.1
Gln,CTG,GCF_000007185.1
Gln,CTG,GCF_000012545.1
Gln,CTG,GCF_000016525.1
Gln,CTG,GCF_000017165.1
Gln,CTG,GCF_000017185.1
Gln,CTG,GCF_000023985.1
Gln,CTG,GCF_000024185.1
Gln,CTG,GCF_000024625.1
Gln,CTG,GCF_000091665.1
Gln,CTG,GCF_000092305.1
Gln,CTG,GCF_000179575.2
Gln,CTG,GCF_000191585.1
Gln,CTG,GCF_000214415.1
Gln,CTG,GCF_000223905.1
Gln,CTG,GCF_000258425.1
Gln,CTG,GCF_000336615.1
Gln,CTG,GCF_000336875.1
Gln,CTG,GCF_000337035.1
Gln,CTG,GCF_000337395.1
Gln,CTG,GCF_000337475.1
Gln,CTG,GCF_000337535.1
Gln,CTG,GCF_000337675.1
Gln,CTG,GCF_000337735.1
Gln,CTG,GCF_000371805.1
Gln,CTG,GCF_000621965.1
Gln,CTG,GCF_000739065.1
Gln,CTG,GCF_000739595.1
Gln,CTG,GCF_001280425.1
Gln,CTG,GCF_001280455.1
Gln,CTG,GCF_001481685.1
Gln,CTG,GCF_001563245.1
Gln,CTG,GCF_001639265.1
Gln,CTG,GCF_001639285.1
Gln,CTG,GCF_001639295.1
Gln,CTG,GCF_002072215.1
Gln,CTG,GCF_002153915.1
Gln,CTG,GCF_002252585.1
Gln,CTG,GCF_002252985.1
Gln,CTG,GCF_002287195.1
Gln,CTG,GCF_002945325.1
Gln,CTG,GCF_003086415.1
Gln,CTG,GCF_003111605.1
Gln,CTG,GCF_003814835.1
Gln,CTG,GCF_004114995.1
Gln,CTG,GCF_004217335.1
Gln,CTG,GCF_004310395.1
Gln,CTG,GCF_005406125.1
Gln,CTG,GCF_007671685.1
Gln,CTG,GCF_007671725.1
Gln,CTG,GCF_009392895.1
Gln,CTG,GCF_009762275.1
Gln,CTG,GCF_009834785.1
Gln,CTG,GCF_010119195.1
Gln,CTG,GCF_013267195.1
Gln,CTG,GCF_014647415.1
Gln,CTG,GCF_018141185.1
Gln,CTG,GCF_018228765.1
Gln,CTG,GCF_019599465.1
Gln,CTG,GCF_019599515.1
Gln,CTG,GCF_020177375.1
Gln,CTG,GCF_021249405.1
Gln,CTG,GCF_023227715.1
Gln,CTG,GCF_023698535.1
Gln,CTG,GCF_024227715.1
Gln,CTG,GCF_024498175.1
Gln,CTG,GCF_024807035.1
Gln,CTG,GCF_025517485.1
Gln,CTG,GCF_026586675.1
Gln,CTG,GCF_028890305.1
Gln,CTG,GCF_029007355.1
Gln,CTG,GCF_029232205.1
Gln,CTG,GCF_029338315.1
Gln,CTG,GCF_029338335.1
Gln,CTG,GCF_030127165.1
Gln,CTG,GCF_039545195.1
Gln,CTG,GCF_041379815.1
Gln,CTG,GCF_046197875.1
Gln,CTG,GCF_047915675.1
Gln,CTG,GCF_049554935.1
Gln,CTG,GCF_900103415.1
Gln,CTG,GCF_900106715.1
Gln,CTG,GCF_900111935.1
Gln,CTG,GCF_902827225.1
Gln,CTG,GCF_912073625.1
Gln,CTG,GCF_920984865.1
Gln,CTG,GCF_946463545.1
Gln,TTG,GCF_000258425.1
Gln,TTG,GCF_000956175.1
Gln,TTG,GCF_036323395.1
Gln,TTG,GCF_037031205.1
Glu,CTC,GCF_000007185.1
Glu,CTC,GCF_000012545.1
Glu,CTC,GCF_000016525.1
Glu,CTC,GCF_000017165.1
Glu,CTC,GCF_000017185.1
Glu,CTC,GCF_000023985.1
Glu,CTC,GCF_000024185.1
Glu,CTC,GCF_000024625.1
Glu,CTC,GCF_000091665.1
Glu,CTC,GCF_000092305.1
Glu,CTC,GCF_000145295.1
Glu,CTC,GCF_000179575.2
Glu,CTC,GCF_000214415.1
Glu,CTC,GCF_000371805.1
Glu,CTC,GCF_000739065.1
Glu,CTC,GCF_000745485.1
Glu,CTC,GCF_000746075.1
Glu,CTC,GCF_001458655.1
Glu,CTC,GCF_001563245.1
Glu,CTC,GCF_001639265.1
Glu,CTC,GCF_001639285.1
Glu,CTC,GCF_001639295.1
Glu,CTC,GCF_002072215.1
Glu,CTC,GCF_002252585.1
Glu,CTC,GCF_002287175.1
Glu,CTC,GCF_002287195.1
Glu,CTC,GCF_002813695.1
Glu,CTC,GCF_002945325.1
Glu,CTC,GCF_003111605.1
Glu,CTC,GCF_003111625.1
Glu,CTC,GCF_003385755.1
Glu,CTC,GCF_003814835.1
Glu,CTC,GCF_004310395.1
Glu,CTC,GCF_009617975.1
Glu,CTC,GCF_017873625.1
Glu,CTC,GCF_018141185.1
Glu,CTC,GCF_023227715.1
Glu,CTC,GCF_024807035.1
Glu,CTC,GCF_025397995.1
Glu,CTC,GCF_027554905.1
Glu,CTC,GCF_030296715.1
Glu,CTC,GCF_030323845.1
Glu,CTC,GCF_046197875.1
Glu,CTC,GCF_047915675.1
Glu,CTC,GCF_049554935.1
Glu,CTC,GCF_050433505.1
Glu,CTC,GCF_900103415.1
Glu,CTC,GCF_902827225.1
Glu,CTC,GCF_912073625.1
Glu,CTC,GCF_946463545.1
Glu,TTC,GCF_003086415.1
Glu,TTC,GCF_028912405.1
Gly,CCC,GCF_000007185.1
Gly,CCC,GCF_000012545.1
Gly,CCC,GCF_000016525.1
Gly,CCC,GCF_000017165.1
Gly,CCC,GCF_000017185.1
Gly,CCC,GCF_000018305.1
Gly,CCC,GCF_000023985.1
Gly,CCC,GCF_000024185.1
Gly,CCC,GCF_000024625.1
Gly,CCC,GCF_000025625.1
Gly,CCC,GCF_000091665.1
Gly,CCC,GCF_000092305.1
Gly,CCC,GCF_000145295.1
Gly,CCC,GCF_000179575.2
Gly,CCC,GCF_000191585.1
Gly,CCC,GCF_000214415.1
Gly,CCC,GCF_000214725.1
Gly,CCC,GCF_000217995.1
Gly,CCC,GCF_000241145.1
Gly,CCC,GCF_000337135.1
Gly,CCC,GCF_000337575.1
Gly,CCC,GCF_000337735.1
Gly,CCC,GCF_000371805.1
Gly,CCC,GCF_000504205.1
Gly,CCC,GCF_000517625.1
Gly,CCC,GCF_000621965.1
Gly,CCC,GCF_000739065.1
Gly,CCC,GCF_000745485.1
Gly,CCC,GCF_000746075.1
Gly,CCC,GCF_000812185.1
Gly,CCC,GCF_000956175.1
Gly,CCC,GCF_001563245.1
Gly,CCC,GCF_001639265.1
Gly,CCC,GCF_001639285.1
Gly,CCC,GCF_001639295.1
Gly,CCC,GCF_001971705.1
Gly,CCC,GCF_002072215.1
Gly,CCC,GCF_002153915.1
Gly,CCC,GCF_002252585.1
Gly,CCC,GCF_002287175.1
Gly,CCC,GCF_002287195.1
Gly,CCC,GCF_002813695.1
Gly,CCC,GCF_002945325.1
Gly,CCC,GCF_003086415.1
Gly,CCC,GCF_003111605.1
Gly,CCC,GCF_003111625.1
Gly,CCC,GCF_003385755.1
Gly,CCC,GCF_003814835.1
Gly,CCC,GCF_003841465.1
Gly,CCC,GCF_003841485.1
Gly,CCC,GCF_003841505.1
Gly,CCC,GCF_004310395.1
Gly,CCC,GCF_004363215.1
Gly,CCC,GCF_004799645.1
Gly,CCC,GCF_006543045.1
Gly,CCC,GCF_008245225.1
Gly,CCC,GCF_009617975.1
Gly,CCC,GCF_017873415.1
Gly,CCC,GCF_017873625.1
Gly,CCC,GCF_017874455.1
Gly,CCC,GCF_018141185.1
Gly,CCC,GCF_019931065.1
Gly,CCC,GCF_023169545.1
Gly,CCC,GCF_023227715.1
Gly,CCC,GCF_023638035.1
Gly,CCC,GCF_024300625.1
Gly,CCC,GCF_024807035.1
Gly,CCC,GCF_024808815.1
Gly,CCC,GCF_025397995.1
Gly,CCC,GCF_027554905.1
Gly,CCC,GCF_028890305.1
Gly,CCC,GCF_028912405.1
Gly,CCC,GCF_029007355.1
Gly,CCC,GCF_029207735.1
Gly,CCC,GCF_029232205.1
Gly,CCC,GCF_030296715.1
Gly,CCC,GCF_030323845.1
Gly,CCC,GCF_031312535.1
Gly,CCC,GCF_032594095.1
Gly,CCC,GCF_032594115.1
Gly,CCC,GCF_032594355.1
Gly,CCC,GCF_032594435.1
Gly,CCC,GCF_032714475.1
Gly,CCC,GCF_032714515.1
Gly,CCC,GCF_046197875.1
Gly,CCC,GCF_047915675.1
Gly,CCC,GCF_049554935.1
Gly,CCC,GCF_050433505.1
Gly,CCC,GCF_900103415.1
Gly,CCC,GCF_900108095.1
Gly,CCC,GCF_900116205.1
Gly,CCC,GCF_902827225.1
Gly,CCC,GCF_912073625.1
Gly,CCC,GCF_920984865.1
Gly,CCC,GCF_946463545.1
Gly,GCC,GCF_000251105.1
Gly,GCC,GCF_920984865.1
Gly,TCC,GCF_003086415.1
Gly,TCC,GCF_920984865.1
His,GTG,GCF_000336695.1
His,GTG,GCF_000337515.1
His,GTG,GCF_003058365.1
His,GTG,GCF_003382685.1
His,GTG,GCF_004118325.1
His,GTG,GCF_004681185.1
His,GTG,GCF_005239135.1
His,GTG,GCF_005406125.1
His,GTG,GCF_005543295.1
His,GTG,GCF_007004735.1
His,GTG,GCF_007421925.1
His,GTG,GCF_010119195.1
His,GTG,GCF_010119205.1
His,GTG,GCF_013391085.1
His,GTG,GCF_017357105.1
His,GTG,GCF_019599505.1
His,GTG,GCF_019599515.1
His,GTG,GCF_022870485.1
His,GTG,GCF_023638035.1
His,GTG,GCF_023698535.1
His,GTG,GCF_024138145.1
His,GTG,GCF_024298865.1
His,GTG,GCF_024298885.1
His,GTG,GCF_024300625.1
His,GTG,GCF_025457605.1
His,GTG,GCF_029338235.1
His,GTG,GCF_029338275.1
His,GTG,GCF_029338515.1
His,GTG,GCF_031624315.1
His,GTG,GCF_035656455.1
His,GTG,GCF_035666295.1
His,GTG,GCF_037031205.1
His,GTG,GCF_037031225.1
His,GTG,GCF_037078405.1
His,GTG,GCF_039545195.1
His,GTG,GCF_900106715.1
His,GTG,GCF_900110215.1
His,GTG,GCF_920984865.1
Ile,GAT,GCF_001484195.1
Ile2,CAT,GCF_000019605.1
Ile2,CAT,GCF_000739575.1
Ile2,CAT,GCF_002214165.1
Ile2,CAT,GCF_003086415.1
Ile2,CAT,GCF_008000775.2
Ile2,CAT,GCF_009617975.1
Ile2,CAT,GCF_014646535.1
Ile2,CAT,GCF_023169545.1
Ile2,CAT,GCF_029207735.1
Ile2,CAT,GCF_029232205.1
Ile2,CAT,GCF_038024865.1
Ile2,CAT,GCF_041410205.1
Ile2,CAT,GCF_920984865.1
Leu,CAA,GCF_000007185.1
Leu,CAA,GCF_000012545.1
Leu,CAA,GCF_000016525.1
Leu,CAA,GCF_000017165.1
Leu,CAA,GCF_000017185.1
Leu,CAA,GCF_000023985.1
Leu,CAA,GCF_000024625.1
Leu,CAA,GCF_000091665.1
Leu,CAA,GCF_000092305.1
Leu,CAA,GCF_000145295.1
Leu,CAA,GCF_000179575.2
Leu,CAA,GCF_000214415.1
Leu,CAA,GCF_000327485.1
Leu,CAA,GCF_000371805.1
Leu,CAA,GCF_000621965.1
Leu,CAA,GCF_000739065.1
Leu,CAA,GCF_000745485.1
Leu,CAA,GCF_000746075.1
Leu,CAA,GCF_001402935.1
Leu,CAA,GCF_001563245.1
Leu,CAA,GCF_001639265.1
Leu,CAA,GCF_001639285.1
Leu,CAA,GCF_001639295.1
Leu,CAA,GCF_002072215.1
Leu,CAA,GCF_002252585.1
Leu,CAA,GCF_002287175.1
Leu,CAA,GCF_002287195.1
Leu,CAA,GCF_002945325.1
Leu,CAA,GCF_003111605.1
Leu,CAA,GCF_003111625.1
Leu,CAA,GCF_003385755.1
Leu,CAA,GCF_003814835.1
Leu,CAA,GCF_004310395.1
Leu,CAA,GCF_018141185.1
Leu,CAA,GCF_023167465.1
Leu,CAA,GCF_023227715.1
Leu,CAA,GCF_024807035.1
Leu,CAA,GCF_025397995.1
Leu,CAA,GCF_027554905.1
Leu,CAA,GCF_028890305.1
Leu,CAA,GCF_029007355.1
Leu,CAA,GCF_029167045.1
Leu,CAA,GCF_046197875.1
Leu,CAA,GCF_047915675.1
Leu,CAA,GCF_049554935.1
Leu,CAA,GCF_050433505.1
Leu,CAA,GCF_902827225.1
Leu,CAA,GCF_912073625.1
Leu,CAA,GCF_946463545.1
Leu,CAG,GCF_000007185.1
Leu,CAG,GCF_000012545.1
Leu,CAG,GCF_000016525.1
Leu,CAG,GCF_000017165.1
Leu,CAG,GCF_000017185.1
Leu,CAG,GCF_000023985.1
Leu,CAG,GCF_000024185.1
Leu,CAG,GCF_000024625.1
Leu,CAG,GCF_000091665.1
Leu,CAG,GCF_000092305.1
Leu,CAG,GCF_000145295.1
Leu,CAG,GCF_000179575.2
Leu,CAG,GCF_000191585.1
Leu,CAG,GCF_000214415.1
Leu,CAG,GCF_000371805.1
Leu,CAG,GCF_000621965.1
Leu,CAG,GCF_000739065.1
Leu,CAG,GCF_000956175.1
Leu,CAG,GCF_001563245.1
Leu,CAG,GCF_001639265.1
Leu,CAG,GCF_001639285.1
Leu,CAG,GCF_001639295.1
Leu,CAG,GCF_002072215.1
Leu,CAG,GCF_002153915.1
Leu,CAG,GCF_002252585.1
Leu,CAG,GCF_002287195.1
Leu,CAG,GCF_002945325.1
Leu,CAG,GCF_003111605.1
Leu,CAG,GCF_003111625.1
Leu,CAG,GCF_003385755.1
Leu,CAG,GCF_003814835.1
Leu,CAG,GCF_004310395.1
Leu,CAG,GCF_009617975.1
Leu,CAG,GCF_018141185.1
Leu,CAG,GCF_023167465.1
Leu,CAG,GCF_023227715.1
Leu,CAG,GCF_024807035.1
Leu,CAG,GCF_024808815.1
Leu,CAG,GCF_025397995.1
Leu,CAG,GCF_027554905.1
Leu,CAG,GCF_028890305.1
Leu,CAG,GCF_028912405.1
Leu,CAG,GCF_029007355.1
Leu,CAG,GCF_029167045.1
Leu,CAG,GCF_029207735.1
Leu,CAG,GCF_029232205.1
Leu,CAG,GCF_046197875.1
Leu,CAG,GCF_047915675.1
Leu,CAG,GCF_049554935.1
Leu,CAG,GCF_050433505.1
Leu,CAG,GCF_902827225.1
Leu,CAG,GCF_912073625.1
Leu,CAG,GCF_946463545.1
Leu,GAG,GCF_000152265.2
Leu,GAG,GCF_001402935.1
Leu,GAG,GCF_001402945.1
Leu,GAG,GCF_002078355.1
Leu,GAG,GCF_002214165.1
Leu,GAG,GCF_002252985.1
Leu,TAA,GCF_001469865.1
Leu,TAA,GCF_041410205.1
Leu,TAG,GCF_028912405.1
Lys,CTT,GCF_000007185.1
Lys,CTT,GCF_000012545.1
Lys,CTT,GCF_000016525.1
Lys,CTT,GCF_000017165.1
Lys,CTT,GCF_000017185.1
Lys,CTT,GCF_000023985.1
Lys,CTT,GCF_000024625.1
Lys,CTT,GCF_000091665.1
Lys,CTT,GCF_000092305.1
Lys,CTT,GCF_000145295.1
Lys,CTT,GCF_000179575.2
Lys,CTT,GCF_000190315.1
Lys,CTT,GCF_000214415.1
Lys,CTT,GCF_000258425.1
Lys,CTT,GCF_000371805.1
Lys,CTT,GCF_000621965.1
Lys,CTT,GCF_000739065.1
Lys,CTT,GCF_000745485.1
Lys,CTT,GCF_000746075.1
Lys,CTT,GCF_001563245.1
Lys,CTT,GCF_001639265.1
Lys,CTT,GCF_001639285.1
Lys,CTT,GCF_001639295.1
Lys,CTT,GCF_002072215.1
Lys,CTT,GCF_002252585.1
Lys,CTT,GCF_002287175.1
Lys,CTT,GCF_002287195.1
Lys,CTT,GCF_002813695.1
Lys,CTT,GCF_002945325.1
Lys,CTT,GCF_003111605.1
Lys,CTT,GCF_003111625.1
Lys,CTT,GCF_003385755.1
Lys,CTT,GCF_003814835.1
Lys,CTT,GCF_004310395.1
Lys,CTT,GCF_017873625.1
Lys,CTT,GCF_018141185.1
Lys,CTT,GCF_023227715.1
Lys,CTT,GCF_024807035.1
Lys,CTT,GCF_025397995.1
Lys,CTT,GCF_027554905.1
Lys,CTT,GCF_030296715.1
Lys,CTT,GCF_030323845.1
Lys,CTT,GCF_047915675.1
Lys,CTT,GCF_049554935.1
Lys,CTT,GCF_050433505.1
Lys,CTT,GCF_902827225.1
Lys,CTT,GCF_912073625.1
Lys,CTT,GCF_946463545.1
Lys,TTT,GCF_003086415.1
Lys,TTT,GCF_003382685.1
Phe,GAA,GCF_000242875.2
Phe,GAA,GCF_041410205.1
Pro,CGG,GCF_000007185.1
Pro,CGG,GCF_000009185.1
Pro,CGG,GCF_000012545.1
Pro,CGG,GCF_000016525.1
Pro,CGG,GCF_000017165.1
Pro,CGG,GCF_000017185.1
Pro,CGG,GCF_000018465.1
Pro,CGG,GCF_000023985.1
Pro,CGG,GCF_000024185.1
Pro,CGG,GCF_000024625.1
Pro,CGG,GCF_000091665.1
Pro,CGG,GCF_000092305.1
Pro,CGG,GCF_000145295.1
Pro,CGG,GCF_000179575.2
Pro,CGG,GCF_000191585.1
Pro,CGG,GCF_000214415.1
Pro,CGG,GCF_000214725.1
Pro,CGG,GCF_000242875.2
Pro,CGG,GCF_000299365.1
Pro,CGG,GCF_000299395.1
Pro,CGG,GCF_000336695.1
Pro,CGG,GCF_000371805.1
Pro,CGG,GCF_000504205.1
Pro,CGG,GCF_000621965.1
Pro,CGG,GCF_000739065.1
Pro,CGG,GCF_000745485.1
Pro,CGG,GCF_000746075.1
Pro,CGG,GCF_000812185.1
Pro,CGG,GCF_000875775.1
Pro,CGG,GCF_000956175.1
Pro,CGG,GCF_001458655.1
Pro,CGG,GCF_001563245.1
Pro,CGG,GCF_001639265.1
Pro,CGG,GCF_001639285.1
Pro,CGG,GCF_001639295.1
Pro,CGG,GCF_001971705.1
Pro,CGG,GCF_002072215.1
Pro,CGG,GCF_002153915.1
Pro,CGG,GCF_002156965.1
Pro,CGG,GCF_002252585.1
Pro,CGG,GCF_002287175.1
Pro,CGG,GCF_002287195.1
Pro,CGG,GCF_002813695.1
Pro,CGG,GCF_002945325.1
Pro,CGG,GCF_003086415.1
Pro,CGG,GCF_003111605.1
Pro,CGG,GCF_003111625.1
Pro,CGG,GCF_003385755.1
Pro,CGG,GCF_003814835.1
Pro,CGG,GCF_004310395.1
Pro,CGG,GCF_009617975.1
Pro,CGG,GCF_013407145.1
Pro,CGG,GCF_013407165.1
Pro,CGG,GCF_013407185.1
Pro,CGG,GCF_014646535.1
Pro,CGG,GCF_017873625.1
Pro,CGG,GCF_017874455.1
Pro,CGG,GCF_018141185.1
Pro,CGG,GCF_019931065.1
Pro,CGG,GCF_023167465.1
Pro,CGG,GCF_023169545.1
Pro,CGG,GCF_023227715.1
Pro,CGG,GCF_023638035.1
Pro,CGG,GCF_023684405.1
Pro,CGG,GCF_024807035.1
Pro,CGG,GCF_024808815.1
Pro,CGG,GCF_025397995.1
Pro,CGG,GCF_025998175.1
Pro,CGG,GCF_027554905.1
Pro,CGG,GCF_028890305.1
Pro,CGG,GCF_028912405.1
Pro,CGG,GCF_029007355.1
Pro,CGG,GCF_029207735.1
Pro,CGG,GCF_029232205.1
Pro,CGG,GCF_030296715.1
Pro,CGG,GCF_030323845.1
Pro,CGG,GCF_031312535.1
Pro,CGG,GCF_031454185.1
Pro,CGG,GCF_046197875.1
Pro,CGG,GCF_047915675.1
Pro,CGG,GCF_049554935.1
Pro,CGG,GCF_050433505.1
Pro,CGG,GCF_900095295.1
Pro,CGG,GCF_900103415.1
Pro,CGG,GCF_900108095.1
Pro,CGG,GCF_900114835.1
Pro,CGG,GCF_902827225.1
Pro,CGG,GCF_912073625.1
Pro,CGG,GCF_920984865.1
Pro,CGG,GCF_946463545.1
Pro,GGG,GCF_000012545.1
Pro,GGG,GCF_000016525.1
Pro,GGG,GCF_000024185.1
Pro,GGG,GCF_000336695.1
Pro,GGG,GCF_000621965.1
Pro,GGG,GCF_000812185.1
Pro,GGG,GCF_001462205.1
Pro,GGG,GCF_001563245.1
Pro,GGG,GCF_001639265.1
Pro,GGG,GCF_001639285.1
Pro,GGG,GCF_001639295.1
Pro,GGG,GCF_002072215.1
Pro,GGG,GCF_002214165.1
Pro,GGG,GCF_002252585.1
Pro,GGG,GCF_002287195.1
Pro,GGG,GCF_003111605.1
Pro,GGG,GCF_003111625.1
Pro,GGG,GCF_003814835.1
Pro,GGG,GCF_017873625.1
Pro,GGG,GCF_017874455.1
Pro,GGG,GCF_019931065.1
Pro,GGG,GCF_023638035.1
Pro,GGG,GCF_024807035.1
Pro,GGG,GCF_028890305.1
Pro,GGG,GCF_029007355.1
Pro,GGG,GCF_029207735.1
Pro,GGG,GCF_029232205.1
Pro,GGG,GCF_030296715.1
Pro,GGG,GCF_046197875.1
Pro,GGG,GCF_050122995.1
Pro,GGG,GCF_900103415.1
Pro,GGG,GCF_912073625.1
Pro,TGG,GCF_000337895.1
Pro,TGG,GCF_002214165.1
Pro,TGG,GCF_003086415.1
Pro,TGG,GCF_014646535.1
Pro,TGG,GCF_028912405.1
Ser,CGA,GCF_000007185.1
Ser,CGA,GCF_000012545.1
Ser,CGA,GCF_000016525.1
Ser,CGA,GCF_000017165.1
Ser,CGA,GCF_000017185.1
Ser,CGA,GCF_000023985.1
Ser,CGA,GCF_000024185.1
Ser,CGA,GCF_000024625.1
Ser,CGA,GCF_000091665.1
Ser,CGA,GCF_000092305.1
Ser,CGA,GCF_000145295.1
Ser,CGA,GCF_000179575.2
Ser,CGA,GCF_000214415.1
Ser,CGA,GCF_000371805.1
Ser,CGA,GCF_000621965.1
Ser,CGA,GCF_000739065.1
Ser,CGA,GCF_001563245.1
Ser,CGA,GCF_001639265.1
Ser,CGA,GCF_001639285.1
Ser,CGA,GCF_001639295.1
Ser,CGA,GCF_002072215.1
Ser,CGA,GCF_002252585.1
Ser,CGA,GCF_002287195.1
Ser,CGA,GCF_002945325.1
Ser,CGA,GCF_003086415.1
Ser,CGA,GCF_003111605.1
Ser,CGA,GCF_003111625.1
Ser,CGA,GCF_003385755.1
Ser,CGA,GCF_003814835.1
Ser,CGA,GCF_004310395.1
Ser,CGA,GCF_023167465.1
Ser,CGA,GCF_024807035.1
Ser,CGA,GCF_025397995.1
Ser,CGA,GCF_027554905.1
Ser,CGA,GCF_028890305.1
Ser,CGA,GCF_029007355.1
Ser,CGA,GCF_029167045.1
Ser,CGA,GCF_046197875.1
Ser,CGA,GCF_047915675.1
Ser,CGA,GCF_049554935.1
Ser,CGA,GCF_050433505.1
Ser,CGA,GCF_900103415.1
Ser,CGA,GCF_902827225.1
Ser,CGA,GCF_912073625.1
Ser,CGA,GCF_920984865.1
Ser,CGA,GCF_946463545.1
Ser,GCT,GCF_001469865.1
Ser,GCT,GCF_028912405.1
Ser,GCT,GCF_920984865.1
Ser,GGA,GCF_000337795.1
Ser,GGA,GCF_000337895.1
Ser,TGA,GCF_003086415.1
Ser,TGA,GCF_029167045.1
Thr,CGT,GCF_000007185.1
Thr,CGT,GCF_000017165.1
Thr,CGT,GCF_000017185.1
Thr,CGT,GCF_000023985.1
Thr,CGT,GCF_000024185.1
Thr,CGT,GCF_000024625.1
Thr,CGT,GCF_000091665.1
Thr,CGT,GCF_000179575.2
Thr,CGT,GCF_000214415.1
Thr,CGT,GCF_000241145.1
Thr,CGT,GCF_000371805.1
Thr,CGT,GCF_000621965.1
Thr,CGT,GCF_000739065.1
Thr,CGT,GCF_001563245.1
Thr,CGT,GCF_001639265.1
Thr,CGT,GCF_001639285.1
Thr,CGT,GCF_001639295.1
Thr,CGT,GCF_002072215.1
Thr,CGT,GCF_002214165.1
Thr,CGT,GCF_002945325.1
Thr,CGT,GCF_003111605.1
Thr,CGT,GCF_003111625.1
Thr,CGT,GCF_003814835.1
Thr,CGT,GCF_004310395.1
Thr,CGT,GCF_024807035.1
Thr,CGT,GCF_028912405.1
Thr,CGT,GCF_029007355.1
Thr,CGT,GCF_046197875.1
Thr,CGT,GCF_047915675.1
Thr,CGT,GCF_049554935.1
Thr,CGT,GCF_050433505.1
Thr,CGT,GCF_902827225.1
Thr,CGT,GCF_912073625.1
Thr,CGT,GCF_920984865.1
Thr,CGT,GCF_946463545.1
Thr,GGT,GCF_000336695.1
Thr,GGT,GCF_002287195.1
Thr,GGT,GCF_920984865.1
Thr,TGT,GCF_003086415.1
Trp,CCA,GCF_028912405.1
Trp,CCA,GCF_900143675.1
Trp,CCA,GCF_900167955.1
Trp,CCA,GCF_900177045.1
Tyr,GTA,GCF_000015225.1
Tyr,GTA,GCF_000337895.1
Tyr,GTA,GCF_000446015.1
Tyr,GTA,GCF_005049285.1
Tyr,GTA,GCF_920984865.1
Val,CAC,GCF_000007185.1
Val,CAC,GCF_000012545.1
Val,CAC,GCF_000016525.1
Val,CAC,GCF_000017165.1
Val,CAC,GCF_000017185.1
Val,CAC,GCF_000024185.1
Val,CAC,GCF_000179575.2
Val,CAC,GCF_000241145.1
Val,CAC,GCF_000504205.1
Val,CAC,GCF_000621965.1
Val,CAC,GCF_000745485.1
Val,CAC,GCF_000746075.1
Val,CAC,GCF_001563245.1
Val,CAC,GCF_001639265.1
Val,CAC,GCF_001639285.1
Val,CAC,GCF_001639295.1
Val,CAC,GCF_002072215.1
Val,CAC,GCF_002153915.1
Val,CAC,GCF_002252585.1
Val,CAC,GCF_002287175.1
Val,CAC,GCF_002287195.1
Val,CAC,GCF_002945325.1
Val,CAC,GCF_003086415.1
Val,CAC,GCF_003111605.1
Val,CAC,GCF_003111625.1
Val,CAC,GCF_003814835.1
Val,CAC,GCF_004310395.1
Val,CAC,GCF_009617975.1
Val,CAC,GCF_017873415.1
Val,CAC,GCF_024807035.1
Val,CAC,GCF_024808815.1
Val,CAC,GCF_028890305.1
Val,CAC,GCF_029007355.1
Val,CAC,GCF_029207735.1
Val,CAC,GCF_029232205.1
Val,CAC,GCF_046197875.1
Val,CAC,GCF_049554935.1
Val,CAC,GCF_050433505.1
Val,CAC,GCF_900100715.1
Val,CAC,GCF_900103415.1
Val,CAC,GCF_900114835.1
Val,CAC,GCF_912073625.1
Val,CAC,GCF_920984865.1
Val,CAC,GCF_946463545.1
Val,GAC,GCF_000337215.1
Val,GAC,GCF_001462205.1
Val,GAC,GCF_002287195.1
Val,GAC,GCF_024807035.1
Val,TAC,GCF_002214165.1
Val,TAC,GCF_002252985.1
Val,TAC,GCF_920984865.1
iMet,CAT,GCF_000015225.1
iMet,CAT,GCF_000739575.1
iMet,CAT,GCF_000993805.1
iMet,CAT,GCF_014876775.1
iMet,CAT,GCF_029167045.1
iMet,CAT,GCF_037031205.1
