state_signature,n
-Arg_CCG,75
-Gln_CTG,29
-Ala_TGC,23
-His_GTG,18
+Pyl_CTA,11
-Ala_CGC;-Arg_CCG;-Arg_CCT;-Gln_CTG;-Glu_CTC;-Gly_CCC;-Leu_CAA;-Leu_CAG;-Lys_CTT;-Pro_CGG;-Ser_CGA;-Thr_CGT;+SeC_TCA,8
-Ala_CGC;-Arg_CCG;-Arg_CCT;-Gln_CTG;-Glu_CTC;-Gly_CCC;-Leu_CAA;-Leu_CAG;-Lys_CTT;-Pro_CGG;-Ser_CGA;-Thr_CGT;-Val_CAC;+SeC_TCA,8
-Arg_CCG;-Gly_CCC,8
-Gly_CCC,8
-Ala_TGC;-Arg_CCG,7
-Arg_CCG;-Pro_CGG,6
-Ala_CGC;-Arg_CCG;-Gln_CTG;-Glu_CTC;-Gly_CCC;-Leu_CAA;-Leu_CAG;-Lys_CTT;-Pro_CGG;-Pro_GGG;-Ser_CGA;-Thr_CGT;-Val_CAC,4
-Ala_CGC;-Arg_CCG;-Glu_CTC;-Gly_CCC;-Leu_CAA;-Leu_CAG;-Lys_CTT;-Pro_CGG;-Ser_CGA,4
-Ala_TGC;-His_GTG,4
-Arg_CCG;-Cys_GCA;-Pro_CGG,4
-Arg_CCG;-His_GTG,4
-Ala_CGC;-Ala_TGC;-Arg_CCG;-Gln_CTG;-Glu_CTC;-Gly_CCC;-Leu_CAA;-Leu_CAG;-Lys_CTT;-Pro_CGG;-Pro_GGG;-Ser_CGA;-Thr_CGT;-Val_CAC,3
-Ala_CGC;-Arg_CCG;-Gln_CTG;-Glu_CTC;-Gly_CCC;-Leu_CAA;-Leu_CAG;-Lys_CTT;-Pro_CGG;-Pro_GGG;-Ser_CGA;-Val_CAC,3
-Arg_CCG;-Gln_CTG,3
-Arg_CCG;-Trp_CCA,3
-Arg_TCT,3
-Cys_GCA,3
-Gln_CTG;-His_GTG,3
-Tyr_GTA,3
+Gly_ACC,2
-Ala_CGC,2
-Ala_CGC;-Ala_TGC;-Arg_CCG;-Glu_CTC;-Gly_CCC;-Leu_CAA;-Lys_CTT;-Pro_CGG;-Val_CAC,2
-Ala_CGC;-Arg_CCG;-Gln_CTG;-Glu_CTC;-Gly_CCC;-Leu_CAA;-Leu_CAG;-Lys_CTT;-Pro_CGG,2
-Ala_CGC;-Gly_CCC,2
-Ala_TGC;-Gln_CTG;-His_GTG,2
-Ala_TGC;-Pro_CGG,2
-Arg_CCG;+Gly_ACC,2
-Arg_CCG;-Cys_GCA,2
-Arg_CCG;-Glu_CTC;-Gly_CCC;-Lys_CTT;-Pro_CGG;-Pro_GGG,2
-Arg_CCG;-Gly_CCC;-Pro_CGG,2
-Cys_GCA;-Leu_GAG;+Leu_AAG,2
+Cys_ACA,1
+Ser_ACT,1
+Ser_AGA,1
+Val_AAC,1
-Ala_CGC;-Ala_GGC;-Ala_TGC;-Arg_CCG;-Gln_CTG;-Gly_CCC;-Leu_CAA;-Leu_CAG;-Lys_CTT;-Pro_CGG;-Pro_GGG;-Ser_CGA;-Thr_CGT;-Val_CAC,1
-Ala_CGC;-Ala_GGC;-Ala_TGC;-Arg_CCG;-Gln_CTG;-Gly_CCC;-Leu_CAA;-Leu_CAG;-Pro_CGG;-Pro_GGG;-Ser_CGA;-Thr_CGT;-Val_CAC,1
-Ala_CGC;-Ala_GGC;-Ala_TGC;-Arg_CCT;-Asp_GTC;-Gln_CTG;-Gly_CCC;-Gly_GCC;-Gly_TCC;-His_GTG;-Ile_CAT;-Pro_CGG;-Ser_CGA;-Ser_GCT;-Thr_CGT;-Thr_GGT;-Tyr_GTA;-Val_CAC;-Val_TAC;+Ile_TAT,1
-Ala_CGC;-Ala_GGC;-Arg_CCG;-Arg_TCT;-Asn_GTT;-Asp_GTC;-Gln_CTG;-Glu_TTC;-Gly_CCC;-Gly_TCC;-Ile_CAT;-Lys_TTT;-Pro_CGG;-Pro_TGG;-Ser_CGA;-Ser_TGA;-Thr_TGT;-Val_CAC;+Ile_TAT,1
-Ala_CGC;-Ala_GGC;-Arg_CCG;-Gln_CTG;-Glu_CTC;-Gly_CCC;-Leu_CAA;-Leu_CAG;-Lys_CTT;-Pro_CGG;-Pro_GGG;-Ser_CGA;-Thr_CGT;-Val_CAC,1
-Ala_CGC;-Ala_TGC,1
-Ala_CGC;-Ala_TGC;-Arg_CCG;-Arg_CCT;-Gln_CTG;-Glu_CTC;-Gly_CCC;-Leu_CAA;-Leu_CAG;-Lys_CTT;-Pro_CGG;-Pro_GGG;-Ser_CGA;-Thr_CGT;-Val_CAC;-Val_GAC;+SeC_TCA,1
-Ala_CGC;-Ala_TGC;-Arg_CCG;-Gln_CTG;-Glu_CTC;-Gly_CCC;-Leu_CAA;-Leu_CAG;-Lys_CTT;-Pro_CGG;-Pro_GGG;-Ser_CGA;-Thr_GGT;-Val_CAC;-Val_GAC,1
-Ala_CGC;-Ala_TGC;-Arg_CCG;-Gly_CCC;-Pro_CGG;-Pro_GGG,1
-Ala_CGC;-Arg_CCG;-Arg_CCT;-Gln_CTG;-Glu_CTC;-Gly_CCC;-Leu_CAA;-Leu_CAG;-Lys_CTT;-Pro_CGG;-Ser_CGA;+SeC_TCA,1
-Ala_CGC;-Arg_CCG;-Arg_CCT;-Gln_CTG;-Glu_CTC;-Gly_CCC;-Leu_CAA;-Leu_CAG;-Pro_CGG;-Pro_GGG;-Ser_CGA;-Thr_CGT;-Val_CAC,1
-Ala_CGC;-Arg_CCG;-Arg_CCT;-Gln_CTG;-Gly_CCC;-Ile_CAT;-Leu_CAG;-Pro_CGG;-Pro_GGG;-Val_CAC;+Ile_TAT,1
-Ala_CGC;-Arg_CCG;-Arg_CCT;-Glu_CTC;-Gly_CCC;-Ile_CAT;-Leu_CAG;-Pro_CGG;-Val_CAC;+Ile_TAT,1
-Ala_CGC;-Arg_CCG;-Gln_CTG;-Glu_CTC;-Gly_CCC;-Leu_CAG;-Pro_CGG;-Pro_GGG;-Ser_CGA;-Thr_CGT;-Val_CAC;+Arg_ACG,1
-Ala_CGC;-Arg_CCG;-Gln_CTG;-Glu_CTC;-Gly_CCC;-Pro_CGG;-Pro_GGG;-Ser_CGA;-Val_CAC;+Leu_AAG,1
-Ala_CGC;-Arg_CCG;-Gln_CTG;-Gly_CCC;-Leu_CAA;-Leu_CAG;-Pro_CGG;-Pro_GGG;-Ser_CGA;-Val_CAC,1
-Ala_CGC;-Arg_CCG;-Gln_CTG;-Gly_CCC;-Leu_CAG;-Pro_CGG,1
-Ala_CGC;-Arg_CCG;-Glu_CTC;-Gly_CCC;-Leu_CAA;-Leu_CAG;-Lys_CTT;-Pro_CGG;-Pro_GGG;-Ser_CGA;-Thr_CGT;-Val_CAC,1
-Ala_CGC;-Arg_CCG;-Glu_CTC;-Gly_CCC;-Leu_CAA;-Leu_CAG;-Lys_CTT;-Pro_CGG;-Ser_CGA;-Thr_CGT;-Val_CAC,1
-Ala_CGC;-Arg_CCG;-Glu_CTC;-Gly_CCC;-Leu_CAA;-Lys_CTT;-Pro_CGG;-Val_CAC,1
-Ala_CGC;-Arg_CCG;-Glu_CTC;-Gly_CCC;-Lys_CTT;-Pro_CGG,1
-Ala_CGC;-Arg_CCG;-Gly_CCC;-Pro_CGG,1
-Ala_CGC;-Arg_CCG;-Gly_CCC;-Pro_CGG;-Pro_GGG;+Pro_AGG,1
-Ala_CGC;-Arg_CCG;-Leu_CAA;-Leu_CAG;-Pro_CGG;-Ser_CGA,1
-Ala_CGC;-Arg_CCG;-Pro_CGG,1
-Ala_CGC;-Gly_CCC;-Pro_CGG;-Val_CAC;+Ile_TAT,1
-Ala_CGC;-Pro_CGG;-Val_CAC,1
-Ala_GGC;-Cys_GCA;-Glu_TTC;-Gly_CCC;-Leu_CAG;-Leu_TAG;-Pro_CGG;-Pro_TGG;-Ser_GCT;-Thr_CGT;-Trp_CCA,1
-Ala_GGC;-Pro_GGG;-Val_GAC,1
-Ala_TGC;+Sup_CTA,1
-Ala_TGC;+Val_AAC,1
-Ala_TGC;-Arg_CCG;-Cys_GCA;-Pro_TGG;-Ser_GGA;-Tyr_GTA,1
-Ala_TGC;-Arg_CCG;-Gly_CCC;-Leu_CAG;-Pro_CGG;-Val_CAC,1
-Ala_TGC;-Arg_TCT,1
-Ala_TGC;-Asn_GTT;-Ile_GAT,1
-Ala_TGC;-Gln_CTG,1
-Ala_TGC;-Gly_CCC,1
-Ala_TGC;-Val_CAC,1
-Arg_CCG;-Arg_CCT;-Cys_GCA;-Gly_CCC;-Ile_CAT;-Leu_CAG;-Pro_CGG;-Pro_GGG;-Val_CAC;+Ile_TAT,1
-Arg_CCG;-Arg_CCT;-Gln_CTG;-Gly_CCC;-Leu_CAG;-Pro_CGG;-Val_CAC,1
-Arg_CCG;-Arg_TCG;-Phe_GAA;-Pro_CGG,1
-Arg_CCG;-Cys_GCA;-Gly_CCC;-Thr_CGT;-Val_CAC,1
-Arg_CCG;-Cys_GCA;-Ile_CAT;-Leu_TAA;-Phe_GAA;+Ile_TAT;+SeC_TCA,1
-Arg_CCG;-Gln_CTG;-Gly_CCC,1
-Arg_CCG;-Gln_TTG;-Gly_CCC;-Leu_CAG;-Pro_CGG,1
-Arg_CCG;-Glu_CTC;-Gly_CCC;-Lys_CTT;-Pro_CGG,1
-Arg_CCG;-Glu_CTC;-Pro_CGG,1
-Arg_CCG;-Gly_CCC;-His_GTG,1
-Arg_CCG;-Gly_CCC;-His_GTG;-Pro_CGG;-Pro_GGG,1
-Arg_CCG;-Gly_CCC;-Ile_CAT;-Pro_CGG;+Ile_TAT,1
-Arg_CCG;-Gly_CCC;-Pro_CGG;-Pro_GGG,1
-Arg_CCG;-Ile_CAT;+Ile_TAT;+SeC_TCA,1
-Arg_GCG,1
-Arg_GCG;-Asn_GTT;-Ile_CAT,1
-Arg_TCG,1
-Asp_GTC,1
-Cys_GCA;-Ile_CAT;-Leu_GAG;-Pro_GGG;-Pro_TGG;-Thr_CGT;-Val_TAC;+Ile_TAT;+Leu_AAG;+Pro_AGG,1
-Gln_CTG;+Ile_TAT,1
-Gln_CTG;-Gln_TTG;-Lys_CTT,1
-Gln_CTG;-His_GTG;+Ile_TAT,1
-Gln_CTG;-Leu_GAG;-Val_TAC,1
-Gln_TTG,1
-Gln_TTG;-His_GTG,1
-Gly_CCC;+Pyl_CTA,1
-Gly_CCC;-Pro_CGG,1
-Gly_CCC;-Val_CAC,1
-Gly_GCC,1
-His_GTG;-Lys_TTT,1
-His_GTG;-Pro_CGG;-Pro_GGG;-Thr_GGT,1
-Ile_CAT,1
-Ile_CAT;+Ile_TAT,1
-Ile_CAT;-Pro_CGG;-Pro_TGG,1
-Leu_CAA,1
-Leu_CAA;-Leu_CAG;-Ser_CGA;-Ser_TGA,1
-Leu_CAA;-Leu_GAG;+Leu_AAG,1
-Leu_GAG;+Leu_AAG,1
-Leu_TAA;-Ser_GCT,1
-Lys_CTT,1
-Pro_GGG,1
-Ser_GGA,1
-Val_GAC,1
