codon,M,GUw,SUw,M2,CM
AAA,1,0,0,0,M
AAC,1,0,0,0,M
AAG,1,1,0,0,M
AAU,0,1,0,0,GU
ACA,1,0,0,0,M
ACC,1,0,1,0,M
ACG,1,1,0,0,M
ACU,0,1,1,0,GU
AGA,1,0,0,0,M
AGC,1,0,0,0,M
AGG,1,1,0,0,M
AGU,0,1,0,0,GU
AUA,0,0,0,2,M2
AUC,1,0,0,0,M
AUG,1,0,0,0,M
AUU,0,1,0,0,GU
CAA,1,0,0,0,M
CAC,1,0,0,0,M
CAG,1,1,0,0,M
CAU,0,1,0,0,GU
CCA,1,0,0,0,M
CCC,1,0,1,0,M
CCG,1,1,0,0,M
CCU,0,1,1,0,GU
CGA,1,0,0,0,M
CGC,1,0,1,0,M
CGG,1,1,0,0,M
CGU,0,1,1,0,GU
CUA,1,0,0,0,M
CUC,1,0,1,0,M
CUG,1,1,0,0,M
CUU,0,1,1,0,GU
GAA,1,0,0,0,M
GAC,1,0,0,0,M
GAG,1,1,0,0,M
GAU,0,1,0,0,GU
GCA,1,0,0,0,M
GCC,1,0,1,0,M
GCG,1,1,0,0,M
GCU,0,1,1,0,GU
GGA,1,0,0,0,M
GGC,1,0,1,0,M
GGG,1,1,0,0,M
GGU,0,1,1,0,GU
GUA,1,0,0,0,M
GUC,1,0,1,0,M
GUG,1,1,0,0,M
GUU,0,1,1,0,GU
UAC,1,0,0,0,M
UAU,0,1,0,0,GU
UCA,1,0,0,0,M
UCC,1,0,1,0,M
UCG,1,1,0,0,M
UCU,0,1,1,0,GU
UGC,1,0,0,0,M
UGG,1,0,0,0,M
UGU,0,1,0,0,GU
UUA,1,0,0,0,M
UUC,1,0,0,0,M
UUG,1,1,0,0,M
UUU,0,1,0,0,GU
