tRNA_type,aa_signature,n
Arg,"CGG(-1,0,-1)",59
Gly,"GGG(-1,0,-1)",37
Pro,"CCG(-1,0,-1)",37
Gln,"CAG(-1,0,-1)",31
Ala,"GCG(-1,0,-1)",27
Glu,"GAG(-1,0,-1)",24
Lys,"AAG(-1,0,-1)",23
Ser,"UCG(-1,0,-1)",22
Leu,"CUG(-1,0,-1);UUG(-1,0,-1)",21
Arg,"AGG(-1,0,-1);CGG(-1,0,-1)",16
Thr,"ACG(-1,0,-1)",15
SeC,"UGA(1,0,1)",13
Val,"GUG(-1,0,-1)",13
Pyl,"UAG(1,0,1)",12
His,"CAC(-1,0,-1);CAU(0,-0.5,-0.5)",10
Cys,"UGC(-1,0,-1);UGU(0,-0.5,-0.5)",8
Pro,"CCC(-1,0,-1);CCG(-1,0,-1);CCU(0,-0.5,-0.5)",7
Ile,"AUA(1,0,1);AUG(-1,0,-1)",6
Leu,"CUG(-1,0,-1)",6
Arg,"AGA(-1,0,-1);AGG(0,-0.5,-0.5)",3
Leu,"CUC(-1,0,-1);CUU(1,-0.5,0.5)",3
iMet,"AUG(-1,0,-1)",3
Tyr,"UAC(-1,0,-1);UAU(0,-0.5,-0.5)",2
Ala,"GCA(-1,0,-1);GCG(0,-0.5,-0.5)",1
Ala,"GCC(-1,0,-1);GCG(-1,0,-1);GCU(0,-0.5,-0.5)",1
Arg,"CGG(-1,0,-1);CGU(1,0,1)",1
Gln,"CAA(-1,0,-1);CAG(-1,-0.5,-1.5)",1
Gln,"CAA(-1,0,-1);CAG(0,-0.5,-0.5)",1
Gly,"GGC(-1,0,-1);GGU(0,-0.5,-0.5)",1
Leu,"UUG(-1,0,-1)",1
Lys,"UCG(1,0,1)",1
Pro,"CCA(-1,0,-1);CCC(-1,0,-1);CCG(0,-0.5,-0.5);CCU(1,-0.5,0.5)",1
Val,"GUA(-1,0,-1);GUG(0,-0.5,-0.5)",1
