"","codon","anticodon","value"
"1","UUU","TTT","0"
"2","UUC","TTT","0"
"3","UUA","TTT","0"
"4","UUG","TTT","0"
"5","UCU","TTT","0"
"6","UCC","TTT","0"
"7","UCA","TTT","0"
"8","UCG","TTT","0"
"9","UAU","TTT","0"
"10","UAC","TTT","0"
"11","UAA","TTT","0"
"12","UAG","TTT","0"
"13","UGU","TTT","0"
"14","UGC","TTT","0"
"15","UGA","TTT","0"
"16","UGG","TTT","0"
"17","CUU","TTT","0"
"18","CUC","TTT","0"
"19","CUA","TTT","0"
"20","CUG","TTT","0"
"21","CCU","TTT","0"
"22","CCC","TTT","0"
"23","CCA","TTT","0"
"24","CCG","TTT","0"
"25","CAU","TTT","0"
"26","CAC","TTT","0"
"27","CAA","TTT","0"
"28","CAG","TTT","0"
"29","CGU","TTT","0"
"30","CGC","TTT","0"
"31","CGA","TTT","0"
"32","CGG","TTT","0"
"33","AUU","TTT","0"
"34","AUC","TTT","0"
"35","AUA","TTT","0"
"36","AUG","TTT","0"
"37","ACU","TTT","0"
"38","ACC","TTT","0"
"39","ACA","TTT","0"
"40","ACG","TTT","0"
"41","AAU","TTT","0"
"42","AAC","TTT","0"
"43","AAA","TTT","M"
"44","AAG","TTT","GU"
"45","AGU","TTT","0"
"46","AGC","TTT","0"
"47","AGA","TTT","0"
"48","AGG","TTT","0"
"49","GUU","TTT","0"
"50","GUC","TTT","0"
"51","GUA","TTT","0"
"52","GUG","TTT","0"
"53","GCU","TTT","0"
"54","GCC","TTT","0"
"55","GCA","TTT","0"
"56","GCG","TTT","0"
"57","GAU","TTT","0"
"58","GAC","TTT","0"
"59","GAA","TTT","0"
"60","GAG","TTT","0"
"61","GGU","TTT","0"
"62","GGC","TTT","0"
"63","GGA","TTT","0"
"64","GGG","TTT","0"
"65","UUU","CTT","0"
"66","UUC","CTT","0"
"67","UUA","CTT","0"
"68","UUG","CTT","0"
"69","UCU","CTT","0"
"70","UCC","CTT","0"
"71","UCA","CTT","0"
"72","UCG","CTT","0"
"73","UAU","CTT","0"
"74","UAC","CTT","0"
"75","UAA","CTT","0"
"76","UAG","CTT","0"
"77","UGU","CTT","0"
"78","UGC","CTT","0"
"79","UGA","CTT","0"
"80","UGG","CTT","0"
"81","CUU","CTT","0"
"82","CUC","CTT","0"
"83","CUA","CTT","0"
"84","CUG","CTT","0"
"85","CCU","CTT","0"
"86","CCC","CTT","0"
"87","CCA","CTT","0"
"88","CCG","CTT","0"
"89","CAU","CTT","0"
"90","CAC","CTT","0"
"91","CAA","CTT","0"
"92","CAG","CTT","0"
"93","CGU","CTT","0"
"94","CGC","CTT","0"
"95","CGA","CTT","0"
"96","CGG","CTT","0"
"97","AUU","CTT","0"
"98","AUC","CTT","0"
"99","AUA","CTT","0"
"100","AUG","CTT","0"
"101","ACU","CTT","0"
"102","ACC","CTT","0"
"103","ACA","CTT","0"
"104","ACG","CTT","0"
"105","AAU","CTT","0"
"106","AAC","CTT","0"
"107","AAA","CTT","0"
"108","AAG","CTT","M"
"109","AGU","CTT","0"
"110","AGC","CTT","0"
"111","AGA","CTT","0"
"112","AGG","CTT","0"
"113","GUU","CTT","0"
"114","GUC","CTT","0"
"115","GUA","CTT","0"
"116","GUG","CTT","0"
"117","GCU","CTT","0"
"118","GCC","CTT","0"
"119","GCA","CTT","0"
"120","GCG","CTT","0"
"121","GAU","CTT","0"
"122","GAC","CTT","0"
"123","GAA","CTT","0"
"124","GAG","CTT","0"
"125","GGU","CTT","0"
"126","GGC","CTT","0"
"127","GGA","CTT","0"
"128","GGG","CTT","0"
"129","UUU","ATT","0"
"130","UUC","ATT","0"
"131","UUA","ATT","0"
"132","UUG","ATT","0"
"133","UCU","ATT","0"
"134","UCC","ATT","0"
"135","UCA","ATT","0"
"136","UCG","ATT","0"
"137","UAU","ATT","0"
"138","UAC","ATT","0"
"139","UAA","ATT","0"
"140","UAG","ATT","0"
"141","UGU","ATT","0"
"142","UGC","ATT","0"
"143","UGA","ATT","0"
"144","UGG","ATT","0"
"145","CUU","ATT","0"
"146","CUC","ATT","0"
"147","CUA","ATT","0"
"148","CUG","ATT","0"
"149","CCU","ATT","0"
"150","CCC","ATT","0"
"151","CCA","ATT","0"
"152","CCG","ATT","0"
"153","CAU","ATT","0"
"154","CAC","ATT","0"
"155","CAA","ATT","0"
"156","CAG","ATT","0"
"157","CGU","ATT","0"
"158","CGC","ATT","0"
"159","CGA","ATT","0"
"160","CGG","ATT","0"
"161","AUU","ATT","0"
"162","AUC","ATT","0"
"163","AUA","ATT","0"
"164","AUG","ATT","0"
"165","ACU","ATT","0"
"166","ACC","ATT","0"
"167","ACA","ATT","0"
"168","ACG","ATT","0"
"169","AAU","ATT","M"
"170","AAC","ATT","0"
"171","AAA","ATT","0"
"172","AAG","ATT","0"
"173","AGU","ATT","0"
"174","AGC","ATT","0"
"175","AGA","ATT","0"
"176","AGG","ATT","0"
"177","GUU","ATT","0"
"178","GUC","ATT","0"
"179","GUA","ATT","0"
"180","GUG","ATT","0"
"181","GCU","ATT","0"
"182","GCC","ATT","0"
"183","GCA","ATT","0"
"184","GCG","ATT","0"
"185","GAU","ATT","0"
"186","GAC","ATT","0"
"187","GAA","ATT","0"
"188","GAG","ATT","0"
"189","GGU","ATT","0"
"190","GGC","ATT","0"
"191","GGA","ATT","0"
"192","GGG","ATT","0"
"193","UUU","GTT","0"
"194","UUC","GTT","0"
"195","UUA","GTT","0"
"196","UUG","GTT","0"
"197","UCU","GTT","0"
"198","UCC","GTT","0"
"199","UCA","GTT","0"
"200","UCG","GTT","0"
"201","UAU","GTT","0"
"202","UAC","GTT","0"
"203","UAA","GTT","0"
"204","UAG","GTT","0"
"205","UGU","GTT","0"
"206","UGC","GTT","0"
"207","UGA","GTT","0"
"208","UGG","GTT","0"
"209","CUU","GTT","0"
"210","CUC","GTT","0"
"211","CUA","GTT","0"
"212","CUG","GTT","0"
"213","CCU","GTT","0"
"214","CCC","GTT","0"
"215","CCA","GTT","0"
"216","CCG","GTT","0"
"217","CAU","GTT","0"
"218","CAC","GTT","0"
"219","CAA","GTT","0"
"220","CAG","GTT","0"
"221","CGU","GTT","0"
"222","CGC","GTT","0"
"223","CGA","GTT","0"
"224","CGG","GTT","0"
"225","AUU","GTT","0"
"226","AUC","GTT","0"
"227","AUA","GTT","0"
"228","AUG","GTT","0"
"229","ACU","GTT","0"
"230","ACC","GTT","0"
"231","ACA","GTT","0"
"232","ACG","GTT","0"
"233","AAU","GTT","GU"
"234","AAC","GTT","M"
"235","AAA","GTT","0"
"236","AAG","GTT","0"
"237","AGU","GTT","0"
"238","AGC","GTT","0"
"239","AGA","GTT","0"
"240","AGG","GTT","0"
"241","GUU","GTT","0"
"242","GUC","GTT","0"
"243","GUA","GTT","0"
"244","GUG","GTT","0"
"245","GCU","GTT","0"
"246","GCC","GTT","0"
"247","GCA","GTT","0"
"248","GCG","GTT","0"
"249","GAU","GTT","0"
"250","GAC","GTT","0"
"251","GAA","GTT","0"
"252","GAG","GTT","0"
"253","GGU","GTT","0"
"254","GGC","GTT","0"
"255","GGA","GTT","0"
"256","GGG","GTT","0"
"257","UUU","TCT","0"
"258","UUC","TCT","0"
"259","UUA","TCT","0"
"260","UUG","TCT","0"
"261","UCU","TCT","0"
"262","UCC","TCT","0"
"263","UCA","TCT","0"
"264","UCG","TCT","0"
"265","UAU","TCT","0"
"266","UAC","TCT","0"
"267","UAA","TCT","0"
"268","UAG","TCT","0"
"269","UGU","TCT","0"
"270","UGC","TCT","0"
"271","UGA","TCT","0"
"272","UGG","TCT","0"
"273","CUU","TCT","0"
"274","CUC","TCT","0"
"275","CUA","TCT","0"
"276","CUG","TCT","0"
"277","CCU","TCT","0"
"278","CCC","TCT","0"
"279","CCA","TCT","0"
"280","CCG","TCT","0"
"281","CAU","TCT","0"
"282","CAC","TCT","0"
"283","CAA","TCT","0"
"284","CAG","TCT","0"
"285","CGU","TCT","0"
"286","CGC","TCT","0"
"287","CGA","TCT","0"
"288","CGG","TCT","0"
"289","AUU","TCT","0"
"290","AUC","TCT","0"
"291","AUA","TCT","0"
"292","AUG","TCT","0"
"293","ACU","TCT","0"
"294","ACC","TCT","0"
"295","ACA","TCT","0"
"296","ACG","TCT","0"
"297","AAU","TCT","0"
"298","AAC","TCT","0"
"299","AAA","TCT","0"
"300","AAG","TCT","0"
"301","AGU","TCT","0"
"302","AGC","TCT","0"
"303","AGA","TCT","M"
"304","AGG","TCT","GU"
"305","GUU","TCT","0"
"306","GUC","TCT","0"
"307","GUA","TCT","0"
"308","GUG","TCT","0"
"309","GCU","TCT","0"
"310","GCC","TCT","0"
"311","GCA","TCT","0"
"312","GCG","TCT","0"
"313","GAU","TCT","0"
"314","GAC","TCT","0"
"315","GAA","TCT","0"
"316","GAG","TCT","0"
"317","GGU","TCT","0"
"318","GGC","TCT","0"
"319","GGA","TCT","0"
"320","GGG","TCT","0"
"321","UUU","CCT","0"
"322","UUC","CCT","0"
"323","UUA","CCT","0"
"324","UUG","CCT","0"
"325","UCU","CCT","0"
"326","UCC","CCT","0"
"327","UCA","CCT","0"
"328","UCG","CCT","0"
"329","UAU","CCT","0"
"330","UAC","CCT","0"
"331","UAA","CCT","0"
"332","UAG","CCT","0"
"333","UGU","CCT","0"
"334","UGC","CCT","0"
"335","UGA","CCT","0"
"336","UGG","CCT","0"
"337","CUU","CCT","0"
"338","CUC","CCT","0"
"339","CUA","CCT","0"
"340","CUG","CCT","0"
"341","CCU","CCT","0"
"342","CCC","CCT","0"
"343","CCA","CCT","0"
"344","CCG","CCT","0"
"345","CAU","CCT","0"
"346","CAC","CCT","0"
"347","CAA","CCT","0"
"348","CAG","CCT","0"
"349","CGU","CCT","0"
"350","CGC","CCT","0"
"351","CGA","CCT","0"
"352","CGG","CCT","0"
"353","AUU","CCT","0"
"354","AUC","CCT","0"
"355","AUA","CCT","0"
"356","AUG","CCT","0"
"357","ACU","CCT","0"
"358","ACC","CCT","0"
"359","ACA","CCT","0"
"360","ACG","CCT","0"
"361","AAU","CCT","0"
"362","AAC","CCT","0"
"363","AAA","CCT","0"
"364","AAG","CCT","0"
"365","AGU","CCT","0"
"366","AGC","CCT","0"
"367","AGA","CCT","0"
"368","AGG","CCT","M"
"369","GUU","CCT","0"
"370","GUC","CCT","0"
"371","GUA","CCT","0"
"372","GUG","CCT","0"
"373","GCU","CCT","0"
"374","GCC","CCT","0"
"375","GCA","CCT","0"
"376","GCG","CCT","0"
"377","GAU","CCT","0"
"378","GAC","CCT","0"
"379","GAA","CCT","0"
"380","GAG","CCT","0"
"381","GGU","CCT","0"
"382","GGC","CCT","0"
"383","GGA","CCT","0"
"384","GGG","CCT","0"
"385","UUU","ACT","0"
"386","UUC","ACT","0"
"387","UUA","ACT","0"
"388","UUG","ACT","0"
"389","UCU","ACT","0"
"390","UCC","ACT","0"
"391","UCA","ACT","0"
"392","UCG","ACT","0"
"393","UAU","ACT","0"
"394","UAC","ACT","0"
"395","UAA","ACT","0"
"396","UAG","ACT","0"
"397","UGU","ACT","0"
"398","UGC","ACT","0"
"399","UGA","ACT","0"
"400","UGG","ACT","0"
"401","CUU","ACT","0"
"402","CUC","ACT","0"
"403","CUA","ACT","0"
"404","CUG","ACT","0"
"405","CCU","ACT","0"
"406","CCC","ACT","0"
"407","CCA","ACT","0"
"408","CCG","ACT","0"
"409","CAU","ACT","0"
"410","CAC","ACT","0"
"411","CAA","ACT","0"
"412","CAG","ACT","0"
"413","CGU","ACT","0"
"414","CGC","ACT","0"
"415","CGA","ACT","0"
"416","CGG","ACT","0"
"417","AUU","ACT","0"
"418","AUC","ACT","0"
"419","AUA","ACT","0"
"420","AUG","ACT","0"
"421","ACU","ACT","0"
"422","ACC","ACT","0"
"423","ACA","ACT","0"
"424","ACG","ACT","0"
"425","AAU","ACT","0"
"426","AAC","ACT","0"
"427","AAA","ACT","0"
"428","AAG","ACT","0"
"429","AGU","ACT","M"
"430","AGC","ACT","0"
"431","AGA","ACT","0"
"432","AGG","ACT","0"
"433","GUU","ACT","0"
"434","GUC","ACT","0"
"435","GUA","ACT","0"
"436","GUG","ACT","0"
"437","GCU","ACT","0"
"438","GCC","ACT","0"
"439","GCA","ACT","0"
"440","GCG","ACT","0"
"441","GAU","ACT","0"
"442","GAC","ACT","0"
"443","GAA","ACT","0"
"444","GAG","ACT","0"
"445","GGU","ACT","0"
"446","GGC","ACT","0"
"447","GGA","ACT","0"
"448","GGG","ACT","0"
"449","UUU","GCT","0"
"450","UUC","GCT","0"
"451","UUA","GCT","0"
"452","UUG","GCT","0"
"453","UCU","GCT","0"
"454","UCC","GCT","0"
"455","UCA","GCT","0"
"456","UCG","GCT","0"
"457","UAU","GCT","0"
"458","UAC","GCT","0"
"459","UAA","GCT","0"
"460","UAG","GCT","0"
"461","UGU","GCT","0"
"462","UGC","GCT","0"
"463","UGA","GCT","0"
"464","UGG","GCT","0"
"465","CUU","GCT","0"
"466","CUC","GCT","0"
"467","CUA","GCT","0"
"468","CUG","GCT","0"
"469","CCU","GCT","0"
"470","CCC","GCT","0"
"471","CCA","GCT","0"
"472","CCG","GCT","0"
"473","CAU","GCT","0"
"474","CAC","GCT","0"
"475","CAA","GCT","0"
"476","CAG","GCT","0"
"477","CGU","GCT","0"
"478","CGC","GCT","0"
"479","CGA","GCT","0"
"480","CGG","GCT","0"
"481","AUU","GCT","0"
"482","AUC","GCT","0"
"483","AUA","GCT","0"
"484","AUG","GCT","0"
"485","ACU","GCT","0"
"486","ACC","GCT","0"
"487","ACA","GCT","0"
"488","ACG","GCT","0"
"489","AAU","GCT","0"
"490","AAC","GCT","0"
"491","AAA","GCT","0"
"492","AAG","GCT","0"
"493","AGU","GCT","GU"
"494","AGC","GCT","M"
"495","AGA","GCT","0"
"496","AGG","GCT","0"
"497","GUU","GCT","0"
"498","GUC","GCT","0"
"499","GUA","GCT","0"
"500","GUG","GCT","0"
"501","GCU","GCT","0"
"502","GCC","GCT","0"
"503","GCA","GCT","0"
"504","GCG","GCT","0"
"505","GAU","GCT","0"
"506","GAC","GCT","0"
"507","GAA","GCT","0"
"508","GAG","GCT","0"
"509","GGU","GCT","0"
"510","GGC","GCT","0"
"511","GGA","GCT","0"
"512","GGG","GCT","0"
"513","UUU","TAT","0"
"514","UUC","TAT","0"
"515","UUA","TAT","0"
"516","UUG","TAT","0"
"517","UCU","TAT","0"
"518","UCC","TAT","0"
"519","UCA","TAT","0"
"520","UCG","TAT","0"
"521","UAU","TAT","0"
"522","UAC","TAT","0"
"523","UAA","TAT","0"
"524","UAG","TAT","0"
"525","UGU","TAT","0"
"526","UGC","TAT","0"
"527","UGA","TAT","0"
"528","UGG","TAT","0"
"529","CUU","TAT","0"
"530","CUC","TAT","0"
"531","CUA","TAT","0"
"532","CUG","TAT","0"
"533","CCU","TAT","0"
"534","CCC","TAT","0"
"535","CCA","TAT","0"
"536","CCG","TAT","0"
"537","CAU","TAT","0"
"538","CAC","TAT","0"
"539","CAA","TAT","0"
"540","CAG","TAT","0"
"541","CGU","TAT","0"
"542","CGC","TAT","0"
"543","CGA","TAT","0"
"544","CGG","TAT","0"
"545","AUU","TAT","0"
"546","AUC","TAT","0"
"547","AUA","TAT","M"
"548","AUG","TAT","0"
"549","ACU","TAT","0"
"550","ACC","TAT","0"
"551","ACA","TAT","0"
"552","ACG","TAT","0"
"553","AAU","TAT","0"
"554","AAC","TAT","0"
"555","AAA","TAT","0"
"556","AAG","TAT","0"
"557","AGU","TAT","0"
"558","AGC","TAT","0"
"559","AGA","TAT","0"
"560","AGG","TAT","0"
"561","GUU","TAT","0"
"562","GUC","TAT","0"
"563","GUA","TAT","0"
"564","GUG","TAT","0"
"565","GCU","TAT","0"
"566","GCC","TAT","0"
"567","GCA","TAT","0"
"568","GCG","TAT","0"
"569","GAU","TAT","0"
"570","GAC","TAT","0"
"571","GAA","TAT","0"
"572","GAG","TAT","0"
"573","GGU","TAT","0"
"574","GGC","TAT","0"
"575","GGA","TAT","0"
"576","GGG","TAT","0"
"577","UUU","CAT","0"
"578","UUC","CAT","0"
"579","UUA","CAT","0"
"580","UUG","CAT","0"
"581","UCU","CAT","0"
"582","UCC","CAT","0"
"583","UCA","CAT","0"
"584","UCG","CAT","0"
"585","UAU","CAT","0"
"586","UAC","CAT","0"
"587","UAA","CAT","0"
"588","UAG","CAT","0"
"589","UGU","CAT","0"
"590","UGC","CAT","0"
"591","UGA","CAT","0"
"592","UGG","CAT","0"
"593","CUU","CAT","0"
"594","CUC","CAT","0"
"595","CUA","CAT","0"
"596","CUG","CAT","0"
"597","CCU","CAT","0"
"598","CCC","CAT","0"
"599","CCA","CAT","0"
"600","CCG","CAT","0"
"601","CAU","CAT","0"
"602","CAC","CAT","0"
"603","CAA","CAT","0"
"604","CAG","CAT","0"
"605","CGU","CAT","0"
"606","CGC","CAT","0"
"607","CGA","CAT","0"
"608","CGG","CAT","0"
"609","AUU","CAT","0"
"610","AUC","CAT","0"
"611","AUA","CAT","0"
"612","AUG","CAT","M"
"613","ACU","CAT","0"
"614","ACC","CAT","0"
"615","ACA","CAT","0"
"616","ACG","CAT","0"
"617","AAU","CAT","0"
"618","AAC","CAT","0"
"619","AAA","CAT","0"
"620","AAG","CAT","0"
"621","AGU","CAT","0"
"622","AGC","CAT","0"
"623","AGA","CAT","0"
"624","AGG","CAT","0"
"625","GUU","CAT","0"
"626","GUC","CAT","0"
"627","GUA","CAT","0"
"628","GUG","CAT","0"
"629","GCU","CAT","0"
"630","GCC","CAT","0"
"631","GCA","CAT","0"
"632","GCG","CAT","0"
"633","GAU","CAT","0"
"634","GAC","CAT","0"
"635","GAA","CAT","0"
"636","GAG","CAT","0"
"637","GGU","CAT","0"
"638","GGC","CAT","0"
"639","GGA","CAT","0"
"640","GGG","CAT","0"
"641","UUU","AAT","0"
"642","UUC","AAT","0"
"643","UUA","AAT","0"
"644","UUG","AAT","0"
"645","UCU","AAT","0"
"646","UCC","AAT","0"
"647","UCA","AAT","0"
"648","UCG","AAT","0"
"649","UAU","AAT","0"
"650","UAC","AAT","0"
"651","UAA","AAT","0"
"652","UAG","AAT","0"
"653","UGU","AAT","0"
"654","UGC","AAT","0"
"655","UGA","AAT","0"
"656","UGG","AAT","0"
"657","CUU","AAT","0"
"658","CUC","AAT","0"
"659","CUA","AAT","0"
"660","CUG","AAT","0"
"661","CCU","AAT","0"
"662","CCC","AAT","0"
"663","CCA","AAT","0"
"664","CCG","AAT","0"
"665","CAU","AAT","0"
"666","CAC","AAT","0"
"667","CAA","AAT","0"
"668","CAG","AAT","0"
"669","CGU","AAT","0"
"670","CGC","AAT","0"
"671","CGA","AAT","0"
"672","CGG","AAT","0"
"673","AUU","AAT","M"
"674","AUC","AAT","0"
"675","AUA","AAT","0"
"676","AUG","AAT","0"
"677","ACU","AAT","0"
"678","ACC","AAT","0"
"679","ACA","AAT","0"
"680","ACG","AAT","0"
"681","AAU","AAT","0"
"682","AAC","AAT","0"
"683","AAA","AAT","0"
"684","AAG","AAT","0"
"685","AGU","AAT","0"
"686","AGC","AAT","0"
"687","AGA","AAT","0"
"688","AGG","AAT","0"
"689","GUU","AAT","0"
"690","GUC","AAT","0"
"691","GUA","AAT","0"
"692","GUG","AAT","0"
"693","GCU","AAT","0"
"694","GCC","AAT","0"
"695","GCA","AAT","0"
"696","GCG","AAT","0"
"697","GAU","AAT","0"
"698","GAC","AAT","0"
"699","GAA","AAT","0"
"700","GAG","AAT","0"
"701","GGU","AAT","0"
"702","GGC","AAT","0"
"703","GGA","AAT","0"
"704","GGG","AAT","0"
"705","UUU","GAT","0"
"706","UUC","GAT","0"
"707","UUA","GAT","0"
"708","UUG","GAT","0"
"709","UCU","GAT","0"
"710","UCC","GAT","0"
"711","UCA","GAT","0"
"712","UCG","GAT","0"
"713","UAU","GAT","0"
"714","UAC","GAT","0"
"715","UAA","GAT","0"
"716","UAG","GAT","0"
"717","UGU","GAT","0"
"718","UGC","GAT","0"
"719","UGA","GAT","0"
"720","UGG","GAT","0"
"721","CUU","GAT","0"
"722","CUC","GAT","0"
"723","CUA","GAT","0"
"724","CUG","GAT","0"
"725","CCU","GAT","0"
"726","CCC","GAT","0"
"727","CCA","GAT","0"
"728","CCG","GAT","0"
"729","CAU","GAT","0"
"730","CAC","GAT","0"
"731","CAA","GAT","0"
"732","CAG","GAT","0"
"733","CGU","GAT","0"
"734","CGC","GAT","0"
"735","CGA","GAT","0"
"736","CGG","GAT","0"
"737","AUU","GAT","GU"
"738","AUC","GAT","M"
"739","AUA","GAT","0"
"740","AUG","GAT","0"
"741","ACU","GAT","0"
"742","ACC","GAT","0"
"743","ACA","GAT","0"
"744","ACG","GAT","0"
"745","AAU","GAT","0"
"746","AAC","GAT","0"
"747","AAA","GAT","0"
"748","AAG","GAT","0"
"749","AGU","GAT","0"
"750","AGC","GAT","0"
"751","AGA","GAT","0"
"752","AGG","GAT","0"
"753","GUU","GAT","0"
"754","GUC","GAT","0"
"755","GUA","GAT","0"
"756","GUG","GAT","0"
"757","GCU","GAT","0"
"758","GCC","GAT","0"
"759","GCA","GAT","0"
"760","GCG","GAT","0"
"761","GAU","GAT","0"
"762","GAC","GAT","0"
"763","GAA","GAT","0"
"764","GAG","GAT","0"
"765","GGU","GAT","0"
"766","GGC","GAT","0"
"767","GGA","GAT","0"
"768","GGG","GAT","0"
"769","UUU","TGT","0"
"770","UUC","TGT","0"
"771","UUA","TGT","0"
"772","UUG","TGT","0"
"773","UCU","TGT","0"
"774","UCC","TGT","0"
"775","UCA","TGT","0"
"776","UCG","TGT","0"
"777","UAU","TGT","0"
"778","UAC","TGT","0"
"779","UAA","TGT","0"
"780","UAG","TGT","0"
"781","UGU","TGT","0"
"782","UGC","TGT","0"
"783","UGA","TGT","0"
"784","UGG","TGT","0"
"785","CUU","TGT","0"
"786","CUC","TGT","0"
"787","CUA","TGT","0"
"788","CUG","TGT","0"
"789","CCU","TGT","0"
"790","CCC","TGT","0"
"791","CCA","TGT","0"
"792","CCG","TGT","0"
"793","CAU","TGT","0"
"794","CAC","TGT","0"
"795","CAA","TGT","0"
"796","CAG","TGT","0"
"797","CGU","TGT","0"
"798","CGC","TGT","0"
"799","CGA","TGT","0"
"800","CGG","TGT","0"
"801","AUU","TGT","0"
"802","AUC","TGT","0"
"803","AUA","TGT","0"
"804","AUG","TGT","0"
"805","ACU","TGT","0"
"806","ACC","TGT","0"
"807","ACA","TGT","M"
"808","ACG","TGT","GU"
"809","AAU","TGT","0"
"810","AAC","TGT","0"
"811","AAA","TGT","0"
"812","AAG","TGT","0"
"813","AGU","TGT","0"
"814","AGC","TGT","0"
"815","AGA","TGT","0"
"816","AGG","TGT","0"
"817","GUU","TGT","0"
"818","GUC","TGT","0"
"819","GUA","TGT","0"
"820","GUG","TGT","0"
"821","GCU","TGT","0"
"822","GCC","TGT","0"
"823","GCA","TGT","0"
"824","GCG","TGT","0"
"825","GAU","TGT","0"
"826","GAC","TGT","0"
"827","GAA","TGT","0"
"828","GAG","TGT","0"
"829","GGU","TGT","0"
"830","GGC","TGT","0"
"831","GGA","TGT","0"
"832","GGG","TGT","0"
"833","UUU","CGT","0"
"834","UUC","CGT","0"
"835","UUA","CGT","0"
"836","UUG","CGT","0"
"837","UCU","CGT","0"
"838","UCC","CGT","0"
"839","UCA","CGT","0"
"840","UCG","CGT","0"
"841","UAU","CGT","0"
"842","UAC","CGT","0"
"843","UAA","CGT","0"
"844","UAG","CGT","0"
"845","UGU","CGT","0"
"846","UGC","CGT","0"
"847","UGA","CGT","0"
"848","UGG","CGT","0"
"849","CUU","CGT","0"
"850","CUC","CGT","0"
"851","CUA","CGT","0"
"852","CUG","CGT","0"
"853","CCU","CGT","0"
"854","CCC","CGT","0"
"855","CCA","CGT","0"
"856","CCG","CGT","0"
"857","CAU","CGT","0"
"858","CAC","CGT","0"
"859","CAA","CGT","0"
"860","CAG","CGT","0"
"861","CGU","CGT","0"
"862","CGC","CGT","0"
"863","CGA","CGT","0"
"864","CGG","CGT","0"
"865","AUU","CGT","0"
"866","AUC","CGT","0"
"867","AUA","CGT","0"
"868","AUG","CGT","0"
"869","ACU","CGT","0"
"870","ACC","CGT","0"
"871","ACA","CGT","0"
"872","ACG","CGT","M"
"873","AAU","CGT","0"
"874","AAC","CGT","0"
"875","AAA","CGT","0"
"876","AAG","CGT","0"
"877","AGU","CGT","0"
"878","AGC","CGT","0"
"879","AGA","CGT","0"
"880","AGG","CGT","0"
"881","GUU","CGT","0"
"882","GUC","CGT","0"
"883","GUA","CGT","0"
"884","GUG","CGT","0"
"885","GCU","CGT","0"
"886","GCC","CGT","0"
"887","GCA","CGT","0"
"888","GCG","CGT","0"
"889","GAU","CGT","0"
"890","GAC","CGT","0"
"891","GAA","CGT","0"
"892","GAG","CGT","0"
"893","GGU","CGT","0"
"894","GGC","CGT","0"
"895","GGA","CGT","0"
"896","GGG","CGT","0"
"897","UUU","AGT","0"
"898","UUC","AGT","0"
"899","UUA","AGT","0"
"900","UUG","AGT","0"
"901","UCU","AGT","0"
"902","UCC","AGT","0"
"903","UCA","AGT","0"
"904","UCG","AGT","0"
"905","UAU","AGT","0"
"906","UAC","AGT","0"
"907","UAA","AGT","0"
"908","UAG","AGT","0"
"909","UGU","AGT","0"
"910","UGC","AGT","0"
"911","UGA","AGT","0"
"912","UGG","AGT","0"
"913","CUU","AGT","0"
"914","CUC","AGT","0"
"915","CUA","AGT","0"
"916","CUG","AGT","0"
"917","CCU","AGT","0"
"918","CCC","AGT","0"
"919","CCA","AGT","0"
"920","CCG","AGT","0"
"921","CAU","AGT","0"
"922","CAC","AGT","0"
"923","CAA","AGT","0"
"924","CAG","AGT","0"
"925","CGU","AGT","0"
"926","CGC","AGT","0"
"927","CGA","AGT","0"
"928","CGG","AGT","0"
"929","AUU","AGT","0"
"930","AUC","AGT","0"
"931","AUA","AGT","0"
"932","AUG","AGT","0"
"933","ACU","AGT","M"
"934","ACC","AGT","0"
"935","ACA","AGT","0"
"936","ACG","AGT","0"
"937","AAU","AGT","0"
"938","AAC","AGT","0"
"939","AAA","AGT","0"
"940","AAG","AGT","0"
"941","AGU","AGT","0"
"942","AGC","AGT","0"
"943","AGA","AGT","0"
"944","AGG","AGT","0"
"945","GUU","AGT","0"
"946","GUC","AGT","0"
"947","GUA","AGT","0"
"948","GUG","AGT","0"
"949","GCU","AGT","0"
"950","GCC","AGT","0"
"951","GCA","AGT","0"
"952","GCG","AGT","0"
"953","GAU","AGT","0"
"954","GAC","AGT","0"
"955","GAA","AGT","0"
"956","GAG","AGT","0"
"957","GGU","AGT","0"
"958","GGC","AGT","0"
"959","GGA","AGT","0"
"960","GGG","AGT","0"
"961","UUU","GGT","0"
"962","UUC","GGT","0"
"963","UUA","GGT","0"
"964","UUG","GGT","0"
"965","UCU","GGT","0"
"966","UCC","GGT","0"
"967","UCA","GGT","0"
"968","UCG","GGT","0"
"969","UAU","GGT","0"
"970","UAC","GGT","0"
"971","UAA","GGT","0"
"972","UAG","GGT","0"
"973","UGU","GGT","0"
"974","UGC","GGT","0"
"975","UGA","GGT","0"
"976","UGG","GGT","0"
"977","CUU","GGT","0"
"978","CUC","GGT","0"
"979","CUA","GGT","0"
"980","CUG","GGT","0"
"981","CCU","GGT","0"
"982","CCC","GGT","0"
"983","CCA","GGT","0"
"984","CCG","GGT","0"
"985","CAU","GGT","0"
"986","CAC","GGT","0"
"987","CAA","GGT","0"
"988","CAG","GGT","0"
"989","CGU","GGT","0"
"990","CGC","GGT","0"
"991","CGA","GGT","0"
"992","CGG","GGT","0"
"993","AUU","GGT","0"
"994","AUC","GGT","0"
"995","AUA","GGT","0"
"996","AUG","GGT","0"
"997","ACU","GGT","GU"
"998","ACC","GGT","M"
"999","ACA","GGT","0"
"1000","ACG","GGT","0"
"1001","AAU","GGT","0"
"1002","AAC","GGT","0"
"1003","AAA","GGT","0"
"1004","AAG","GGT","0"
"1005","AGU","GGT","0"
"1006","AGC","GGT","0"
"1007","AGA","GGT","0"
"1008","AGG","GGT","0"
"1009","GUU","GGT","0"
"1010","GUC","GGT","0"
"1011","GUA","GGT","0"
"1012","GUG","GGT","0"
"1013","GCU","GGT","0"
"1014","GCC","GGT","0"
"1015","GCA","GGT","0"
"1016","GCG","GGT","0"
"1017","GAU","GGT","0"
"1018","GAC","GGT","0"
"1019","GAA","GGT","0"
"1020","GAG","GGT","0"
"1021","GGU","GGT","0"
"1022","GGC","GGT","0"
"1023","GGA","GGT","0"
"1024","GGG","GGT","0"
"1025","UUU","TTC","0"
"1026","UUC","TTC","0"
"1027","UUA","TTC","0"
"1028","UUG","TTC","0"
"1029","UCU","TTC","0"
"1030","UCC","TTC","0"
"1031","UCA","TTC","0"
"1032","UCG","TTC","0"
"1033","UAU","TTC","0"
"1034","UAC","TTC","0"
"1035","UAA","TTC","0"
"1036","UAG","TTC","0"
"1037","UGU","TTC","0"
"1038","UGC","TTC","0"
"1039","UGA","TTC","0"
"1040","UGG","TTC","0"
"1041","CUU","TTC","0"
"1042","CUC","TTC","0"
"1043","CUA","TTC","0"
"1044","CUG","TTC","0"
"1045","CCU","TTC","0"
"1046","CCC","TTC","0"
"1047","CCA","TTC","0"
"1048","CCG","TTC","0"
"1049","CAU","TTC","0"
"1050","CAC","TTC","0"
"1051","CAA","TTC","0"
"1052","CAG","TTC","0"
"1053","CGU","TTC","0"
"1054","CGC","TTC","0"
"1055","CGA","TTC","0"
"1056","CGG","TTC","0"
"1057","AUU","TTC","0"
"1058","AUC","TTC","0"
"1059","AUA","TTC","0"
"1060","AUG","TTC","0"
"1061","ACU","TTC","0"
"1062","ACC","TTC","0"
"1063","ACA","TTC","0"
"1064","ACG","TTC","0"
"1065","AAU","TTC","0"
"1066","AAC","TTC","0"
"1067","AAA","TTC","0"
"1068","AAG","TTC","0"
"1069","AGU","TTC","0"
"1070","AGC","TTC","0"
"1071","AGA","TTC","0"
"1072","AGG","TTC","0"
"1073","GUU","TTC","0"
"1074","GUC","TTC","0"
"1075","GUA","TTC","0"
"1076","GUG","TTC","0"
"1077","GCU","TTC","0"
"1078","GCC","TTC","0"
"1079","GCA","TTC","0"
"1080","GCG","TTC","0"
"1081","GAU","TTC","0"
"1082","GAC","TTC","0"
"1083","GAA","TTC","M"
"1084","GAG","TTC","GU"
"1085","GGU","TTC","0"
"1086","GGC","TTC","0"
"1087","GGA","TTC","0"
"1088","GGG","TTC","0"
"1089","UUU","CTC","0"
"1090","UUC","CTC","0"
"1091","UUA","CTC","0"
"1092","UUG","CTC","0"
"1093","UCU","CTC","0"
"1094","UCC","CTC","0"
"1095","UCA","CTC","0"
"1096","UCG","CTC","0"
"1097","UAU","CTC","0"
"1098","UAC","CTC","0"
"1099","UAA","CTC","0"
"1100","UAG","CTC","0"
"1101","UGU","CTC","0"
"1102","UGC","CTC","0"
"1103","UGA","CTC","0"
"1104","UGG","CTC","0"
"1105","CUU","CTC","0"
"1106","CUC","CTC","0"
"1107","CUA","CTC","0"
"1108","CUG","CTC","0"
"1109","CCU","CTC","0"
"1110","CCC","CTC","0"
"1111","CCA","CTC","0"
"1112","CCG","CTC","0"
"1113","CAU","CTC","0"
"1114","CAC","CTC","0"
"1115","CAA","CTC","0"
"1116","CAG","CTC","0"
"1117","CGU","CTC","0"
"1118","CGC","CTC","0"
"1119","CGA","CTC","0"
"1120","CGG","CTC","0"
"1121","AUU","CTC","0"
"1122","AUC","CTC","0"
"1123","AUA","CTC","0"
"1124","AUG","CTC","0"
"1125","ACU","CTC","0"
"1126","ACC","CTC","0"
"1127","ACA","CTC","0"
"1128","ACG","CTC","0"
"1129","AAU","CTC","0"
"1130","AAC","CTC","0"
"1131","AAA","CTC","0"
"1132","AAG","CTC","0"
"1133","AGU","CTC","0"
"1134","AGC","CTC","0"
"1135","AGA","CTC","0"
"1136","AGG","CTC","0"
"1137","GUU","CTC","0"
"1138","GUC","CTC","0"
"1139","GUA","CTC","0"
"1140","GUG","CTC","0"
"1141","GCU","CTC","0"
"1142","GCC","CTC","0"
"1143","GCA","CTC","0"
"1144","GCG","CTC","0"
"1145","GAU","CTC","0"
"1146","GAC","CTC","0"
"1147","GAA","CTC","0"
"1148","GAG","CTC","M"
"1149","GGU","CTC","0"
"1150","GGC","CTC","0"
"1151","GGA","CTC","0"
"1152","GGG","CTC","0"
"1153","UUU","ATC","0"
"1154","UUC","ATC","0"
"1155","UUA","ATC","0"
"1156","UUG","ATC","0"
"1157","UCU","ATC","0"
"1158","UCC","ATC","0"
"1159","UCA","ATC","0"
"1160","UCG","ATC","0"
"1161","UAU","ATC","0"
"1162","UAC","ATC","0"
"1163","UAA","ATC","0"
"1164","UAG","ATC","0"
"1165","UGU","ATC","0"
"1166","UGC","ATC","0"
"1167","UGA","ATC","0"
"1168","UGG","ATC","0"
"1169","CUU","ATC","0"
"1170","CUC","ATC","0"
"1171","CUA","ATC","0"
"1172","CUG","ATC","0"
"1173","CCU","ATC","0"
"1174","CCC","ATC","0"
"1175","CCA","ATC","0"
"1176","CCG","ATC","0"
"1177","CAU","ATC","0"
"1178","CAC","ATC","0"
"1179","CAA","ATC","0"
"1180","CAG","ATC","0"
"1181","CGU","ATC","0"
"1182","CGC","ATC","0"
"1183","CGA","ATC","0"
"1184","CGG","ATC","0"
"1185","AUU","ATC","0"
"1186","AUC","ATC","0"
"1187","AUA","ATC","0"
"1188","AUG","ATC","0"
"1189","ACU","ATC","0"
"1190","ACC","ATC","0"
"1191","ACA","ATC","0"
"1192","ACG","ATC","0"
"1193","AAU","ATC","0"
"1194","AAC","ATC","0"
"1195","AAA","ATC","0"
"1196","AAG","ATC","0"
"1197","AGU","ATC","0"
"1198","AGC","ATC","0"
"1199","AGA","ATC","0"
"1200","AGG","ATC","0"
"1201","GUU","ATC","0"
"1202","GUC","ATC","0"
"1203","GUA","ATC","0"
"1204","GUG","ATC","0"
"1205","GCU","ATC","0"
"1206","GCC","ATC","0"
"1207","GCA","ATC","0"
"1208","GCG","ATC","0"
"1209","GAU","ATC","M"
"1210","GAC","ATC","0"
"1211","GAA","ATC","0"
"1212","GAG","ATC","0"
"1213","GGU","ATC","0"
"1214","GGC","ATC","0"
"1215","GGA","ATC","0"
"1216","GGG","ATC","0"
"1217","UUU","GTC","0"
"1218","UUC","GTC","0"
"1219","UUA","GTC","0"
"1220","UUG","GTC","0"
"1221","UCU","GTC","0"
"1222","UCC","GTC","0"
"1223","UCA","GTC","0"
"1224","UCG","GTC","0"
"1225","UAU","GTC","0"
"1226","UAC","GTC","0"
"1227","UAA","GTC","0"
"1228","UAG","GTC","0"
"1229","UGU","GTC","0"
"1230","UGC","GTC","0"
"1231","UGA","GTC","0"
"1232","UGG","GTC","0"
"1233","CUU","GTC","0"
"1234","CUC","GTC","0"
"1235","CUA","GTC","0"
"1236","CUG","GTC","0"
"1237","CCU","GTC","0"
"1238","CCC","GTC","0"
"1239","CCA","GTC","0"
"1240","CCG","GTC","0"
"1241","CAU","GTC","0"
"1242","CAC","GTC","0"
"1243","CAA","GTC","0"
"1244","CAG","GTC","0"
"1245","CGU","GTC","0"
"1246","CGC","GTC","0"
"1247","CGA","GTC","0"
"1248","CGG","GTC","0"
"1249","AUU","GTC","0"
"1250","AUC","GTC","0"
"1251","AUA","GTC","0"
"1252","AUG","GTC","0"
"1253","ACU","GTC","0"
"1254","ACC","GTC","0"
"1255","ACA","GTC","0"
"1256","ACG","GTC","0"
"1257","AAU","GTC","0"
"1258","AAC","GTC","0"
"1259","AAA","GTC","0"
"1260","AAG","GTC","0"
"1261","AGU","GTC","0"
"1262","AGC","GTC","0"
"1263","AGA","GTC","0"
"1264","AGG","GTC","0"
"1265","GUU","GTC","0"
"1266","GUC","GTC","0"
"1267","GUA","GTC","0"
"1268","GUG","GTC","0"
"1269","GCU","GTC","0"
"1270","GCC","GTC","0"
"1271","GCA","GTC","0"
"1272","GCG","GTC","0"
"1273","GAU","GTC","GU"
"1274","GAC","GTC","M"
"1275","GAA","GTC","0"
"1276","GAG","GTC","0"
"1277","GGU","GTC","0"
"1278","GGC","GTC","0"
"1279","GGA","GTC","0"
"1280","GGG","GTC","0"
"1281","UUU","TCC","0"
"1282","UUC","TCC","0"
"1283","UUA","TCC","0"
"1284","UUG","TCC","0"
"1285","UCU","TCC","0"
"1286","UCC","TCC","0"
"1287","UCA","TCC","0"
"1288","UCG","TCC","0"
"1289","UAU","TCC","0"
"1290","UAC","TCC","0"
"1291","UAA","TCC","0"
"1292","UAG","TCC","0"
"1293","UGU","TCC","0"
"1294","UGC","TCC","0"
"1295","UGA","TCC","0"
"1296","UGG","TCC","0"
"1297","CUU","TCC","0"
"1298","CUC","TCC","0"
"1299","CUA","TCC","0"
"1300","CUG","TCC","0"
"1301","CCU","TCC","0"
"1302","CCC","TCC","0"
"1303","CCA","TCC","0"
"1304","CCG","TCC","0"
"1305","CAU","TCC","0"
"1306","CAC","TCC","0"
"1307","CAA","TCC","0"
"1308","CAG","TCC","0"
"1309","CGU","TCC","0"
"1310","CGC","TCC","0"
"1311","CGA","TCC","0"
"1312","CGG","TCC","0"
"1313","AUU","TCC","0"
"1314","AUC","TCC","0"
"1315","AUA","TCC","0"
"1316","AUG","TCC","0"
"1317","ACU","TCC","0"
"1318","ACC","TCC","0"
"1319","ACA","TCC","0"
"1320","ACG","TCC","0"
"1321","AAU","TCC","0"
"1322","AAC","TCC","0"
"1323","AAA","TCC","0"
"1324","AAG","TCC","0"
"1325","AGU","TCC","0"
"1326","AGC","TCC","0"
"1327","AGA","TCC","0"
"1328","AGG","TCC","0"
"1329","GUU","TCC","0"
"1330","GUC","TCC","0"
"1331","GUA","TCC","0"
"1332","GUG","TCC","0"
"1333","GCU","TCC","0"
"1334","GCC","TCC","0"
"1335","GCA","TCC","0"
"1336","GCG","TCC","0"
"1337","GAU","TCC","0"
"1338","GAC","TCC","0"
"1339","GAA","TCC","0"
"1340","GAG","TCC","0"
"1341","GGU","TCC","0"
"1342","GGC","TCC","0"
"1343","GGA","TCC","M"
"1344","GGG","TCC","GU"
"1345","UUU","CCC","0"
"1346","UUC","CCC","0"
"1347","UUA","CCC","0"
"1348","UUG","CCC","0"
"1349","UCU","CCC","0"
"1350","UCC","CCC","0"
"1351","UCA","CCC","0"
"1352","UCG","CCC","0"
"1353","UAU","CCC","0"
"1354","UAC","CCC","0"
"1355","UAA","CCC","0"
"1356","UAG","CCC","0"
"1357","UGU","CCC","0"
"1358","UGC","CCC","0"
"1359","UGA","CCC","0"
"1360","UGG","CCC","0"
"1361","CUU","CCC","0"
"1362","CUC","CCC","0"
"1363","CUA","CCC","0"
"1364","CUG","CCC","0"
"1365","CCU","CCC","0"
"1366","CCC","CCC","0"
"1367","CCA","CCC","0"
"1368","CCG","CCC","0"
"1369","CAU","CCC","0"
"1370","CAC","CCC","0"
"1371","CAA","CCC","0"
"1372","CAG","CCC","0"
"1373","CGU","CCC","0"
"1374","CGC","CCC","0"
"1375","CGA","CCC","0"
"1376","CGG","CCC","0"
"1377","AUU","CCC","0"
"1378","AUC","CCC","0"
"1379","AUA","CCC","0"
"1380","AUG","CCC","0"
"1381","ACU","CCC","0"
"1382","ACC","CCC","0"
"1383","ACA","CCC","0"
"1384","ACG","CCC","0"
"1385","AAU","CCC","0"
"1386","AAC","CCC","0"
"1387","AAA","CCC","0"
"1388","AAG","CCC","0"
"1389","AGU","CCC","0"
"1390","AGC","CCC","0"
"1391","AGA","CCC","0"
"1392","AGG","CCC","0"
"1393","GUU","CCC","0"
"1394","GUC","CCC","0"
"1395","GUA","CCC","0"
"1396","GUG","CCC","0"
"1397","GCU","CCC","0"
"1398","GCC","CCC","0"
"1399","GCA","CCC","0"
"1400","GCG","CCC","0"
"1401","GAU","CCC","0"
"1402","GAC","CCC","0"
"1403","GAA","CCC","0"
"1404","GAG","CCC","0"
"1405","GGU","CCC","0"
"1406","GGC","CCC","0"
"1407","GGA","CCC","0"
"1408","GGG","CCC","M"
"1409","UUU","ACC","0"
"1410","UUC","ACC","0"
"1411","UUA","ACC","0"
"1412","UUG","ACC","0"
"1413","UCU","ACC","0"
"1414","UCC","ACC","0"
"1415","UCA","ACC","0"
"1416","UCG","ACC","0"
"1417","UAU","ACC","0"
"1418","UAC","ACC","0"
"1419","UAA","ACC","0"
"1420","UAG","ACC","0"
"1421","UGU","ACC","0"
"1422","UGC","ACC","0"
"1423","UGA","ACC","0"
"1424","UGG","ACC","0"
"1425","CUU","ACC","0"
"1426","CUC","ACC","0"
"1427","CUA","ACC","0"
"1428","CUG","ACC","0"
"1429","CCU","ACC","0"
"1430","CCC","ACC","0"
"1431","CCA","ACC","0"
"1432","CCG","ACC","0"
"1433","CAU","ACC","0"
"1434","CAC","ACC","0"
"1435","CAA","ACC","0"
"1436","CAG","ACC","0"
"1437","CGU","ACC","0"
"1438","CGC","ACC","0"
"1439","CGA","ACC","0"
"1440","CGG","ACC","0"
"1441","AUU","ACC","0"
"1442","AUC","ACC","0"
"1443","AUA","ACC","0"
"1444","AUG","ACC","0"
"1445","ACU","ACC","0"
"1446","ACC","ACC","0"
"1447","ACA","ACC","0"
"1448","ACG","ACC","0"
"1449","AAU","ACC","0"
"1450","AAC","ACC","0"
"1451","AAA","ACC","0"
"1452","AAG","ACC","0"
"1453","AGU","ACC","0"
"1454","AGC","ACC","0"
"1455","AGA","ACC","0"
"1456","AGG","ACC","0"
"1457","GUU","ACC","0"
"1458","GUC","ACC","0"
"1459","GUA","ACC","0"
"1460","GUG","ACC","0"
"1461","GCU","ACC","0"
"1462","GCC","ACC","0"
"1463","GCA","ACC","0"
"1464","GCG","ACC","0"
"1465","GAU","ACC","0"
"1466","GAC","ACC","0"
"1467","GAA","ACC","0"
"1468","GAG","ACC","0"
"1469","GGU","ACC","M"
"1470","GGC","ACC","0"
"1471","GGA","ACC","0"
"1472","GGG","ACC","0"
"1473","UUU","GCC","0"
"1474","UUC","GCC","0"
"1475","UUA","GCC","0"
"1476","UUG","GCC","0"
"1477","UCU","GCC","0"
"1478","UCC","GCC","0"
"1479","UCA","GCC","0"
"1480","UCG","GCC","0"
"1481","UAU","GCC","0"
"1482","UAC","GCC","0"
"1483","UAA","GCC","0"
"1484","UAG","GCC","0"
"1485","UGU","GCC","0"
"1486","UGC","GCC","0"
"1487","UGA","GCC","0"
"1488","UGG","GCC","0"
"1489","CUU","GCC","0"
"1490","CUC","GCC","0"
"1491","CUA","GCC","0"
"1492","CUG","GCC","0"
"1493","CCU","GCC","0"
"1494","CCC","GCC","0"
"1495","CCA","GCC","0"
"1496","CCG","GCC","0"
"1497","CAU","GCC","0"
"1498","CAC","GCC","0"
"1499","CAA","GCC","0"
"1500","CAG","GCC","0"
"1501","CGU","GCC","0"
"1502","CGC","GCC","0"
"1503","CGA","GCC","0"
"1504","CGG","GCC","0"
"1505","AUU","GCC","0"
"1506","AUC","GCC","0"
"1507","AUA","GCC","0"
"1508","AUG","GCC","0"
"1509","ACU","GCC","0"
"1510","ACC","GCC","0"
"1511","ACA","GCC","0"
"1512","ACG","GCC","0"
"1513","AAU","GCC","0"
"1514","AAC","GCC","0"
"1515","AAA","GCC","0"
"1516","AAG","GCC","0"
"1517","AGU","GCC","0"
"1518","AGC","GCC","0"
"1519","AGA","GCC","0"
"1520","AGG","GCC","0"
"1521","GUU","GCC","0"
"1522","GUC","GCC","0"
"1523","GUA","GCC","0"
"1524","GUG","GCC","0"
"1525","GCU","GCC","0"
"1526","GCC","GCC","0"
"1527","GCA","GCC","0"
"1528","GCG","GCC","0"
"1529","GAU","GCC","0"
"1530","GAC","GCC","0"
"1531","GAA","GCC","0"
"1532","GAG","GCC","0"
"1533","GGU","GCC","GU"
"1534","GGC","GCC","M"
"1535","GGA","GCC","0"
"1536","GGG","GCC","0"
"1537","UUU","TAC","0"
"1538","UUC","TAC","0"
"1539","UUA","TAC","0"
"1540","UUG","TAC","0"
"1541","UCU","TAC","0"
"1542","UCC","TAC","0"
"1543","UCA","TAC","0"
"1544","UCG","TAC","0"
"1545","UAU","TAC","0"
"1546","UAC","TAC","0"
"1547","UAA","TAC","0"
"1548","UAG","TAC","0"
"1549","UGU","TAC","0"
"1550","UGC","TAC","0"
"1551","UGA","TAC","0"
"1552","UGG","TAC","0"
"1553","CUU","TAC","0"
"1554","CUC","TAC","0"
"1555","CUA","TAC","0"
"1556","CUG","TAC","0"
"1557","CCU","TAC","0"
"1558","CCC","TAC","0"
"1559","CCA","TAC","0"
"1560","CCG","TAC","0"
"1561","CAU","TAC","0"
"1562","CAC","TAC","0"
"1563","CAA","TAC","0"
"1564","CAG","TAC","0"
"1565","CGU","TAC","0"
"1566","CGC","TAC","0"
"1567","CGA","TAC","0"
"1568","CGG","TAC","0"
"1569","AUU","TAC","0"
"1570","AUC","TAC","0"
"1571","AUA","TAC","0"
"1572","AUG","TAC","0"
"1573","ACU","TAC","0"
"1574","ACC","TAC","0"
"1575","ACA","TAC","0"
"1576","ACG","TAC","0"
"1577","AAU","TAC","0"
"1578","AAC","TAC","0"
"1579","AAA","TAC","0"
"1580","AAG","TAC","0"
"1581","AGU","TAC","0"
"1582","AGC","TAC","0"
"1583","AGA","TAC","0"
"1584","AGG","TAC","0"
"1585","GUU","TAC","0"
"1586","GUC","TAC","0"
"1587","GUA","TAC","M"
"1588","GUG","TAC","GU"
"1589","GCU","TAC","0"
"1590","GCC","TAC","0"
"1591","GCA","TAC","0"
"1592","GCG","TAC","0"
"1593","GAU","TAC","0"
"1594","GAC","TAC","0"
"1595","GAA","TAC","0"
"1596","GAG","TAC","0"
"1597","GGU","TAC","0"
"1598","GGC","TAC","0"
"1599","GGA","TAC","0"
"1600","GGG","TAC","0"
"1601","UUU","CAC","0"
"1602","UUC","CAC","0"
"1603","UUA","CAC","0"
"1604","UUG","CAC","0"
"1605","UCU","CAC","0"
"1606","UCC","CAC","0"
"1607","UCA","CAC","0"
"1608","UCG","CAC","0"
"1609","UAU","CAC","0"
"1610","UAC","CAC","0"
"1611","UAA","CAC","0"
"1612","UAG","CAC","0"
"1613","UGU","CAC","0"
"1614","UGC","CAC","0"
"1615","UGA","CAC","0"
"1616","UGG","CAC","0"
"1617","CUU","CAC","0"
"1618","CUC","CAC","0"
"1619","CUA","CAC","0"
"1620","CUG","CAC","0"
"1621","CCU","CAC","0"
"1622","CCC","CAC","0"
"1623","CCA","CAC","0"
"1624","CCG","CAC","0"
"1625","CAU","CAC","0"
"1626","CAC","CAC","0"
"1627","CAA","CAC","0"
"1628","CAG","CAC","0"
"1629","CGU","CAC","0"
"1630","CGC","CAC","0"
"1631","CGA","CAC","0"
"1632","CGG","CAC","0"
"1633","AUU","CAC","0"
"1634","AUC","CAC","0"
"1635","AUA","CAC","0"
"1636","AUG","CAC","0"
"1637","ACU","CAC","0"
"1638","ACC","CAC","0"
"1639","ACA","CAC","0"
"1640","ACG","CAC","0"
"1641","AAU","CAC","0"
"1642","AAC","CAC","0"
"1643","AAA","CAC","0"
"1644","AAG","CAC","0"
"1645","AGU","CAC","0"
"1646","AGC","CAC","0"
"1647","AGA","CAC","0"
"1648","AGG","CAC","0"
"1649","GUU","CAC","0"
"1650","GUC","CAC","0"
"1651","GUA","CAC","0"
"1652","GUG","CAC","M"
"1653","GCU","CAC","0"
"1654","GCC","CAC","0"
"1655","GCA","CAC","0"
"1656","GCG","CAC","0"
"1657","GAU","CAC","0"
"1658","GAC","CAC","0"
"1659","GAA","CAC","0"
"1660","GAG","CAC","0"
"1661","GGU","CAC","0"
"1662","GGC","CAC","0"
"1663","GGA","CAC","0"
"1664","GGG","CAC","0"
"1665","UUU","AAC","0"
"1666","UUC","AAC","0"
"1667","UUA","AAC","0"
"1668","UUG","AAC","0"
"1669","UCU","AAC","0"
"1670","UCC","AAC","0"
"1671","UCA","AAC","0"
"1672","UCG","AAC","0"
"1673","UAU","AAC","0"
"1674","UAC","AAC","0"
"1675","UAA","AAC","0"
"1676","UAG","AAC","0"
"1677","UGU","AAC","0"
"1678","UGC","AAC","0"
"1679","UGA","AAC","0"
"1680","UGG","AAC","0"
"1681","CUU","AAC","0"
"1682","CUC","AAC","0"
"1683","CUA","AAC","0"
"1684","CUG","AAC","0"
"1685","CCU","AAC","0"
"1686","CCC","AAC","0"
"1687","CCA","AAC","0"
"1688","CCG","AAC","0"
"1689","CAU","AAC","0"
"1690","CAC","AAC","0"
"1691","CAA","AAC","0"
"1692","CAG","AAC","0"
"1693","CGU","AAC","0"
"1694","CGC","AAC","0"
"1695","CGA","AAC","0"
"1696","CGG","AAC","0"
"1697","AUU","AAC","0"
"1698","AUC","AAC","0"
"1699","AUA","AAC","0"
"1700","AUG","AAC","0"
"1701","ACU","AAC","0"
"1702","ACC","AAC","0"
"1703","ACA","AAC","0"
"1704","ACG","AAC","0"
"1705","AAU","AAC","0"
"1706","AAC","AAC","0"
"1707","AAA","AAC","0"
"1708","AAG","AAC","0"
"1709","AGU","AAC","0"
"1710","AGC","AAC","0"
"1711","AGA","AAC","0"
"1712","AGG","AAC","0"
"1713","GUU","AAC","M"
"1714","GUC","AAC","0"
"1715","GUA","AAC","0"
"1716","GUG","AAC","0"
"1717","GCU","AAC","0"
"1718","GCC","AAC","0"
"1719","GCA","AAC","0"
"1720","GCG","AAC","0"
"1721","GAU","AAC","0"
"1722","GAC","AAC","0"
"1723","GAA","AAC","0"
"1724","GAG","AAC","0"
"1725","GGU","AAC","0"
"1726","GGC","AAC","0"
"1727","GGA","AAC","0"
"1728","GGG","AAC","0"
"1729","UUU","GAC","0"
"1730","UUC","GAC","0"
"1731","UUA","GAC","0"
"1732","UUG","GAC","0"
"1733","UCU","GAC","0"
"1734","UCC","GAC","0"
"1735","UCA","GAC","0"
"1736","UCG","GAC","0"
"1737","UAU","GAC","0"
"1738","UAC","GAC","0"
"1739","UAA","GAC","0"
"1740","UAG","GAC","0"
"1741","UGU","GAC","0"
"1742","UGC","GAC","0"
"1743","UGA","GAC","0"
"1744","UGG","GAC","0"
"1745","CUU","GAC","0"
"1746","CUC","GAC","0"
"1747","CUA","GAC","0"
"1748","CUG","GAC","0"
"1749","CCU","GAC","0"
"1750","CCC","GAC","0"
"1751","CCA","GAC","0"
"1752","CCG","GAC","0"
"1753","CAU","GAC","0"
"1754","CAC","GAC","0"
"1755","CAA","GAC","0"
"1756","CAG","GAC","0"
"1757","CGU","GAC","0"
"1758","CGC","GAC","0"
"1759","CGA","GAC","0"
"1760","CGG","GAC","0"
"1761","AUU","GAC","0"
"1762","AUC","GAC","0"
"1763","AUA","GAC","0"
"1764","AUG","GAC","0"
"1765","ACU","GAC","0"
"1766","ACC","GAC","0"
"1767","ACA","GAC","0"
"1768","ACG","GAC","0"
"1769","AAU","GAC","0"
"1770","AAC","GAC","0"
"1771","AAA","GAC","0"
"1772","AAG","GAC","0"
"1773","AGU","GAC","0"
"1774","AGC","GAC","0"
"1775","AGA","GAC","0"
"1776","AGG","GAC","0"
"1777","GUU","GAC","GU"
"1778","GUC","GAC","M"
"1779","GUA","GAC","0"
"1780","GUG","GAC","0"
"1781","GCU","GAC","0"
"1782","GCC","GAC","0"
"1783","GCA","GAC","0"
"1784","GCG","GAC","0"
"1785","GAU","GAC","0"
"1786","GAC","GAC","0"
"1787","GAA","GAC","0"
"1788","GAG","GAC","0"
"1789","GGU","GAC","0"
"1790","GGC","GAC","0"
"1791","GGA","GAC","0"
"1792","GGG","GAC","0"
"1793","UUU","TGC","0"
"1794","UUC","TGC","0"
"1795","UUA","TGC","0"
"1796","UUG","TGC","0"
"1797","UCU","TGC","0"
"1798","UCC","TGC","0"
"1799","UCA","TGC","0"
"1800","UCG","TGC","0"
"1801","UAU","TGC","0"
"1802","UAC","TGC","0"
"1803","UAA","TGC","0"
"1804","UAG","TGC","0"
"1805","UGU","TGC","0"
"1806","UGC","TGC","0"
"1807","UGA","TGC","0"
"1808","UGG","TGC","0"
"1809","CUU","TGC","0"
"1810","CUC","TGC","0"
"1811","CUA","TGC","0"
"1812","CUG","TGC","0"
"1813","CCU","TGC","0"
"1814","CCC","TGC","0"
"1815","CCA","TGC","0"
"1816","CCG","TGC","0"
"1817","CAU","TGC","0"
"1818","CAC","TGC","0"
"1819","CAA","TGC","0"
"1820","CAG","TGC","0"
"1821","CGU","TGC","0"
"1822","CGC","TGC","0"
"1823","CGA","TGC","0"
"1824","CGG","TGC","0"
"1825","AUU","TGC","0"
"1826","AUC","TGC","0"
"1827","AUA","TGC","0"
"1828","AUG","TGC","0"
"1829","ACU","TGC","0"
"1830","ACC","TGC","0"
"1831","ACA","TGC","0"
"1832","ACG","TGC","0"
"1833","AAU","TGC","0"
"1834","AAC","TGC","0"
"1835","AAA","TGC","0"
"1836","AAG","TGC","0"
"1837","AGU","TGC","0"
"1838","AGC","TGC","0"
"1839","AGA","TGC","0"
"1840","AGG","TGC","0"
"1841","GUU","TGC","0"
"1842","GUC","TGC","0"
"1843","GUA","TGC","0"
"1844","GUG","TGC","0"
"1845","GCU","TGC","0"
"1846","GCC","TGC","0"
"1847","GCA","TGC","M"
"1848","GCG","TGC","GU"
"1849","GAU","TGC","0"
"1850","GAC","TGC","0"
"1851","GAA","TGC","0"
"1852","GAG","TGC","0"
"1853","GGU","TGC","0"
"1854","GGC","TGC","0"
"1855","GGA","TGC","0"
"1856","GGG","TGC","0"
"1857","UUU","CGC","0"
"1858","UUC","CGC","0"
"1859","UUA","CGC","0"
"1860","UUG","CGC","0"
"1861","UCU","CGC","0"
"1862","UCC","CGC","0"
"1863","UCA","CGC","0"
"1864","UCG","CGC","0"
"1865","UAU","CGC","0"
"1866","UAC","CGC","0"
"1867","UAA","CGC","0"
"1868","UAG","CGC","0"
"1869","UGU","CGC","0"
"1870","UGC","CGC","0"
"1871","UGA","CGC","0"
"1872","UGG","CGC","0"
"1873","CUU","CGC","0"
"1874","CUC","CGC","0"
"1875","CUA","CGC","0"
"1876","CUG","CGC","0"
"1877","CCU","CGC","0"
"1878","CCC","CGC","0"
"1879","CCA","CGC","0"
"1880","CCG","CGC","0"
"1881","CAU","CGC","0"
"1882","CAC","CGC","0"
"1883","CAA","CGC","0"
"1884","CAG","CGC","0"
"1885","CGU","CGC","0"
"1886","CGC","CGC","0"
"1887","CGA","CGC","0"
"1888","CGG","CGC","0"
"1889","AUU","CGC","0"
"1890","AUC","CGC","0"
"1891","AUA","CGC","0"
"1892","AUG","CGC","0"
"1893","ACU","CGC","0"
"1894","ACC","CGC","0"
"1895","ACA","CGC","0"
"1896","ACG","CGC","0"
"1897","AAU","CGC","0"
"1898","AAC","CGC","0"
"1899","AAA","CGC","0"
"1900","AAG","CGC","0"
"1901","AGU","CGC","0"
"1902","AGC","CGC","0"
"1903","AGA","CGC","0"
"1904","AGG","CGC","0"
"1905","GUU","CGC","0"
"1906","GUC","CGC","0"
"1907","GUA","CGC","0"
"1908","GUG","CGC","0"
"1909","GCU","CGC","0"
"1910","GCC","CGC","0"
"1911","GCA","CGC","0"
"1912","GCG","CGC","M"
"1913","GAU","CGC","0"
"1914","GAC","CGC","0"
"1915","GAA","CGC","0"
"1916","GAG","CGC","0"
"1917","GGU","CGC","0"
"1918","GGC","CGC","0"
"1919","GGA","CGC","0"
"1920","GGG","CGC","0"
"1921","UUU","AGC","0"
"1922","UUC","AGC","0"
"1923","UUA","AGC","0"
"1924","UUG","AGC","0"
"1925","UCU","AGC","0"
"1926","UCC","AGC","0"
"1927","UCA","AGC","0"
"1928","UCG","AGC","0"
"1929","UAU","AGC","0"
"1930","UAC","AGC","0"
"1931","UAA","AGC","0"
"1932","UAG","AGC","0"
"1933","UGU","AGC","0"
"1934","UGC","AGC","0"
"1935","UGA","AGC","0"
"1936","UGG","AGC","0"
"1937","CUU","AGC","0"
"1938","CUC","AGC","0"
"1939","CUA","AGC","0"
"1940","CUG","AGC","0"
"1941","CCU","AGC","0"
"1942","CCC","AGC","0"
"1943","CCA","AGC","0"
"1944","CCG","AGC","0"
"1945","CAU","AGC","0"
"1946","CAC","AGC","0"
"1947","CAA","AGC","0"
"1948","CAG","AGC","0"
"1949","CGU","AGC","0"
"1950","CGC","AGC","0"
"1951","CGA","AGC","0"
"1952","CGG","AGC","0"
"1953","AUU","AGC","0"
"1954","AUC","AGC","0"
"1955","AUA","AGC","0"
"1956","AUG","AGC","0"
"1957","ACU","AGC","0"
"1958","ACC","AGC","0"
"1959","ACA","AGC","0"
"1960","ACG","AGC","0"
"1961","AAU","AGC","0"
"1962","AAC","AGC","0"
"1963","AAA","AGC","0"
"1964","AAG","AGC","0"
"1965","AGU","AGC","0"
"1966","AGC","AGC","0"
"1967","AGA","AGC","0"
"1968","AGG","AGC","0"
"1969","GUU","AGC","0"
"1970","GUC","AGC","0"
"1971","GUA","AGC","0"
"1972","GUG","AGC","0"
"1973","GCU","AGC","M"
"1974","GCC","AGC","0"
"1975","GCA","AGC","0"
"1976","GCG","AGC","0"
"1977","GAU","AGC","0"
"1978","GAC","AGC","0"
"1979","GAA","AGC","0"
"1980","GAG","AGC","0"
"1981","GGU","AGC","0"
"1982","GGC","AGC","0"
"1983","GGA","AGC","0"
"1984","GGG","AGC","0"
"1985","UUU","GGC","0"
"1986","UUC","GGC","0"
"1987","UUA","GGC","0"
"1988","UUG","GGC","0"
"1989","UCU","GGC","0"
"1990","UCC","GGC","0"
"1991","UCA","GGC","0"
"1992","UCG","GGC","0"
"1993","UAU","GGC","0"
"1994","UAC","GGC","0"
"1995","UAA","GGC","0"
"1996","UAG","GGC","0"
"1997","UGU","GGC","0"
"1998","UGC","GGC","0"
"1999","UGA","GGC","0"
"2000","UGG","GGC","0"
"2001","CUU","GGC","0"
"2002","CUC","GGC","0"
"2003","CUA","GGC","0"
"2004","CUG","GGC","0"
"2005","CCU","GGC","0"
"2006","CCC","GGC","0"
"2007","CCA","GGC","0"
"2008","CCG","GGC","0"
"2009","CAU","GGC","0"
"2010","CAC","GGC","0"
"2011","CAA","GGC","0"
"2012","CAG","GGC","0"
"2013","CGU","GGC","0"
"2014","CGC","GGC","0"
"2015","CGA","GGC","0"
"2016","CGG","GGC","0"
"2017","AUU","GGC","0"
"2018","AUC","GGC","0"
"2019","AUA","GGC","0"
"2020","AUG","GGC","0"
"2021","ACU","GGC","0"
"2022","ACC","GGC","0"
"2023","ACA","GGC","0"
"2024","ACG","GGC","0"
"2025","AAU","GGC","0"
"2026","AAC","GGC","0"
"2027","AAA","GGC","0"
"2028","AAG","GGC","0"
"2029","AGU","GGC","0"
"2030","AGC","GGC","0"
"2031","AGA","GGC","0"
"2032","AGG","GGC","0"
"2033","GUU","GGC","0"
"2034","GUC","GGC","0"
"2035","GUA","GGC","0"
"2036","GUG","GGC","0"
"2037","GCU","GGC","GU"
"2038","GCC","GGC","M"
"2039","GCA","GGC","0"
"2040","GCG","GGC","0"
"2041","GAU","GGC","0"
"2042","GAC","GGC","0"
"2043","GAA","GGC","0"
"2044","GAG","GGC","0"
"2045","GGU","GGC","0"
"2046","GGC","GGC","0"
"2047","GGA","GGC","0"
"2048","GGG","GGC","0"
"2049","UUU","TTA","0"
"2050","UUC","TTA","0"
"2051","UUA","TTA","0"
"2052","UUG","TTA","0"
"2053","UCU","TTA","0"
"2054","UCC","TTA","0"
"2055","UCA","TTA","0"
"2056","UCG","TTA","0"
"2057","UAU","TTA","0"
"2058","UAC","TTA","0"
"2059","UAA","TTA","M"
"2060","UAG","TTA","GU"
"2061","UGU","TTA","0"
"2062","UGC","TTA","0"
"2063","UGA","TTA","0"
"2064","UGG","TTA","0"
"2065","CUU","TTA","0"
"2066","CUC","TTA","0"
"2067","CUA","TTA","0"
"2068","CUG","TTA","0"
"2069","CCU","TTA","0"
"2070","CCC","TTA","0"
"2071","CCA","TTA","0"
"2072","CCG","TTA","0"
"2073","CAU","TTA","0"
"2074","CAC","TTA","0"
"2075","CAA","TTA","0"
"2076","CAG","TTA","0"
"2077","CGU","TTA","0"
"2078","CGC","TTA","0"
"2079","CGA","TTA","0"
"2080","CGG","TTA","0"
"2081","AUU","TTA","0"
"2082","AUC","TTA","0"
"2083","AUA","TTA","0"
"2084","AUG","TTA","0"
"2085","ACU","TTA","0"
"2086","ACC","TTA","0"
"2087","ACA","TTA","0"
"2088","ACG","TTA","0"
"2089","AAU","TTA","0"
"2090","AAC","TTA","0"
"2091","AAA","TTA","0"
"2092","AAG","TTA","0"
"2093","AGU","TTA","0"
"2094","AGC","TTA","0"
"2095","AGA","TTA","0"
"2096","AGG","TTA","0"
"2097","GUU","TTA","0"
"2098","GUC","TTA","0"
"2099","GUA","TTA","0"
"2100","GUG","TTA","0"
"2101","GCU","TTA","0"
"2102","GCC","TTA","0"
"2103","GCA","TTA","0"
"2104","GCG","TTA","0"
"2105","GAU","TTA","0"
"2106","GAC","TTA","0"
"2107","GAA","TTA","0"
"2108","GAG","TTA","0"
"2109","GGU","TTA","0"
"2110","GGC","TTA","0"
"2111","GGA","TTA","0"
"2112","GGG","TTA","0"
"2113","UUU","CTA","0"
"2114","UUC","CTA","0"
"2115","UUA","CTA","0"
"2116","UUG","CTA","0"
"2117","UCU","CTA","0"
"2118","UCC","CTA","0"
"2119","UCA","CTA","0"
"2120","UCG","CTA","0"
"2121","UAU","CTA","0"
"2122","UAC","CTA","0"
"2123","UAA","CTA","0"
"2124","UAG","CTA","M"
"2125","UGU","CTA","0"
"2126","UGC","CTA","0"
"2127","UGA","CTA","0"
"2128","UGG","CTA","0"
"2129","CUU","CTA","0"
"2130","CUC","CTA","0"
"2131","CUA","CTA","0"
"2132","CUG","CTA","0"
"2133","CCU","CTA","0"
"2134","CCC","CTA","0"
"2135","CCA","CTA","0"
"2136","CCG","CTA","0"
"2137","CAU","CTA","0"
"2138","CAC","CTA","0"
"2139","CAA","CTA","0"
"2140","CAG","CTA","0"
"2141","CGU","CTA","0"
"2142","CGC","CTA","0"
"2143","CGA","CTA","0"
"2144","CGG","CTA","0"
"2145","AUU","CTA","0"
"2146","AUC","CTA","0"
"2147","AUA","CTA","0"
"2148","AUG","CTA","0"
"2149","ACU","CTA","0"
"2150","ACC","CTA","0"
"2151","ACA","CTA","0"
"2152","ACG","CTA","0"
"2153","AAU","CTA","0"
"2154","AAC","CTA","0"
"2155","AAA","CTA","0"
"2156","AAG","CTA","0"
"2157","AGU","CTA","0"
"2158","AGC","CTA","0"
"2159","AGA","CTA","0"
"2160","AGG","CTA","0"
"2161","GUU","CTA","0"
"2162","GUC","CTA","0"
"2163","GUA","CTA","0"
"2164","GUG","CTA","0"
"2165","GCU","CTA","0"
"2166","GCC","CTA","0"
"2167","GCA","CTA","0"
"2168","GCG","CTA","0"
"2169","GAU","CTA","0"
"2170","GAC","CTA","0"
"2171","GAA","CTA","0"
"2172","GAG","CTA","0"
"2173","GGU","CTA","0"
"2174","GGC","CTA","0"
"2175","GGA","CTA","0"
"2176","GGG","CTA","0"
"2177","UUU","ATA","0"
"2178","UUC","ATA","0"
"2179","UUA","ATA","0"
"2180","UUG","ATA","0"
"2181","UCU","ATA","0"
"2182","UCC","ATA","0"
"2183","UCA","ATA","0"
"2184","UCG","ATA","0"
"2185","UAU","ATA","M"
"2186","UAC","ATA","0"
"2187","UAA","ATA","0"
"2188","UAG","ATA","0"
"2189","UGU","ATA","0"
"2190","UGC","ATA","0"
"2191","UGA","ATA","0"
"2192","UGG","ATA","0"
"2193","CUU","ATA","0"
"2194","CUC","ATA","0"
"2195","CUA","ATA","0"
"2196","CUG","ATA","0"
"2197","CCU","ATA","0"
"2198","CCC","ATA","0"
"2199","CCA","ATA","0"
"2200","CCG","ATA","0"
"2201","CAU","ATA","0"
"2202","CAC","ATA","0"
"2203","CAA","ATA","0"
"2204","CAG","ATA","0"
"2205","CGU","ATA","0"
"2206","CGC","ATA","0"
"2207","CGA","ATA","0"
"2208","CGG","ATA","0"
"2209","AUU","ATA","0"
"2210","AUC","ATA","0"
"2211","AUA","ATA","0"
"2212","AUG","ATA","0"
"2213","ACU","ATA","0"
"2214","ACC","ATA","0"
"2215","ACA","ATA","0"
"2216","ACG","ATA","0"
"2217","AAU","ATA","0"
"2218","AAC","ATA","0"
"2219","AAA","ATA","0"
"2220","AAG","ATA","0"
"2221","AGU","ATA","0"
"2222","AGC","ATA","0"
"2223","AGA","ATA","0"
"2224","AGG","ATA","0"
"2225","GUU","ATA","0"
"2226","GUC","ATA","0"
"2227","GUA","ATA","0"
"2228","GUG","ATA","0"
"2229","GCU","ATA","0"
"2230","GCC","ATA","0"
"2231","GCA","ATA","0"
"2232","GCG","ATA","0"
"2233","GAU","ATA","0"
"2234","GAC","ATA","0"
"2235","GAA","ATA","0"
"2236","GAG","ATA","0"
"2237","GGU","ATA","0"
"2238","GGC","ATA","0"
"2239","GGA","ATA","0"
"2240","GGG","ATA","0"
"2241","UUU","GTA","0"
"2242","UUC","GTA","0"
"2243","UUA","GTA","0"
"2244","UUG","GTA","0"
"2245","UCU","GTA","0"
"2246","UCC","GTA","0"
"2247","UCA","GTA","0"
"2248","UCG","GTA","0"
"2249","UAU","GTA","GU"
"2250","UAC","GTA","M"
"2251","UAA","GTA","0"
"2252","UAG","GTA","0"
"2253","UGU","GTA","0"
"2254","UGC","GTA","0"
"2255","UGA","GTA","0"
"2256","UGG","GTA","0"
"2257","CUU","GTA","0"
"2258","CUC","GTA","0"
"2259","CUA","GTA","0"
"2260","CUG","GTA","0"
"2261","CCU","GTA","0"
"2262","CCC","GTA","0"
"2263","CCA","GTA","0"
"2264","CCG","GTA","0"
"2265","CAU","GTA","0"
"2266","CAC","GTA","0"
"2267","CAA","GTA","0"
"2268","CAG","GTA","0"
"2269","CGU","GTA","0"
"2270","CGC","GTA","0"
"2271","CGA","GTA","0"
"2272","CGG","GTA","0"
"2273","AUU","GTA","0"
"2274","AUC","GTA","0"
"2275","AUA","GTA","0"
"2276","AUG","GTA","0"
"2277","ACU","GTA","0"
"2278","ACC","GTA","0"
"2279","ACA","GTA","0"
"2280","ACG","GTA","0"
"2281","AAU","GTA","0"
"2282","AAC","GTA","0"
"2283","AAA","GTA","0"
"2284","AAG","GTA","0"
"2285","AGU","GTA","0"
"2286","AGC","GTA","0"
"2287","AGA","GTA","0"
"2288","AGG","GTA","0"
"2289","GUU","GTA","0"
"2290","GUC","GTA","0"
"2291","GUA","GTA","0"
"2292","GUG","GTA","0"
"2293","GCU","GTA","0"
"2294","GCC","GTA","0"
"2295","GCA","GTA","0"
"2296","GCG","GTA","0"
"2297","GAU","GTA","0"
"2298","GAC","GTA","0"
"2299","GAA","GTA","0"
"2300","GAG","GTA","0"
"2301","GGU","GTA","0"
"2302","GGC","GTA","0"
"2303","GGA","GTA","0"
"2304","GGG","GTA","0"
"2305","UUU","TCA","0"
"2306","UUC","TCA","0"
"2307","UUA","TCA","0"
"2308","UUG","TCA","0"
"2309","UCU","TCA","0"
"2310","UCC","TCA","0"
"2311","UCA","TCA","0"
"2312","UCG","TCA","0"
"2313","UAU","TCA","0"
"2314","UAC","TCA","0"
"2315","UAA","TCA","0"
"2316","UAG","TCA","0"
"2317","UGU","TCA","0"
"2318","UGC","TCA","0"
"2319","UGA","TCA","M"
"2320","UGG","TCA","0"
"2321","CUU","TCA","0"
"2322","CUC","TCA","0"
"2323","CUA","TCA","0"
"2324","CUG","TCA","0"
"2325","CCU","TCA","0"
"2326","CCC","TCA","0"
"2327","CCA","TCA","0"
"2328","CCG","TCA","0"
"2329","CAU","TCA","0"
"2330","CAC","TCA","0"
"2331","CAA","TCA","0"
"2332","CAG","TCA","0"
"2333","CGU","TCA","0"
"2334","CGC","TCA","0"
"2335","CGA","TCA","0"
"2336","CGG","TCA","0"
"2337","AUU","TCA","0"
"2338","AUC","TCA","0"
"2339","AUA","TCA","0"
"2340","AUG","TCA","0"
"2341","ACU","TCA","0"
"2342","ACC","TCA","0"
"2343","ACA","TCA","0"
"2344","ACG","TCA","0"
"2345","AAU","TCA","0"
"2346","AAC","TCA","0"
"2347","AAA","TCA","0"
"2348","AAG","TCA","0"
"2349","AGU","TCA","0"
"2350","AGC","TCA","0"
"2351","AGA","TCA","0"
"2352","AGG","TCA","0"
"2353","GUU","TCA","0"
"2354","GUC","TCA","0"
"2355","GUA","TCA","0"
"2356","GUG","TCA","0"
"2357","GCU","TCA","0"
"2358","GCC","TCA","0"
"2359","GCA","TCA","0"
"2360","GCG","TCA","0"
"2361","GAU","TCA","0"
"2362","GAC","TCA","0"
"2363","GAA","TCA","0"
"2364","GAG","TCA","0"
"2365","GGU","TCA","0"
"2366","GGC","TCA","0"
"2367","GGA","TCA","0"
"2368","GGG","TCA","0"
"2369","UUU","CCA","0"
"2370","UUC","CCA","0"
"2371","UUA","CCA","0"
"2372","UUG","CCA","0"
"2373","UCU","CCA","0"
"2374","UCC","CCA","0"
"2375","UCA","CCA","0"
"2376","UCG","CCA","0"
"2377","UAU","CCA","0"
"2378","UAC","CCA","0"
"2379","UAA","CCA","0"
"2380","UAG","CCA","0"
"2381","UGU","CCA","0"
"2382","UGC","CCA","0"
"2383","UGA","CCA","0"
"2384","UGG","CCA","M"
"2385","CUU","CCA","0"
"2386","CUC","CCA","0"
"2387","CUA","CCA","0"
"2388","CUG","CCA","0"
"2389","CCU","CCA","0"
"2390","CCC","CCA","0"
"2391","CCA","CCA","0"
"2392","CCG","CCA","0"
"2393","CAU","CCA","0"
"2394","CAC","CCA","0"
"2395","CAA","CCA","0"
"2396","CAG","CCA","0"
"2397","CGU","CCA","0"
"2398","CGC","CCA","0"
"2399","CGA","CCA","0"
"2400","CGG","CCA","0"
"2401","AUU","CCA","0"
"2402","AUC","CCA","0"
"2403","AUA","CCA","0"
"2404","AUG","CCA","0"
"2405","ACU","CCA","0"
"2406","ACC","CCA","0"
"2407","ACA","CCA","0"
"2408","ACG","CCA","0"
"2409","AAU","CCA","0"
"2410","AAC","CCA","0"
"2411","AAA","CCA","0"
"2412","AAG","CCA","0"
"2413","AGU","CCA","0"
"2414","AGC","CCA","0"
"2415","AGA","CCA","0"
"2416","AGG","CCA","0"
"2417","GUU","CCA","0"
"2418","GUC","CCA","0"
"2419","GUA","CCA","0"
"2420","GUG","CCA","0"
"2421","GCU","CCA","0"
"2422","GCC","CCA","0"
"2423","GCA","CCA","0"
"2424","GCG","CCA","0"
"2425","GAU","CCA","0"
"2426","GAC","CCA","0"
"2427","GAA","CCA","0"
"2428","GAG","CCA","0"
"2429","GGU","CCA","0"
"2430","GGC","CCA","0"
"2431","GGA","CCA","0"
"2432","GGG","CCA","0"
"2433","UUU","ACA","0"
"2434","UUC","ACA","0"
"2435","UUA","ACA","0"
"2436","UUG","ACA","0"
"2437","UCU","ACA","0"
"2438","UCC","ACA","0"
"2439","UCA","ACA","0"
"2440","UCG","ACA","0"
"2441","UAU","ACA","0"
"2442","UAC","ACA","0"
"2443","UAA","ACA","0"
"2444","UAG","ACA","0"
"2445","UGU","ACA","M"
"2446","UGC","ACA","0"
"2447","UGA","ACA","0"
"2448","UGG","ACA","0"
"2449","CUU","ACA","0"
"2450","CUC","ACA","0"
"2451","CUA","ACA","0"
"2452","CUG","ACA","0"
"2453","CCU","ACA","0"
"2454","CCC","ACA","0"
"2455","CCA","ACA","0"
"2456","CCG","ACA","0"
"2457","CAU","ACA","0"
"2458","CAC","ACA","0"
"2459","CAA","ACA","0"
"2460","CAG","ACA","0"
"2461","CGU","ACA","0"
"2462","CGC","ACA","0"
"2463","CGA","ACA","0"
"2464","CGG","ACA","0"
"2465","AUU","ACA","0"
"2466","AUC","ACA","0"
"2467","AUA","ACA","0"
"2468","AUG","ACA","0"
"2469","ACU","ACA","0"
"2470","ACC","ACA","0"
"2471","ACA","ACA","0"
"2472","ACG","ACA","0"
"2473","AAU","ACA","0"
"2474","AAC","ACA","0"
"2475","AAA","ACA","0"
"2476","AAG","ACA","0"
"2477","AGU","ACA","0"
"2478","AGC","ACA","0"
"2479","AGA","ACA","0"
"2480","AGG","ACA","0"
"2481","GUU","ACA","0"
"2482","GUC","ACA","0"
"2483","GUA","ACA","0"
"2484","GUG","ACA","0"
"2485","GCU","ACA","0"
"2486","GCC","ACA","0"
"2487","GCA","ACA","0"
"2488","GCG","ACA","0"
"2489","GAU","ACA","0"
"2490","GAC","ACA","0"
"2491","GAA","ACA","0"
"2492","GAG","ACA","0"
"2493","GGU","ACA","0"
"2494","GGC","ACA","0"
"2495","GGA","ACA","0"
"2496","GGG","ACA","0"
"2497","UUU","GCA","0"
"2498","UUC","GCA","0"
"2499","UUA","GCA","0"
"2500","UUG","GCA","0"
"2501","UCU","GCA","0"
"2502","UCC","GCA","0"
"2503","UCA","GCA","0"
"2504","UCG","GCA","0"
"2505","UAU","GCA","0"
"2506","UAC","GCA","0"
"2507","UAA","GCA","0"
"2508","UAG","GCA","0"
"2509","UGU","GCA","GU"
"2510","UGC","GCA","M"
"2511","UGA","GCA","0"
"2512","UGG","GCA","0"
"2513","CUU","GCA","0"
"2514","CUC","GCA","0"
"2515","CUA","GCA","0"
"2516","CUG","GCA","0"
"2517","CCU","GCA","0"
"2518","CCC","GCA","0"
"2519","CCA","GCA","0"
"2520","CCG","GCA","0"
"2521","CAU","GCA","0"
"2522","CAC","GCA","0"
"2523","CAA","GCA","0"
"2524","CAG","GCA","0"
"2525","CGU","GCA","0"
"2526","CGC","GCA","0"
"2527","CGA","GCA","0"
"2528","CGG","GCA","0"
"2529","AUU","GCA","0"
"2530","AUC","GCA","0"
"2531","AUA","GCA","0"
"2532","AUG","GCA","0"
"2533","ACU","GCA","0"
"2534","ACC","GCA","0"
"2535","ACA","GCA","0"
"2536","ACG","GCA","0"
"2537","AAU","GCA","0"
"2538","AAC","GCA","0"
"2539","AAA","GCA","0"
"2540","AAG","GCA","0"
"2541","AGU","GCA","0"
"2542","AGC","GCA","0"
"2543","AGA","GCA","0"
"2544","AGG","GCA","0"
"2545","GUU","GCA","0"
"2546","GUC","GCA","0"
"2547","GUA","GCA","0"
"2548","GUG","GCA","0"
"2549","GCU","GCA","0"
"2550","GCC","GCA","0"
"2551","GCA","GCA","0"
"2552","GCG","GCA","0"
"2553","GAU","GCA","0"
"2554","GAC","GCA","0"
"2555","GAA","GCA","0"
"2556","GAG","GCA","0"
"2557","GGU","GCA","0"
"2558","GGC","GCA","0"
"2559","GGA","GCA","0"
"2560","GGG","GCA","0"
"2561","UUU","TAA","0"
"2562","UUC","TAA","0"
"2563","UUA","TAA","M"
"2564","UUG","TAA","GU"
"2565","UCU","TAA","0"
"2566","UCC","TAA","0"
"2567","UCA","TAA","0"
"2568","UCG","TAA","0"
"2569","UAU","TAA","0"
"2570","UAC","TAA","0"
"2571","UAA","TAA","0"
"2572","UAG","TAA","0"
"2573","UGU","TAA","0"
"2574","UGC","TAA","0"
"2575","UGA","TAA","0"
"2576","UGG","TAA","0"
"2577","CUU","TAA","0"
"2578","CUC","TAA","0"
"2579","CUA","TAA","0"
"2580","CUG","TAA","0"
"2581","CCU","TAA","0"
"2582","CCC","TAA","0"
"2583","CCA","TAA","0"
"2584","CCG","TAA","0"
"2585","CAU","TAA","0"
"2586","CAC","TAA","0"
"2587","CAA","TAA","0"
"2588","CAG","TAA","0"
"2589","CGU","TAA","0"
"2590","CGC","TAA","0"
"2591","CGA","TAA","0"
"2592","CGG","TAA","0"
"2593","AUU","TAA","0"
"2594","AUC","TAA","0"
"2595","AUA","TAA","0"
"2596","AUG","TAA","0"
"2597","ACU","TAA","0"
"2598","ACC","TAA","0"
"2599","ACA","TAA","0"
"2600","ACG","TAA","0"
"2601","AAU","TAA","0"
"2602","AAC","TAA","0"
"2603","AAA","TAA","0"
"2604","AAG","TAA","0"
"2605","AGU","TAA","0"
"2606","AGC","TAA","0"
"2607","AGA","TAA","0"
"2608","AGG","TAA","0"
"2609","GUU","TAA","0"
"2610","GUC","TAA","0"
"2611","GUA","TAA","0"
"2612","GUG","TAA","0"
"2613","GCU","TAA","0"
"2614","GCC","TAA","0"
"2615","GCA","TAA","0"
"2616","GCG","TAA","0"
"2617","GAU","TAA","0"
"2618","GAC","TAA","0"
"2619","GAA","TAA","0"
"2620","GAG","TAA","0"
"2621","GGU","TAA","0"
"2622","GGC","TAA","0"
"2623","GGA","TAA","0"
"2624","GGG","TAA","0"
"2625","UUU","CAA","0"
"2626","UUC","CAA","0"
"2627","UUA","CAA","0"
"2628","UUG","CAA","M"
"2629","UCU","CAA","0"
"2630","UCC","CAA","0"
"2631","UCA","CAA","0"
"2632","UCG","CAA","0"
"2633","UAU","CAA","0"
"2634","UAC","CAA","0"
"2635","UAA","CAA","0"
"2636","UAG","CAA","0"
"2637","UGU","CAA","0"
"2638","UGC","CAA","0"
"2639","UGA","CAA","0"
"2640","UGG","CAA","0"
"2641","CUU","CAA","0"
"2642","CUC","CAA","0"
"2643","CUA","CAA","0"
"2644","CUG","CAA","0"
"2645","CCU","CAA","0"
"2646","CCC","CAA","0"
"2647","CCA","CAA","0"
"2648","CCG","CAA","0"
"2649","CAU","CAA","0"
"2650","CAC","CAA","0"
"2651","CAA","CAA","0"
"2652","CAG","CAA","0"
"2653","CGU","CAA","0"
"2654","CGC","CAA","0"
"2655","CGA","CAA","0"
"2656","CGG","CAA","0"
"2657","AUU","CAA","0"
"2658","AUC","CAA","0"
"2659","AUA","CAA","0"
"2660","AUG","CAA","0"
"2661","ACU","CAA","0"
"2662","ACC","CAA","0"
"2663","ACA","CAA","0"
"2664","ACG","CAA","0"
"2665","AAU","CAA","0"
"2666","AAC","CAA","0"
"2667","AAA","CAA","0"
"2668","AAG","CAA","0"
"2669","AGU","CAA","0"
"2670","AGC","CAA","0"
"2671","AGA","CAA","0"
"2672","AGG","CAA","0"
"2673","GUU","CAA","0"
"2674","GUC","CAA","0"
"2675","GUA","CAA","0"
"2676","GUG","CAA","0"
"2677","GCU","CAA","0"
"2678","GCC","CAA","0"
"2679","GCA","CAA","0"
"2680","GCG","CAA","0"
"2681","GAU","CAA","0"
"2682","GAC","CAA","0"
"2683","GAA","CAA","0"
"2684","GAG","CAA","0"
"2685","GGU","CAA","0"
"2686","GGC","CAA","0"
"2687","GGA","CAA","0"
"2688","GGG","CAA","0"
"2689","UUU","AAA","M"
"2690","UUC","AAA","0"
"2691","UUA","AAA","0"
"2692","UUG","AAA","0"
"2693","UCU","AAA","0"
"2694","UCC","AAA","0"
"2695","UCA","AAA","0"
"2696","UCG","AAA","0"
"2697","UAU","AAA","0"
"2698","UAC","AAA","0"
"2699","UAA","AAA","0"
"2700","UAG","AAA","0"
"2701","UGU","AAA","0"
"2702","UGC","AAA","0"
"2703","UGA","AAA","0"
"2704","UGG","AAA","0"
"2705","CUU","AAA","0"
"2706","CUC","AAA","0"
"2707","CUA","AAA","0"
"2708","CUG","AAA","0"
"2709","CCU","AAA","0"
"2710","CCC","AAA","0"
"2711","CCA","AAA","0"
"2712","CCG","AAA","0"
"2713","CAU","AAA","0"
"2714","CAC","AAA","0"
"2715","CAA","AAA","0"
"2716","CAG","AAA","0"
"2717","CGU","AAA","0"
"2718","CGC","AAA","0"
"2719","CGA","AAA","0"
"2720","CGG","AAA","0"
"2721","AUU","AAA","0"
"2722","AUC","AAA","0"
"2723","AUA","AAA","0"
"2724","AUG","AAA","0"
"2725","ACU","AAA","0"
"2726","ACC","AAA","0"
"2727","ACA","AAA","0"
"2728","ACG","AAA","0"
"2729","AAU","AAA","0"
"2730","AAC","AAA","0"
"2731","AAA","AAA","0"
"2732","AAG","AAA","0"
"2733","AGU","AAA","0"
"2734","AGC","AAA","0"
"2735","AGA","AAA","0"
"2736","AGG","AAA","0"
"2737","GUU","AAA","0"
"2738","GUC","AAA","0"
"2739","GUA","AAA","0"
"2740","GUG","AAA","0"
"2741","GCU","AAA","0"
"2742","GCC","AAA","0"
"2743","GCA","AAA","0"
"2744","GCG","AAA","0"
"2745","GAU","AAA","0"
"2746","GAC","AAA","0"
"2747","GAA","AAA","0"
"2748","GAG","AAA","0"
"2749","GGU","AAA","0"
"2750","GGC","AAA","0"
"2751","GGA","AAA","0"
"2752","GGG","AAA","0"
"2753","UUU","GAA","GU"
"2754","UUC","GAA","M"
"2755","UUA","GAA","0"
"2756","UUG","GAA","0"
"2757","UCU","GAA","0"
"2758","UCC","GAA","0"
"2759","UCA","GAA","0"
"2760","UCG","GAA","0"
"2761","UAU","GAA","0"
"2762","UAC","GAA","0"
"2763","UAA","GAA","0"
"2764","UAG","GAA","0"
"2765","UGU","GAA","0"
"2766","UGC","GAA","0"
"2767","UGA","GAA","0"
"2768","UGG","GAA","0"
"2769","CUU","GAA","0"
"2770","CUC","GAA","0"
"2771","CUA","GAA","0"
"2772","CUG","GAA","0"
"2773","CCU","GAA","0"
"2774","CCC","GAA","0"
"2775","CCA","GAA","0"
"2776","CCG","GAA","0"
"2777","CAU","GAA","0"
"2778","CAC","GAA","0"
"2779","CAA","GAA","0"
"2780","CAG","GAA","0"
"2781","CGU","GAA","0"
"2782","CGC","GAA","0"
"2783","CGA","GAA","0"
"2784","CGG","GAA","0"
"2785","AUU","GAA","0"
"2786","AUC","GAA","0"
"2787","AUA","GAA","0"
"2788","AUG","GAA","0"
"2789","ACU","GAA","0"
"2790","ACC","GAA","0"
"2791","ACA","GAA","0"
"2792","ACG","GAA","0"
"2793","AAU","GAA","0"
"2794","AAC","GAA","0"
"2795","AAA","GAA","0"
"2796","AAG","GAA","0"
"2797","AGU","GAA","0"
"2798","AGC","GAA","0"
"2799","AGA","GAA","0"
"2800","AGG","GAA","0"
"2801","GUU","GAA","0"
"2802","GUC","GAA","0"
"2803","GUA","GAA","0"
"2804","GUG","GAA","0"
"2805","GCU","GAA","0"
"2806","GCC","GAA","0"
"2807","GCA","GAA","0"
"2808","GCG","GAA","0"
"2809","GAU","GAA","0"
"2810","GAC","GAA","0"
"2811","GAA","GAA","0"
"2812","GAG","GAA","0"
"2813","GGU","GAA","0"
"2814","GGC","GAA","0"
"2815","GGA","GAA","0"
"2816","GGG","GAA","0"
"2817","UUU","TGA","0"
"2818","UUC","TGA","0"
"2819","UUA","TGA","0"
"2820","UUG","TGA","0"
"2821","UCU","TGA","0"
"2822","UCC","TGA","0"
"2823","UCA","TGA","M"
"2824","UCG","TGA","GU"
"2825","UAU","TGA","0"
"2826","UAC","TGA","0"
"2827","UAA","TGA","0"
"2828","UAG","TGA","0"
"2829","UGU","TGA","0"
"2830","UGC","TGA","0"
"2831","UGA","TGA","0"
"2832","UGG","TGA","0"
"2833","CUU","TGA","0"
"2834","CUC","TGA","0"
"2835","CUA","TGA","0"
"2836","CUG","TGA","0"
"2837","CCU","TGA","0"
"2838","CCC","TGA","0"
"2839","CCA","TGA","0"
"2840","CCG","TGA","0"
"2841","CAU","TGA","0"
"2842","CAC","TGA","0"
"2843","CAA","TGA","0"
"2844","CAG","TGA","0"
"2845","CGU","TGA","0"
"2846","CGC","TGA","0"
"2847","CGA","TGA","0"
"2848","CGG","TGA","0"
"2849","AUU","TGA","0"
"2850","AUC","TGA","0"
"2851","AUA","TGA","0"
"2852","AUG","TGA","0"
"2853","ACU","TGA","0"
"2854","ACC","TGA","0"
"2855","ACA","TGA","0"
"2856","ACG","TGA","0"
"2857","AAU","TGA","0"
"2858","AAC","TGA","0"
"2859","AAA","TGA","0"
"2860","AAG","TGA","0"
"2861","AGU","TGA","0"
"2862","AGC","TGA","0"
"2863","AGA","TGA","0"
"2864","AGG","TGA","0"
"2865","GUU","TGA","0"
"2866","GUC","TGA","0"
"2867","GUA","TGA","0"
"2868","GUG","TGA","0"
"2869","GCU","TGA","0"
"2870","GCC","TGA","0"
"2871","GCA","TGA","0"
"2872","GCG","TGA","0"
"2873","GAU","TGA","0"
"2874","GAC","TGA","0"
"2875","GAA","TGA","0"
"2876","GAG","TGA","0"
"2877","GGU","TGA","0"
"2878","GGC","TGA","0"
"2879","GGA","TGA","0"
"2880","GGG","TGA","0"
"2881","UUU","CGA","0"
"2882","UUC","CGA","0"
"2883","UUA","CGA","0"
"2884","UUG","CGA","0"
"2885","UCU","CGA","0"
"2886","UCC","CGA","0"
"2887","UCA","CGA","0"
"2888","UCG","CGA","M"
"2889","UAU","CGA","0"
"2890","UAC","CGA","0"
"2891","UAA","CGA","0"
"2892","UAG","CGA","0"
"2893","UGU","CGA","0"
"2894","UGC","CGA","0"
"2895","UGA","CGA","0"
"2896","UGG","CGA","0"
"2897","CUU","CGA","0"
"2898","CUC","CGA","0"
"2899","CUA","CGA","0"
"2900","CUG","CGA","0"
"2901","CCU","CGA","0"
"2902","CCC","CGA","0"
"2903","CCA","CGA","0"
"2904","CCG","CGA","0"
"2905","CAU","CGA","0"
"2906","CAC","CGA","0"
"2907","CAA","CGA","0"
"2908","CAG","CGA","0"
"2909","CGU","CGA","0"
"2910","CGC","CGA","0"
"2911","CGA","CGA","0"
"2912","CGG","CGA","0"
"2913","AUU","CGA","0"
"2914","AUC","CGA","0"
"2915","AUA","CGA","0"
"2916","AUG","CGA","0"
"2917","ACU","CGA","0"
"2918","ACC","CGA","0"
"2919","ACA","CGA","0"
"2920","ACG","CGA","0"
"2921","AAU","CGA","0"
"2922","AAC","CGA","0"
"2923","AAA","CGA","0"
"2924","AAG","CGA","0"
"2925","AGU","CGA","0"
"2926","AGC","CGA","0"
"2927","AGA","CGA","0"
"2928","AGG","CGA","0"
"2929","GUU","CGA","0"
"2930","GUC","CGA","0"
"2931","GUA","CGA","0"
"2932","GUG","CGA","0"
"2933","GCU","CGA","0"
"2934","GCC","CGA","0"
"2935","GCA","CGA","0"
"2936","GCG","CGA","0"
"2937","GAU","CGA","0"
"2938","GAC","CGA","0"
"2939","GAA","CGA","0"
"2940","GAG","CGA","0"
"2941","GGU","CGA","0"
"2942","GGC","CGA","0"
"2943","GGA","CGA","0"
"2944","GGG","CGA","0"
"2945","UUU","AGA","0"
"2946","UUC","AGA","0"
"2947","UUA","AGA","0"
"2948","UUG","AGA","0"
"2949","UCU","AGA","M"
"2950","UCC","AGA","0"
"2951","UCA","AGA","0"
"2952","UCG","AGA","0"
"2953","UAU","AGA","0"
"2954","UAC","AGA","0"
"2955","UAA","AGA","0"
"2956","UAG","AGA","0"
"2957","UGU","AGA","0"
"2958","UGC","AGA","0"
"2959","UGA","AGA","0"
"2960","UGG","AGA","0"
"2961","CUU","AGA","0"
"2962","CUC","AGA","0"
"2963","CUA","AGA","0"
"2964","CUG","AGA","0"
"2965","CCU","AGA","0"
"2966","CCC","AGA","0"
"2967","CCA","AGA","0"
"2968","CCG","AGA","0"
"2969","CAU","AGA","0"
"2970","CAC","AGA","0"
"2971","CAA","AGA","0"
"2972","CAG","AGA","0"
"2973","CGU","AGA","0"
"2974","CGC","AGA","0"
"2975","CGA","AGA","0"
"2976","CGG","AGA","0"
"2977","AUU","AGA","0"
"2978","AUC","AGA","0"
"2979","AUA","AGA","0"
"2980","AUG","AGA","0"
"2981","ACU","AGA","0"
"2982","ACC","AGA","0"
"2983","ACA","AGA","0"
"2984","ACG","AGA","0"
"2985","AAU","AGA","0"
"2986","AAC","AGA","0"
"2987","AAA","AGA","0"
"2988","AAG","AGA","0"
"2989","AGU","AGA","0"
"2990","AGC","AGA","0"
"2991","AGA","AGA","0"
"2992","AGG","AGA","0"
"2993","GUU","AGA","0"
"2994","GUC","AGA","0"
"2995","GUA","AGA","0"
"2996","GUG","AGA","0"
"2997","GCU","AGA","0"
"2998","GCC","AGA","0"
"2999","GCA","AGA","0"
"3000","GCG","AGA","0"
"3001","GAU","AGA","0"
"3002","GAC","AGA","0"
"3003","GAA","AGA","0"
"3004","GAG","AGA","0"
"3005","GGU","AGA","0"
"3006","GGC","AGA","0"
"3007","GGA","AGA","0"
"3008","GGG","AGA","0"
"3009","UUU","GGA","0"
"3010","UUC","GGA","0"
"3011","UUA","GGA","0"
"3012","UUG","GGA","0"
"3013","UCU","GGA","GU"
"3014","UCC","GGA","M"
"3015","UCA","GGA","0"
"3016","UCG","GGA","0"
"3017","UAU","GGA","0"
"3018","UAC","GGA","0"
"3019","UAA","GGA","0"
"3020","UAG","GGA","0"
"3021","UGU","GGA","0"
"3022","UGC","GGA","0"
"3023","UGA","GGA","0"
"3024","UGG","GGA","0"
"3025","CUU","GGA","0"
"3026","CUC","GGA","0"
"3027","CUA","GGA","0"
"3028","CUG","GGA","0"
"3029","CCU","GGA","0"
"3030","CCC","GGA","0"
"3031","CCA","GGA","0"
"3032","CCG","GGA","0"
"3033","CAU","GGA","0"
"3034","CAC","GGA","0"
"3035","CAA","GGA","0"
"3036","CAG","GGA","0"
"3037","CGU","GGA","0"
"3038","CGC","GGA","0"
"3039","CGA","GGA","0"
"3040","CGG","GGA","0"
"3041","AUU","GGA","0"
"3042","AUC","GGA","0"
"3043","AUA","GGA","0"
"3044","AUG","GGA","0"
"3045","ACU","GGA","0"
"3046","ACC","GGA","0"
"3047","ACA","GGA","0"
"3048","ACG","GGA","0"
"3049","AAU","GGA","0"
"3050","AAC","GGA","0"
"3051","AAA","GGA","0"
"3052","AAG","GGA","0"
"3053","AGU","GGA","0"
"3054","AGC","GGA","0"
"3055","AGA","GGA","0"
"3056","AGG","GGA","0"
"3057","GUU","GGA","0"
"3058","GUC","GGA","0"
"3059","GUA","GGA","0"
"3060","GUG","GGA","0"
"3061","GCU","GGA","0"
"3062","GCC","GGA","0"
"3063","GCA","GGA","0"
"3064","GCG","GGA","0"
"3065","GAU","GGA","0"
"3066","GAC","GGA","0"
"3067","GAA","GGA","0"
"3068","GAG","GGA","0"
"3069","GGU","GGA","0"
"3070","GGC","GGA","0"
"3071","GGA","GGA","0"
"3072","GGG","GGA","0"
"3073","UUU","TTG","0"
"3074","UUC","TTG","0"
"3075","UUA","TTG","0"
"3076","UUG","TTG","0"
"3077","UCU","TTG","0"
"3078","UCC","TTG","0"
"3079","UCA","TTG","0"
"3080","UCG","TTG","0"
"3081","UAU","TTG","0"
"3082","UAC","TTG","0"
"3083","UAA","TTG","0"
"3084","UAG","TTG","0"
"3085","UGU","TTG","0"
"3086","UGC","TTG","0"
"3087","UGA","TTG","0"
"3088","UGG","TTG","0"
"3089","CUU","TTG","0"
"3090","CUC","TTG","0"
"3091","CUA","TTG","0"
"3092","CUG","TTG","0"
"3093","CCU","TTG","0"
"3094","CCC","TTG","0"
"3095","CCA","TTG","0"
"3096","CCG","TTG","0"
"3097","CAU","TTG","0"
"3098","CAC","TTG","0"
"3099","CAA","TTG","M"
"3100","CAG","TTG","GU"
"3101","CGU","TTG","0"
"3102","CGC","TTG","0"
"3103","CGA","TTG","0"
"3104","CGG","TTG","0"
"3105","AUU","TTG","0"
"3106","AUC","TTG","0"
"3107","AUA","TTG","0"
"3108","AUG","TTG","0"
"3109","ACU","TTG","0"
"3110","ACC","TTG","0"
"3111","ACA","TTG","0"
"3112","ACG","TTG","0"
"3113","AAU","TTG","0"
"3114","AAC","TTG","0"
"3115","AAA","TTG","0"
"3116","AAG","TTG","0"
"3117","AGU","TTG","0"
"3118","AGC","TTG","0"
"3119","AGA","TTG","0"
"3120","AGG","TTG","0"
"3121","GUU","TTG","0"
"3122","GUC","TTG","0"
"3123","GUA","TTG","0"
"3124","GUG","TTG","0"
"3125","GCU","TTG","0"
"3126","GCC","TTG","0"
"3127","GCA","TTG","0"
"3128","GCG","TTG","0"
"3129","GAU","TTG","0"
"3130","GAC","TTG","0"
"3131","GAA","TTG","0"
"3132","GAG","TTG","0"
"3133","GGU","TTG","0"
"3134","GGC","TTG","0"
"3135","GGA","TTG","0"
"3136","GGG","TTG","0"
"3137","UUU","CTG","0"
"3138","UUC","CTG","0"
"3139","UUA","CTG","0"
"3140","UUG","CTG","0"
"3141","UCU","CTG","0"
"3142","UCC","CTG","0"
"3143","UCA","CTG","0"
"3144","UCG","CTG","0"
"3145","UAU","CTG","0"
"3146","UAC","CTG","0"
"3147","UAA","CTG","0"
"3148","UAG","CTG","0"
"3149","UGU","CTG","0"
"3150","UGC","CTG","0"
"3151","UGA","CTG","0"
"3152","UGG","CTG","0"
"3153","CUU","CTG","0"
"3154","CUC","CTG","0"
"3155","CUA","CTG","0"
"3156","CUG","CTG","0"
"3157","CCU","CTG","0"
"3158","CCC","CTG","0"
"3159","CCA","CTG","0"
"3160","CCG","CTG","0"
"3161","CAU","CTG","0"
"3162","CAC","CTG","0"
"3163","CAA","CTG","0"
"3164","CAG","CTG","M"
"3165","CGU","CTG","0"
"3166","CGC","CTG","0"
"3167","CGA","CTG","0"
"3168","CGG","CTG","0"
"3169","AUU","CTG","0"
"3170","AUC","CTG","0"
"3171","AUA","CTG","0"
"3172","AUG","CTG","0"
"3173","ACU","CTG","0"
"3174","ACC","CTG","0"
"3175","ACA","CTG","0"
"3176","ACG","CTG","0"
"3177","AAU","CTG","0"
"3178","AAC","CTG","0"
"3179","AAA","CTG","0"
"3180","AAG","CTG","0"
"3181","AGU","CTG","0"
"3182","AGC","CTG","0"
"3183","AGA","CTG","0"
"3184","AGG","CTG","0"
"3185","GUU","CTG","0"
"3186","GUC","CTG","0"
"3187","GUA","CTG","0"
"3188","GUG","CTG","0"
"3189","GCU","CTG","0"
"3190","GCC","CTG","0"
"3191","GCA","CTG","0"
"3192","GCG","CTG","0"
"3193","GAU","CTG","0"
"3194","GAC","CTG","0"
"3195","GAA","CTG","0"
"3196","GAG","CTG","0"
"3197","GGU","CTG","0"
"3198","GGC","CTG","0"
"3199","GGA","CTG","0"
"3200","GGG","CTG","0"
"3201","UUU","ATG","0"
"3202","UUC","ATG","0"
"3203","UUA","ATG","0"
"3204","UUG","ATG","0"
"3205","UCU","ATG","0"
"3206","UCC","ATG","0"
"3207","UCA","ATG","0"
"3208","UCG","ATG","0"
"3209","UAU","ATG","0"
"3210","UAC","ATG","0"
"3211","UAA","ATG","0"
"3212","UAG","ATG","0"
"3213","UGU","ATG","0"
"3214","UGC","ATG","0"
"3215","UGA","ATG","0"
"3216","UGG","ATG","0"
"3217","CUU","ATG","0"
"3218","CUC","ATG","0"
"3219","CUA","ATG","0"
"3220","CUG","ATG","0"
"3221","CCU","ATG","0"
"3222","CCC","ATG","0"
"3223","CCA","ATG","0"
"3224","CCG","ATG","0"
"3225","CAU","ATG","M"
"3226","CAC","ATG","0"
"3227","CAA","ATG","0"
"3228","CAG","ATG","0"
"3229","CGU","ATG","0"
"3230","CGC","ATG","0"
"3231","CGA","ATG","0"
"3232","CGG","ATG","0"
"3233","AUU","ATG","0"
"3234","AUC","ATG","0"
"3235","AUA","ATG","0"
"3236","AUG","ATG","0"
"3237","ACU","ATG","0"
"3238","ACC","ATG","0"
"3239","ACA","ATG","0"
"3240","ACG","ATG","0"
"3241","AAU","ATG","0"
"3242","AAC","ATG","0"
"3243","AAA","ATG","0"
"3244","AAG","ATG","0"
"3245","AGU","ATG","0"
"3246","AGC","ATG","0"
"3247","AGA","ATG","0"
"3248","AGG","ATG","0"
"3249","GUU","ATG","0"
"3250","GUC","ATG","0"
"3251","GUA","ATG","0"
"3252","GUG","ATG","0"
"3253","GCU","ATG","0"
"3254","GCC","ATG","0"
"3255","GCA","ATG","0"
"3256","GCG","ATG","0"
"3257","GAU","ATG","0"
"3258","GAC","ATG","0"
"3259","GAA","ATG","0"
"3260","GAG","ATG","0"
"3261","GGU","ATG","0"
"3262","GGC","ATG","0"
"3263","GGA","ATG","0"
"3264","GGG","ATG","0"
"3265","UUU","GTG","0"
"3266","UUC","GTG","0"
"3267","UUA","GTG","0"
"3268","UUG","GTG","0"
"3269","UCU","GTG","0"
"3270","UCC","GTG","0"
"3271","UCA","GTG","0"
"3272","UCG","GTG","0"
"3273","UAU","GTG","0"
"3274","UAC","GTG","0"
"3275","UAA","GTG","0"
"3276","UAG","GTG","0"
"3277","UGU","GTG","0"
"3278","UGC","GTG","0"
"3279","UGA","GTG","0"
"3280","UGG","GTG","0"
"3281","CUU","GTG","0"
"3282","CUC","GTG","0"
"3283","CUA","GTG","0"
"3284","CUG","GTG","0"
"3285","CCU","GTG","0"
"3286","CCC","GTG","0"
"3287","CCA","GTG","0"
"3288","CCG","GTG","0"
"3289","CAU","GTG","GU"
"3290","CAC","GTG","M"
"3291","CAA","GTG","0"
"3292","CAG","GTG","0"
"3293","CGU","GTG","0"
"3294","CGC","GTG","0"
"3295","CGA","GTG","0"
"3296","CGG","GTG","0"
"3297","AUU","GTG","0"
"3298","AUC","GTG","0"
"3299","AUA","GTG","0"
"3300","AUG","GTG","0"
"3301","ACU","GTG","0"
"3302","ACC","GTG","0"
"3303","ACA","GTG","0"
"3304","ACG","GTG","0"
"3305","AAU","GTG","0"
"3306","AAC","GTG","0"
"3307","AAA","GTG","0"
"3308","AAG","GTG","0"
"3309","AGU","GTG","0"
"3310","AGC","GTG","0"
"3311","AGA","GTG","0"
"3312","AGG","GTG","0"
"3313","GUU","GTG","0"
"3314","GUC","GTG","0"
"3315","GUA","GTG","0"
"3316","GUG","GTG","0"
"3317","GCU","GTG","0"
"3318","GCC","GTG","0"
"3319","GCA","GTG","0"
"3320","GCG","GTG","0"
"3321","GAU","GTG","0"
"3322","GAC","GTG","0"
"3323","GAA","GTG","0"
"3324","GAG","GTG","0"
"3325","GGU","GTG","0"
"3326","GGC","GTG","0"
"3327","GGA","GTG","0"
"3328","GGG","GTG","0"
"3329","UUU","TCG","0"
"3330","UUC","TCG","0"
"3331","UUA","TCG","0"
"3332","UUG","TCG","0"
"3333","UCU","TCG","0"
"3334","UCC","TCG","0"
"3335","UCA","TCG","0"
"3336","UCG","TCG","0"
"3337","UAU","TCG","0"
"3338","UAC","TCG","0"
"3339","UAA","TCG","0"
"3340","UAG","TCG","0"
"3341","UGU","TCG","0"
"3342","UGC","TCG","0"
"3343","UGA","TCG","0"
"3344","UGG","TCG","0"
"3345","CUU","TCG","0"
"3346","CUC","TCG","0"
"3347","CUA","TCG","0"
"3348","CUG","TCG","0"
"3349","CCU","TCG","0"
"3350","CCC","TCG","0"
"3351","CCA","TCG","0"
"3352","CCG","TCG","0"
"3353","CAU","TCG","0"
"3354","CAC","TCG","0"
"3355","CAA","TCG","0"
"3356","CAG","TCG","0"
"3357","CGU","TCG","0"
"3358","CGC","TCG","0"
"3359","CGA","TCG","M"
"3360","CGG","TCG","GU"
"3361","AUU","TCG","0"
"3362","AUC","TCG","0"
"3363","AUA","TCG","0"
"3364","AUG","TCG","0"
"3365","ACU","TCG","0"
"3366","ACC","TCG","0"
"3367","ACA","TCG","0"
"3368","ACG","TCG","0"
"3369","AAU","TCG","0"
"3370","AAC","TCG","0"
"3371","AAA","TCG","0"
"3372","AAG","TCG","0"
"3373","AGU","TCG","0"
"3374","AGC","TCG","0"
"3375","AGA","TCG","0"
"3376","AGG","TCG","0"
"3377","GUU","TCG","0"
"3378","GUC","TCG","0"
"3379","GUA","TCG","0"
"3380","GUG","TCG","0"
"3381","GCU","TCG","0"
"3382","GCC","TCG","0"
"3383","GCA","TCG","0"
"3384","GCG","TCG","0"
"3385","GAU","TCG","0"
"3386","GAC","TCG","0"
"3387","GAA","TCG","0"
"3388","GAG","TCG","0"
"3389","GGU","TCG","0"
"3390","GGC","TCG","0"
"3391","GGA","TCG","0"
"3392","GGG","TCG","0"
"3393","UUU","CCG","0"
"3394","UUC","CCG","0"
"3395","UUA","CCG","0"
"3396","UUG","CCG","0"
"3397","UCU","CCG","0"
"3398","UCC","CCG","0"
"3399","UCA","CCG","0"
"3400","UCG","CCG","0"
"3401","UAU","CCG","0"
"3402","UAC","CCG","0"
"3403","UAA","CCG","0"
"3404","UAG","CCG","0"
"3405","UGU","CCG","0"
"3406","UGC","CCG","0"
"3407","UGA","CCG","0"
"3408","UGG","CCG","0"
"3409","CUU","CCG","0"
"3410","CUC","CCG","0"
"3411","CUA","CCG","0"
"3412","CUG","CCG","0"
"3413","CCU","CCG","0"
"3414","CCC","CCG","0"
"3415","CCA","CCG","0"
"3416","CCG","CCG","0"
"3417","CAU","CCG","0"
"3418","CAC","CCG","0"
"3419","CAA","CCG","0"
"3420","CAG","CCG","0"
"3421","CGU","CCG","0"
"3422","CGC","CCG","0"
"3423","CGA","CCG","0"
"3424","CGG","CCG","M"
"3425","AUU","CCG","0"
"3426","AUC","CCG","0"
"3427","AUA","CCG","0"
"3428","AUG","CCG","0"
"3429","ACU","CCG","0"
"3430","ACC","CCG","0"
"3431","ACA","CCG","0"
"3432","ACG","CCG","0"
"3433","AAU","CCG","0"
"3434","AAC","CCG","0"
"3435","AAA","CCG","0"
"3436","AAG","CCG","0"
"3437","AGU","CCG","0"
"3438","AGC","CCG","0"
"3439","AGA","CCG","0"
"3440","AGG","CCG","0"
"3441","GUU","CCG","0"
"3442","GUC","CCG","0"
"3443","GUA","CCG","0"
"3444","GUG","CCG","0"
"3445","GCU","CCG","0"
"3446","GCC","CCG","0"
"3447","GCA","CCG","0"
"3448","GCG","CCG","0"
"3449","GAU","CCG","0"
"3450","GAC","CCG","0"
"3451","GAA","CCG","0"
"3452","GAG","CCG","0"
"3453","GGU","CCG","0"
"3454","GGC","CCG","0"
"3455","GGA","CCG","0"
"3456","GGG","CCG","0"
"3457","UUU","ACG","0"
"3458","UUC","ACG","0"
"3459","UUA","ACG","0"
"3460","UUG","ACG","0"
"3461","UCU","ACG","0"
"3462","UCC","ACG","0"
"3463","UCA","ACG","0"
"3464","UCG","ACG","0"
"3465","UAU","ACG","0"
"3466","UAC","ACG","0"
"3467","UAA","ACG","0"
"3468","UAG","ACG","0"
"3469","UGU","ACG","0"
"3470","UGC","ACG","0"
"3471","UGA","ACG","0"
"3472","UGG","ACG","0"
"3473","CUU","ACG","0"
"3474","CUC","ACG","0"
"3475","CUA","ACG","0"
"3476","CUG","ACG","0"
"3477","CCU","ACG","0"
"3478","CCC","ACG","0"
"3479","CCA","ACG","0"
"3480","CCG","ACG","0"
"3481","CAU","ACG","0"
"3482","CAC","ACG","0"
"3483","CAA","ACG","0"
"3484","CAG","ACG","0"
"3485","CGU","ACG","M"
"3486","CGC","ACG","0"
"3487","CGA","ACG","0"
"3488","CGG","ACG","0"
"3489","AUU","ACG","0"
"3490","AUC","ACG","0"
"3491","AUA","ACG","0"
"3492","AUG","ACG","0"
"3493","ACU","ACG","0"
"3494","ACC","ACG","0"
"3495","ACA","ACG","0"
"3496","ACG","ACG","0"
"3497","AAU","ACG","0"
"3498","AAC","ACG","0"
"3499","AAA","ACG","0"
"3500","AAG","ACG","0"
"3501","AGU","ACG","0"
"3502","AGC","ACG","0"
"3503","AGA","ACG","0"
"3504","AGG","ACG","0"
"3505","GUU","ACG","0"
"3506","GUC","ACG","0"
"3507","GUA","ACG","0"
"3508","GUG","ACG","0"
"3509","GCU","ACG","0"
"3510","GCC","ACG","0"
"3511","GCA","ACG","0"
"3512","GCG","ACG","0"
"3513","GAU","ACG","0"
"3514","GAC","ACG","0"
"3515","GAA","ACG","0"
"3516","GAG","ACG","0"
"3517","GGU","ACG","0"
"3518","GGC","ACG","0"
"3519","GGA","ACG","0"
"3520","GGG","ACG","0"
"3521","UUU","GCG","0"
"3522","UUC","GCG","0"
"3523","UUA","GCG","0"
"3524","UUG","GCG","0"
"3525","UCU","GCG","0"
"3526","UCC","GCG","0"
"3527","UCA","GCG","0"
"3528","UCG","GCG","0"
"3529","UAU","GCG","0"
"3530","UAC","GCG","0"
"3531","UAA","GCG","0"
"3532","UAG","GCG","0"
"3533","UGU","GCG","0"
"3534","UGC","GCG","0"
"3535","UGA","GCG","0"
"3536","UGG","GCG","0"
"3537","CUU","GCG","0"
"3538","CUC","GCG","0"
"3539","CUA","GCG","0"
"3540","CUG","GCG","0"
"3541","CCU","GCG","0"
"3542","CCC","GCG","0"
"3543","CCA","GCG","0"
"3544","CCG","GCG","0"
"3545","CAU","GCG","0"
"3546","CAC","GCG","0"
"3547","CAA","GCG","0"
"3548","CAG","GCG","0"
"3549","CGU","GCG","GU"
"3550","CGC","GCG","M"
"3551","CGA","GCG","0"
"3552","CGG","GCG","0"
"3553","AUU","GCG","0"
"3554","AUC","GCG","0"
"3555","AUA","GCG","0"
"3556","AUG","GCG","0"
"3557","ACU","GCG","0"
"3558","ACC","GCG","0"
"3559","ACA","GCG","0"
"3560","ACG","GCG","0"
"3561","AAU","GCG","0"
"3562","AAC","GCG","0"
"3563","AAA","GCG","0"
"3564","AAG","GCG","0"
"3565","AGU","GCG","0"
"3566","AGC","GCG","0"
"3567","AGA","GCG","0"
"3568","AGG","GCG","0"
"3569","GUU","GCG","0"
"3570","GUC","GCG","0"
"3571","GUA","GCG","0"
"3572","GUG","GCG","0"
"3573","GCU","GCG","0"
"3574","GCC","GCG","0"
"3575","GCA","GCG","0"
"3576","GCG","GCG","0"
"3577","GAU","GCG","0"
"3578","GAC","GCG","0"
"3579","GAA","GCG","0"
"3580","GAG","GCG","0"
"3581","GGU","GCG","0"
"3582","GGC","GCG","0"
"3583","GGA","GCG","0"
"3584","GGG","GCG","0"
"3585","UUU","TAG","0"
"3586","UUC","TAG","0"
"3587","UUA","TAG","0"
"3588","UUG","TAG","0"
"3589","UCU","TAG","0"
"3590","UCC","TAG","0"
"3591","UCA","TAG","0"
"3592","UCG","TAG","0"
"3593","UAU","TAG","0"
"3594","UAC","TAG","0"
"3595","UAA","TAG","0"
"3596","UAG","TAG","0"
"3597","UGU","TAG","0"
"3598","UGC","TAG","0"
"3599","UGA","TAG","0"
"3600","UGG","TAG","0"
"3601","CUU","TAG","0"
"3602","CUC","TAG","0"
"3603","CUA","TAG","M"
"3604","CUG","TAG","GU"
"3605","CCU","TAG","0"
"3606","CCC","TAG","0"
"3607","CCA","TAG","0"
"3608","CCG","TAG","0"
"3609","CAU","TAG","0"
"3610","CAC","TAG","0"
"3611","CAA","TAG","0"
"3612","CAG","TAG","0"
"3613","CGU","TAG","0"
"3614","CGC","TAG","0"
"3615","CGA","TAG","0"
"3616","CGG","TAG","0"
"3617","AUU","TAG","0"
"3618","AUC","TAG","0"
"3619","AUA","TAG","0"
"3620","AUG","TAG","0"
"3621","ACU","TAG","0"
"3622","ACC","TAG","0"
"3623","ACA","TAG","0"
"3624","ACG","TAG","0"
"3625","AAU","TAG","0"
"3626","AAC","TAG","0"
"3627","AAA","TAG","0"
"3628","AAG","TAG","0"
"3629","AGU","TAG","0"
"3630","AGC","TAG","0"
"3631","AGA","TAG","0"
"3632","AGG","TAG","0"
"3633","GUU","TAG","0"
"3634","GUC","TAG","0"
"3635","GUA","TAG","0"
"3636","GUG","TAG","0"
"3637","GCU","TAG","0"
"3638","GCC","TAG","0"
"3639","GCA","TAG","0"
"3640","GCG","TAG","0"
"3641","GAU","TAG","0"
"3642","GAC","TAG","0"
"3643","GAA","TAG","0"
"3644","GAG","TAG","0"
"3645","GGU","TAG","0"
"3646","GGC","TAG","0"
"3647","GGA","TAG","0"
"3648","GGG","TAG","0"
"3649","UUU","CAG","0"
"3650","UUC","CAG","0"
"3651","UUA","CAG","0"
"3652","UUG","CAG","0"
"3653","UCU","CAG","0"
"3654","UCC","CAG","0"
"3655","UCA","CAG","0"
"3656","UCG","CAG","0"
"3657","UAU","CAG","0"
"3658","UAC","CAG","0"
"3659","UAA","CAG","0"
"3660","UAG","CAG","0"
"3661","UGU","CAG","0"
"3662","UGC","CAG","0"
"3663","UGA","CAG","0"
"3664","UGG","CAG","0"
"3665","CUU","CAG","0"
"3666","CUC","CAG","0"
"3667","CUA","CAG","0"
"3668","CUG","CAG","M"
"3669","CCU","CAG","0"
"3670","CCC","CAG","0"
"3671","CCA","CAG","0"
"3672","CCG","CAG","0"
"3673","CAU","CAG","0"
"3674","CAC","CAG","0"
"3675","CAA","CAG","0"
"3676","CAG","CAG","0"
"3677","CGU","CAG","0"
"3678","CGC","CAG","0"
"3679","CGA","CAG","0"
"3680","CGG","CAG","0"
"3681","AUU","CAG","0"
"3682","AUC","CAG","0"
"3683","AUA","CAG","0"
"3684","AUG","CAG","0"
"3685","ACU","CAG","0"
"3686","ACC","CAG","0"
"3687","ACA","CAG","0"
"3688","ACG","CAG","0"
"3689","AAU","CAG","0"
"3690","AAC","CAG","0"
"3691","AAA","CAG","0"
"3692","AAG","CAG","0"
"3693","AGU","CAG","0"
"3694","AGC","CAG","0"
"3695","AGA","CAG","0"
"3696","AGG","CAG","0"
"3697","GUU","CAG","0"
"3698","GUC","CAG","0"
"3699","GUA","CAG","0"
"3700","GUG","CAG","0"
"3701","GCU","CAG","0"
"3702","GCC","CAG","0"
"3703","GCA","CAG","0"
"3704","GCG","CAG","0"
"3705","GAU","CAG","0"
"3706","GAC","CAG","0"
"3707","GAA","CAG","0"
"3708","GAG","CAG","0"
"3709","GGU","CAG","0"
"3710","GGC","CAG","0"
"3711","GGA","CAG","0"
"3712","GGG","CAG","0"
"3713","UUU","AAG","0"
"3714","UUC","AAG","0"
"3715","UUA","AAG","0"
"3716","UUG","AAG","0"
"3717","UCU","AAG","0"
"3718","UCC","AAG","0"
"3719","UCA","AAG","0"
"3720","UCG","AAG","0"
"3721","UAU","AAG","0"
"3722","UAC","AAG","0"
"3723","UAA","AAG","0"
"3724","UAG","AAG","0"
"3725","UGU","AAG","0"
"3726","UGC","AAG","0"
"3727","UGA","AAG","0"
"3728","UGG","AAG","0"
"3729","CUU","AAG","M"
"3730","CUC","AAG","0"
"3731","CUA","AAG","0"
"3732","CUG","AAG","0"
"3733","CCU","AAG","0"
"3734","CCC","AAG","0"
"3735","CCA","AAG","0"
"3736","CCG","AAG","0"
"3737","CAU","AAG","0"
"3738","CAC","AAG","0"
"3739","CAA","AAG","0"
"3740","CAG","AAG","0"
"3741","CGU","AAG","0"
"3742","CGC","AAG","0"
"3743","CGA","AAG","0"
"3744","CGG","AAG","0"
"3745","AUU","AAG","0"
"3746","AUC","AAG","0"
"3747","AUA","AAG","0"
"3748","AUG","AAG","0"
"3749","ACU","AAG","0"
"3750","ACC","AAG","0"
"3751","ACA","AAG","0"
"3752","ACG","AAG","0"
"3753","AAU","AAG","0"
"3754","AAC","AAG","0"
"3755","AAA","AAG","0"
"3756","AAG","AAG","0"
"3757","AGU","AAG","0"
"3758","AGC","AAG","0"
"3759","AGA","AAG","0"
"3760","AGG","AAG","0"
"3761","GUU","AAG","0"
"3762","GUC","AAG","0"
"3763","GUA","AAG","0"
"3764","GUG","AAG","0"
"3765","GCU","AAG","0"
"3766","GCC","AAG","0"
"3767","GCA","AAG","0"
"3768","GCG","AAG","0"
"3769","GAU","AAG","0"
"3770","GAC","AAG","0"
"3771","GAA","AAG","0"
"3772","GAG","AAG","0"
"3773","GGU","AAG","0"
"3774","GGC","AAG","0"
"3775","GGA","AAG","0"
"3776","GGG","AAG","0"
"3777","UUU","GAG","0"
"3778","UUC","GAG","0"
"3779","UUA","GAG","0"
"3780","UUG","GAG","0"
"3781","UCU","GAG","0"
"3782","UCC","GAG","0"
"3783","UCA","GAG","0"
"3784","UCG","GAG","0"
"3785","UAU","GAG","0"
"3786","UAC","GAG","0"
"3787","UAA","GAG","0"
"3788","UAG","GAG","0"
"3789","UGU","GAG","0"
"3790","UGC","GAG","0"
"3791","UGA","GAG","0"
"3792","UGG","GAG","0"
"3793","CUU","GAG","GU"
"3794","CUC","GAG","M"
"3795","CUA","GAG","0"
"3796","CUG","GAG","0"
"3797","CCU","GAG","0"
"3798","CCC","GAG","0"
"3799","CCA","GAG","0"
"3800","CCG","GAG","0"
"3801","CAU","GAG","0"
"3802","CAC","GAG","0"
"3803","CAA","GAG","0"
"3804","CAG","GAG","0"
"3805","CGU","GAG","0"
"3806","CGC","GAG","0"
"3807","CGA","GAG","0"
"3808","CGG","GAG","0"
"3809","AUU","GAG","0"
"3810","AUC","GAG","0"
"3811","AUA","GAG","0"
"3812","AUG","GAG","0"
"3813","ACU","GAG","0"
"3814","ACC","GAG","0"
"3815","ACA","GAG","0"
"3816","ACG","GAG","0"
"3817","AAU","GAG","0"
"3818","AAC","GAG","0"
"3819","AAA","GAG","0"
"3820","AAG","GAG","0"
"3821","AGU","GAG","0"
"3822","AGC","GAG","0"
"3823","AGA","GAG","0"
"3824","AGG","GAG","0"
"3825","GUU","GAG","0"
"3826","GUC","GAG","0"
"3827","GUA","GAG","0"
"3828","GUG","GAG","0"
"3829","GCU","GAG","0"
"3830","GCC","GAG","0"
"3831","GCA","GAG","0"
"3832","GCG","GAG","0"
"3833","GAU","GAG","0"
"3834","GAC","GAG","0"
"3835","GAA","GAG","0"
"3836","GAG","GAG","0"
"3837","GGU","GAG","0"
"3838","GGC","GAG","0"
"3839","GGA","GAG","0"
"3840","GGG","GAG","0"
"3841","UUU","TGG","0"
"3842","UUC","TGG","0"
"3843","UUA","TGG","0"
"3844","UUG","TGG","0"
"3845","UCU","TGG","0"
"3846","UCC","TGG","0"
"3847","UCA","TGG","0"
"3848","UCG","TGG","0"
"3849","UAU","TGG","0"
"3850","UAC","TGG","0"
"3851","UAA","TGG","0"
"3852","UAG","TGG","0"
"3853","UGU","TGG","0"
"3854","UGC","TGG","0"
"3855","UGA","TGG","0"
"3856","UGG","TGG","0"
"3857","CUU","TGG","0"
"3858","CUC","TGG","0"
"3859","CUA","TGG","0"
"3860","CUG","TGG","0"
"3861","CCU","TGG","0"
"3862","CCC","TGG","0"
"3863","CCA","TGG","M"
"3864","CCG","TGG","GU"
"3865","CAU","TGG","0"
"3866","CAC","TGG","0"
"3867","CAA","TGG","0"
"3868","CAG","TGG","0"
"3869","CGU","TGG","0"
"3870","CGC","TGG","0"
"3871","CGA","TGG","0"
"3872","CGG","TGG","0"
"3873","AUU","TGG","0"
"3874","AUC","TGG","0"
"3875","AUA","TGG","0"
"3876","AUG","TGG","0"
"3877","ACU","TGG","0"
"3878","ACC","TGG","0"
"3879","ACA","TGG","0"
"3880","ACG","TGG","0"
"3881","AAU","TGG","0"
"3882","AAC","TGG","0"
"3883","AAA","TGG","0"
"3884","AAG","TGG","0"
"3885","AGU","TGG","0"
"3886","AGC","TGG","0"
"3887","AGA","TGG","0"
"3888","AGG","TGG","0"
"3889","GUU","TGG","0"
"3890","GUC","TGG","0"
"3891","GUA","TGG","0"
"3892","GUG","TGG","0"
"3893","GCU","TGG","0"
"3894","GCC","TGG","0"
"3895","GCA","TGG","0"
"3896","GCG","TGG","0"
"3897","GAU","TGG","0"
"3898","GAC","TGG","0"
"3899","GAA","TGG","0"
"3900","GAG","TGG","0"
"3901","GGU","TGG","0"
"3902","GGC","TGG","0"
"3903","GGA","TGG","0"
"3904","GGG","TGG","0"
"3905","UUU","CGG","0"
"3906","UUC","CGG","0"
"3907","UUA","CGG","0"
"3908","UUG","CGG","0"
"3909","UCU","CGG","0"
"3910","UCC","CGG","0"
"3911","UCA","CGG","0"
"3912","UCG","CGG","0"
"3913","UAU","CGG","0"
"3914","UAC","CGG","0"
"3915","UAA","CGG","0"
"3916","UAG","CGG","0"
"3917","UGU","CGG","0"
"3918","UGC","CGG","0"
"3919","UGA","CGG","0"
"3920","UGG","CGG","0"
"3921","CUU","CGG","0"
"3922","CUC","CGG","0"
"3923","CUA","CGG","0"
"3924","CUG","CGG","0"
"3925","CCU","CGG","0"
"3926","CCC","CGG","0"
"3927","CCA","CGG","0"
"3928","CCG","CGG","M"
"3929","CAU","CGG","0"
"3930","CAC","CGG","0"
"3931","CAA","CGG","0"
"3932","CAG","CGG","0"
"3933","CGU","CGG","0"
"3934","CGC","CGG","0"
"3935","CGA","CGG","0"
"3936","CGG","CGG","0"
"3937","AUU","CGG","0"
"3938","AUC","CGG","0"
"3939","AUA","CGG","0"
"3940","AUG","CGG","0"
"3941","ACU","CGG","0"
"3942","ACC","CGG","0"
"3943","ACA","CGG","0"
"3944","ACG","CGG","0"
"3945","AAU","CGG","0"
"3946","AAC","CGG","0"
"3947","AAA","CGG","0"
"3948","AAG","CGG","0"
"3949","AGU","CGG","0"
"3950","AGC","CGG","0"
"3951","AGA","CGG","0"
"3952","AGG","CGG","0"
"3953","GUU","CGG","0"
"3954","GUC","CGG","0"
"3955","GUA","CGG","0"
"3956","GUG","CGG","0"
"3957","GCU","CGG","0"
"3958","GCC","CGG","0"
"3959","GCA","CGG","0"
"3960","GCG","CGG","0"
"3961","GAU","CGG","0"
"3962","GAC","CGG","0"
"3963","GAA","CGG","0"
"3964","GAG","CGG","0"
"3965","GGU","CGG","0"
"3966","GGC","CGG","0"
"3967","GGA","CGG","0"
"3968","GGG","CGG","0"
"3969","UUU","AGG","0"
"3970","UUC","AGG","0"
"3971","UUA","AGG","0"
"3972","UUG","AGG","0"
"3973","UCU","AGG","0"
"3974","UCC","AGG","0"
"3975","UCA","AGG","0"
"3976","UCG","AGG","0"
"3977","UAU","AGG","0"
"3978","UAC","AGG","0"
"3979","UAA","AGG","0"
"3980","UAG","AGG","0"
"3981","UGU","AGG","0"
"3982","UGC","AGG","0"
"3983","UGA","AGG","0"
"3984","UGG","AGG","0"
"3985","CUU","AGG","0"
"3986","CUC","AGG","0"
"3987","CUA","AGG","0"
"3988","CUG","AGG","0"
"3989","CCU","AGG","M"
"3990","CCC","AGG","0"
"3991","CCA","AGG","0"
"3992","CCG","AGG","0"
"3993","CAU","AGG","0"
"3994","CAC","AGG","0"
"3995","CAA","AGG","0"
"3996","CAG","AGG","0"
"3997","CGU","AGG","0"
"3998","CGC","AGG","0"
"3999","CGA","AGG","0"
"4000","CGG","AGG","0"
"4001","AUU","AGG","0"
"4002","AUC","AGG","0"
"4003","AUA","AGG","0"
"4004","AUG","AGG","0"
"4005","ACU","AGG","0"
"4006","ACC","AGG","0"
"4007","ACA","AGG","0"
"4008","ACG","AGG","0"
"4009","AAU","AGG","0"
"4010","AAC","AGG","0"
"4011","AAA","AGG","0"
"4012","AAG","AGG","0"
"4013","AGU","AGG","0"
"4014","AGC","AGG","0"
"4015","AGA","AGG","0"
"4016","AGG","AGG","0"
"4017","GUU","AGG","0"
"4018","GUC","AGG","0"
"4019","GUA","AGG","0"
"4020","GUG","AGG","0"
"4021","GCU","AGG","0"
"4022","GCC","AGG","0"
"4023","GCA","AGG","0"
"4024","GCG","AGG","0"
"4025","GAU","AGG","0"
"4026","GAC","AGG","0"
"4027","GAA","AGG","0"
"4028","GAG","AGG","0"
"4029","GGU","AGG","0"
"4030","GGC","AGG","0"
"4031","GGA","AGG","0"
"4032","GGG","AGG","0"
"4033","UUU","GGG","0"
"4034","UUC","GGG","0"
"4035","UUA","GGG","0"
"4036","UUG","GGG","0"
"4037","UCU","GGG","0"
"4038","UCC","GGG","0"
"4039","UCA","GGG","0"
"4040","UCG","GGG","0"
"4041","UAU","GGG","0"
"4042","UAC","GGG","0"
"4043","UAA","GGG","0"
"4044","UAG","GGG","0"
"4045","UGU","GGG","0"
"4046","UGC","GGG","0"
"4047","UGA","GGG","0"
"4048","UGG","GGG","0"
"4049","CUU","GGG","0"
"4050","CUC","GGG","0"
"4051","CUA","GGG","0"
"4052","CUG","GGG","0"
"4053","CCU","GGG","GU"
"4054","CCC","GGG","M"
"4055","CCA","GGG","0"
"4056","CCG","GGG","0"
"4057","CAU","GGG","0"
"4058","CAC","GGG","0"
"4059","CAA","GGG","0"
"4060","CAG","GGG","0"
"4061","CGU","GGG","0"
"4062","CGC","GGG","0"
"4063","CGA","GGG","0"
"4064","CGG","GGG","0"
"4065","AUU","GGG","0"
"4066","AUC","GGG","0"
"4067","AUA","GGG","0"
"4068","AUG","GGG","0"
"4069","ACU","GGG","0"
"4070","ACC","GGG","0"
"4071","ACA","GGG","0"
"4072","ACG","GGG","0"
"4073","AAU","GGG","0"
"4074","AAC","GGG","0"
"4075","AAA","GGG","0"
"4076","AAG","GGG","0"
"4077","AGU","GGG","0"
"4078","AGC","GGG","0"
"4079","AGA","GGG","0"
"4080","AGG","GGG","0"
"4081","GUU","GGG","0"
"4082","GUC","GGG","0"
"4083","GUA","GGG","0"
"4084","GUG","GGG","0"
"4085","GCU","GGG","0"
"4086","GCC","GGG","0"
"4087","GCA","GGG","0"
"4088","GCG","GGG","0"
"4089","GAU","GGG","0"
"4090","GAC","GGG","0"
"4091","GAA","GGG","0"
"4092","GAG","GGG","0"
"4093","GGU","GGG","0"
"4094","GGC","GGG","0"
"4095","GGA","GGG","0"
"4096","GGG","GGG","0"
