Assembly_Acc,core,unique(merged$organism_id)
GCA_000007185.1,000007185.1,GCF_000007185.1
GCA_000007225.1,000007225.1,GCF_000007225.1
GCA_000007345.1,000007345.1,GCF_000007345.1
GCA_000008265.1,000008265.1,GCF_000008265.1
GCA_000008665.1,000008665.1,GCF_000008665.1
GCA_000009185.1,000009185.1,GCF_000009185.1
GCA_000009965.1,000009965.1,GCF_000009965.1
GCA_000011005.1,000011005.1,GCF_000011005.1
GCA_000011085.1,000011085.1,GCF_000011085.1
GCA_000011105.1,000011105.1,GCF_000011105.1
GCA_000011125.1,000011125.1,GCF_000011125.1
GCA_000011185.1,000011185.1,GCF_000011185.1
GCA_000011205.1,000011205.1,GCF_000011205.1
GCA_000012285.1,000012285.1,GCF_000012285.1
GCA_000012545.1,000012545.1,GCF_000012545.1
GCA_000013445.1,000013445.1,GCF_000013445.1
GCA_000013725.1,000013725.1,GCF_000013725.1
GCA_000014945.1,000014945.1,GCF_000014945.1
GCA_000015145.1,000015145.1,GCF_000015145.1
GCA_000015205.1,000015205.1,GCF_000015205.1
GCA_000015225.1,000015225.1,GCF_000015225.1
GCA_000015765.1,000015765.1,GCF_000015765.1
GCA_000015805.1,000015805.1,GCF_000015805.1
GCA_000015825.1,000015825.1,GCF_000015825.1
GCA_000015945.1,000015945.1,GCF_000015945.1
GCA_000016385.1,000016385.1,GCF_000016385.1
GCA_000016525.1,000016525.1,GCF_000016525.1
GCA_000016605.1,000016605.1,GCF_000016605.1
GCA_000017165.1,000017165.1,GCF_000017165.1
GCA_000017185.1,000017185.1,GCF_000017185.1
GCA_000017625.1,000017625.1,GCF_000017625.1
GCA_000017945.1,000017945.1,GCF_000017945.1
GCA_000018305.1,000018305.1,GCF_000018305.1
GCA_000018365.1,000018365.1,GCF_000018365.1
GCA_000018465.1,000018465.1,GCF_000018465.1
GCA_000019605.1,000019605.1,GCF_000019605.1
GCA_000019805.1,000019805.1,GCF_000019805.1
GCA_000021965.1,000021965.1,GCF_000021965.1
GCA_000022205.1,000022205.1,GCF_000022205.1
GCA_000022365.1,000022365.1,GCF_000022365.1
GCA_000022445.1,000022445.1,GCF_000022445.1
GCA_000022545.1,000022545.1,GCF_000022545.1
GCA_000023945.1,000023945.1,GCF_000023945.1
GCA_000023965.1,000023965.1,GCF_000023965.1
GCA_000023985.1,000023985.1,GCF_000023985.1
GCA_000024185.1,000024185.1,GCF_000024185.1
GCA_000024625.1,000024625.1,GCF_000024625.1
GCA_000025285.1,000025285.1,GCF_000025285.1
GCA_000025325.1,000025325.1,GCF_000025325.1
GCA_000025505.1,000025505.1,GCF_000025505.1
GCA_000025625.1,000025625.1,GCF_000025625.1
GCA_000025685.1,000025685.1,GCF_000025685.1
GCA_000025865.1,000025865.1,GCF_000025865.1
GCA_000026045.1,000026045.1,GCF_000026045.1
GCA_000063445.1,000063445.1,GCF_000063445.1
GCA_000091665.1,000091665.1,GCF_000091665.1
GCA_000092185.1,000092185.1,GCF_000092185.1
GCA_000092305.1,000092305.1,GCF_000092305.1
GCA_000092465.1,000092465.1,GCF_000092465.1
GCA_000144915.1,000144915.1,GCF_000144915.1
GCA_000145295.1,000145295.1,GCF_000145295.1
GCA_000147875.1,000147875.1,GCF_000147875.1
GCA_000148385.1,000148385.1,GCF_000148385.1
GCA_000151105.2,000151105.2,GCF_000151105.2
GCA_000152265.2,000152265.2,GCF_000152265.2
GCA_000172995.2,000172995.2,GCF_000172995.2
GCA_000179575.2,000179575.2,GCF_000179575.2
GCA_000186365.1,000186365.1,GCF_000186365.1
GCA_000190315.1,000190315.1,GCF_000190315.1
GCA_000191585.1,000191585.1,GCF_000191585.1
GCA_000193375.1,000193375.1,GCF_000193375.1
GCA_000194625.1,000194625.1,GCF_000194625.1
GCA_000195915.1,000195915.1,GCF_000195915.1
GCA_000195935.2,000195935.2,GCF_000195935.2
GCA_000196655.1,000196655.1,GCF_000196655.1
GCA_000196895.1,000196895.1,GCF_000196895.1
GCA_000204415.1,000204415.1,GCF_000204415.1
GCA_000204925.1,000204925.1,GCF_000204925.1
GCA_000213215.1,000213215.1,GCF_000213215.1
GCA_000214415.1,000214415.1,GCF_000214415.1
GCA_000214725.1,000214725.1,GCF_000214725.1
GCA_000215995.1,000215995.1,GCF_000215995.1
GCA_000217715.1,000217715.1,GCF_000217715.1
GCA_000217995.1,000217995.1,GCF_000217995.1
GCA_000223395.1,000223395.1,GCF_000223395.1
GCA_000223905.1,000223905.1,GCF_000223905.1
GCA_000234805.1,000234805.1,GCF_000234805.1
GCA_000235565.1,000235565.1,GCF_000235565.1
GCA_000251105.1,000251105.1,GCF_000251105.1
GCA_000253055.1,000253055.1,GCF_000253055.1
GCA_000258425.1,000258425.1,GCF_000258425.1
GCA_000264495.1,000264495.1,GCF_000264495.1
GCA_000265525.1,000265525.1,GCF_000265525.1
GCA_000299365.1,000299365.1,GCF_000299365.1
GCA_000299395.1,000299395.1,GCF_000299395.1
GCA_000303155.1,000303155.1,GCF_000303155.1
GCA_000304355.2,000304355.2,GCF_000304355.2
GCA_000317795.1,000317795.1,GCF_000317795.1
GCA_000327485.1,000327485.1,GCF_000327485.1
GCA_000328525.1,000328525.1,GCF_000328525.1
GCA_000328665.1,000328665.1,GCF_000328665.1
GCA_000328685.1,000328685.1,GCF_000328685.1
GCA_000385565.1,000385565.1,GCF_000385565.1
GCA_000446015.1,000446015.1,GCF_000446015.1
GCA_000470655.1,000470655.1,GCF_000470655.1
GCA_000517445.1,000517445.1,GCF_000517445.1
GCA_000517625.1,000517625.1,GCF_000517625.1
GCA_000585495.1,000585495.1,GCF_000585495.1
GCA_000591035.1,000591035.1,GCF_000591035.1
GCA_000591055.1,000591055.1,GCF_000591055.1
GCA_000698785.1,000698785.1,GCF_000698785.1
GCA_000725425.1,000725425.1,GCF_000725425.1
GCA_000730285.1,000730285.1,GCF_000730285.1
GCA_000739065.1,000739065.1,GCF_000739065.1
GCA_000769655.1,000769655.1,GCF_000769655.1
GCA_000800805.1,000800805.1,GCF_000800805.1
GCA_000812185.1,000812185.1,GCF_000812185.1
GCA_000816105.1,000816105.1,GCF_000816105.1
GCA_000875775.1,000875775.1,GCF_000875775.1
GCA_000956175.1,000956175.1,GCF_000956175.1
GCA_000969885.1,000969885.1,GCF_000969885.1
GCA_000969905.1,000969905.1,GCF_000969905.1
GCA_000970025.1,000970025.1,GCF_000970025.1
GCA_000970085.1,000970085.1,GCF_000970085.1
GCA_000970205.1,000970205.1,GCF_000970205.1
GCA_000970265.1,000970265.1,GCF_000970265.1
GCA_000970285.1,000970285.1,GCF_000970285.1
GCA_000993805.1,000993805.1,GCF_000993805.1
GCA_001006045.1,001006045.1,GCF_001006045.1
GCA_001011115.1,001011115.1,GCF_001011115.1
GCA_001190965.1,001190965.1,GCF_001190965.1
GCA_001304615.2,001304615.2,GCF_001304615.2
GCA_001412615.1,001412615.1,GCF_001412615.1
GCA_001458655.1,001458655.1,GCF_001458655.1
GCA_001481685.1,001481685.1,GCF_001481685.1
GCA_001488575.1,001488575.1,GCF_001488575.1
GCA_001563245.1,001563245.1,GCF_001563245.1
GCA_001577775.1,001577775.1,GCF_001577775.1
GCA_001592435.1,001592435.1,GCF_001592435.1
GCA_001647085.1,001647085.1,GCF_001647085.1
GCA_001886955.1,001886955.1,GCF_001886955.1
GCA_001889405.1,001889405.1,GCF_001889405.1
GCA_001971705.1,001971705.1,GCF_001971705.1
GCA_002078355.1,002078355.1,GCF_002078355.1
GCA_002116695.1,002116695.1,GCF_002116695.1
GCA_002156705.1,002156705.1,GCF_002156705.1
GCA_002156965.1,002156965.1,GCF_002156965.1
GCA_002214165.1,002214165.1,GCF_002214165.1
GCA_002214365.1,002214365.1,GCF_002214365.1
GCA_002214385.1,002214385.1,GCF_002214385.1
GCA_002214465.1,002214465.1,GCF_002214465.1
GCA_002214485.1,002214485.1,GCF_002214485.1
GCA_002214505.1,002214505.1,GCF_002214505.1
GCA_002214565.1,002214565.1,GCF_002214565.1
GCA_002214585.1,002214585.1,GCF_002214585.1
GCA_002214605.1,002214605.1,GCF_002214605.1
GCA_002355635.1,002355635.1,GCF_002355635.1
GCA_002787055.1,002787055.1,GCF_002787055.1
GCA_002788215.1,002788215.1,GCF_002788215.1
GCA_002813695.1,002813695.1,GCF_002813695.1
GCA_002906215.1,002906215.1,GCF_002906215.1
GCA_002906575.1,002906575.1,GCF_002906575.1
GCA_002945325.1,002945325.1,GCF_002945325.1
GCA_002952775.1,002952775.1,GCF_002952775.1
GCA_003058365.1,003058365.1,GCF_003058365.1
GCA_003201675.2,003201675.2,GCF_003201675.2
GCA_003201765.2,003201765.2,GCF_003201765.2
GCA_003201835.2,003201835.2,GCF_003201835.2
GCA_003342675.1,003342675.1,GCF_003342675.1
GCA_003430825.1,003430825.1,GCF_003430825.1
GCA_003711245.1,003711245.1,GCF_003711245.1
GCA_003852155.1,003852155.1,GCF_003852155.1
GCA_003856835.1,003856835.1,GCF_003856835.1
GCA_004087835.1,004087835.1,GCF_004087835.1
GCA_004126515.1,004126515.1,GCF_004126515.1
GCA_004799605.1,004799605.1,GCF_004799605.1
GCA_004799645.1,004799645.1,GCF_004799645.1
GCA_004799665.1,004799665.1,GCF_004799665.1
GCA_005222525.1,005222525.1,GCF_005222525.1
GCA_005406325.1,005406325.1,GCF_005406325.1
GCA_005890195.1,005890195.1,GCF_005890195.1
GCA_006274605.1,006274605.1,GCF_006274605.1
GCA_008152015.1,008152015.1,GCF_008152015.1
GCA_008245085.1,008245085.1,GCF_008245085.1
GCA_008326425.1,008326425.1,GCF_008326425.1
GCA_008831545.1,008831545.1,GCF_008831545.1
GCA_009392895.1,009392895.1,GCF_009392895.1
GCA_009617975.1,009617975.1,GCF_009617975.1
GCA_009729015.1,009729015.1,GCF_009729015.1
GCA_009729035.1,009729035.1,GCF_009729035.1
GCA_009729055.1,009729055.1,GCF_009729055.1
GCA_009762275.1,009762275.1,GCF_009762275.1
GCA_013267195.1,013267195.1,GCF_013267195.1
GCA_013340765.1,013340765.1,GCF_013340765.1
GCA_013343295.1,013343295.1,GCF_013343295.1
GCA_013388255.1,013388255.1,GCF_013388255.1
GCA_013391085.1,013391085.1,GCF_013391085.1
GCA_013391105.1,013391105.1,GCF_013391105.1
GCA_013401515.1,013401515.1,GCF_013401515.1
GCA_013402815.2,013402815.2,GCF_013402815.2
GCA_013402875.1,013402875.1,GCF_013402875.1
GCA_013407145.1,013407145.1,GCF_013407145.1
GCA_013407165.1,013407165.1,GCF_013407165.1
GCA_013407185.1,013407185.1,GCF_013407185.1
GCA_013415885.1,013415885.1,GCF_013415885.1
GCA_013415905.1,013415905.1,GCF_013415905.1
GCA_013456555.2,013456555.2,GCF_013456555.2
GCA_014876775.1,014876775.1,GCF_014876775.1
GCA_014962245.1,014962245.1,GCF_014962245.1
GCA_016065055.1,016065055.1,GCF_016065055.1
GCA_016906025.1,016906025.1,GCF_016906025.1
GCA_017094485.1,017094485.1,GCF_017094485.1
GCA_017094525.1,017094525.1,GCF_017094525.1
GCA_017352095.1,017352095.1,GCF_017352095.1
GCA_017352155.2,017352155.2,GCF_017352155.2
GCA_017357525.1,017357525.1,GCF_017357525.1
GCA_018141185.1,018141185.1,GCF_018141185.1
GCA_018228765.1,018228765.1,GCF_018228765.1
GCA_018502485.1,018502485.1,GCF_018502485.1
GCA_019175345.1,019175345.1,GCF_019175345.1
GCA_019669965.1,019669965.1,GCF_019669965.1
GCA_019704315.1,019704315.1,GCF_019704315.1
GCA_019823105.1,019823105.1,GCF_019823105.1
GCA_019880225.1,019880225.1,GCF_019880225.1
GCA_019880245.1,019880245.1,GCF_019880245.1
GCA_020097815.1,020097815.1,GCF_020097815.1
GCA_020097835.1,020097835.1,GCF_020097835.1
GCA_020150815.1,020150815.1,GCF_020150815.1
GCA_020217425.1,020217425.1,GCF_020217425.1
GCA_020405185.1,020405185.1,GCF_020405185.1
GCA_020405205.1,020405205.1,GCF_020405205.1
GCA_020614375.1,020614375.1,GCF_020614375.1
GCA_020614395.1,020614395.1,GCF_020614395.1
GCA_020618475.1,020618475.1,GCF_020618475.1
GCA_020700235.1,020700235.1,GCF_020700235.1
GCA_020886315.1,020886315.1,GCF_020886315.1
GCA_021184045.1,021184045.1,GCF_021184045.1
GCA_021233415.1,021233415.1,GCF_021233415.1
GCA_021233435.1,021233435.1,GCF_021233435.1
GCA_021249345.1,021249345.1,GCF_021249345.1
GCA_021249405.1,021249405.1,GCF_021249405.1
GCA_022869805.1,022869805.1,GCF_022869805.1
GCA_022870485.1,022870485.1,GCF_022870485.1
GCA_023008545.1,023008545.1,GCF_023008545.1
GCA_023028105.1,023028105.1,GCF_023028105.1
GCA_023028225.1,023028225.1,GCF_023028225.1
GCA_023028345.1,023028345.1,GCF_023028345.1
GCA_023093535.1,023093535.1,GCF_023093535.1
GCA_023115355.1,023115355.1,GCF_023115355.1
GCA_023167465.1,023167465.1,GCF_023167465.1
GCA_023169545.1,023169545.1,GCF_023169545.1
GCA_023238205.1,023238205.1,GCF_023238205.1
GCA_023238445.1,023238445.1,GCF_023238445.1
GCA_023702125.1,023702125.1,GCF_023702125.1
GCA_023703775.1,023703775.1,GCF_023703775.1
GCA_023703795.1,023703795.1,GCF_023703795.1
GCA_023746595.1,023746595.1,GCF_023746595.1
GCA_023913515.1,023913515.1,GCF_023913515.1
GCA_023973145.1,023973145.1,GCF_023973145.1
GCA_024138125.1,024138125.1,GCF_024138125.1
GCA_024138145.1,024138145.1,GCF_024138145.1
GCA_024138165.1,024138165.1,GCF_024138165.1
GCA_024204665.1,024204665.1,GCF_024204665.1
GCA_024218775.1,024218775.1,GCF_024218775.1
GCA_024218795.1,024218795.1,GCF_024218795.1
GCA_024227435.1,024227435.1,GCF_024227435.1
GCA_024227715.1,024227715.1,GCF_024227715.1
GCA_024227995.1,024227995.1,GCF_024227995.1
GCA_024228315.1,024228315.1,GCF_024228315.1
GCA_024228675.1,024228675.1,GCF_024228675.1
GCA_024266705.1,024266705.1,GCF_024266705.1
GCA_024296665.1,024296665.1,GCF_024296665.1
GCA_024296685.1,024296685.1,GCF_024296685.1
GCA_024298825.1,024298825.1,GCF_024298825.1
GCA_024298845.1,024298845.1,GCF_024298845.1
GCA_024298865.1,024298865.1,GCF_024298865.1
GCA_024298885.1,024298885.1,GCF_024298885.1
GCA_024298905.1,024298905.1,GCF_024298905.1
GCA_024300625.1,024300625.1,GCF_024300625.1
GCA_024300825.1,024300825.1,GCF_024300825.1
GCA_024362405.1,024362405.1,GCF_024362405.1
GCA_024362485.1,024362485.1,GCF_024362485.1
GCA_024362525.1,024362525.1,GCF_024362525.1
GCA_024498175.1,024498175.1,GCF_024498175.1
GCA_024498195.1,024498195.1,GCF_024498195.1
GCA_024498335.1,024498335.1,GCF_024498335.1
GCA_024508235.1,024508235.1,GCF_024508235.1
GCA_024662215.1,024662215.1,GCF_024662215.1
GCA_024707485.1,024707485.1,GCF_024707485.1
GCA_024730625.1,024730625.1,GCF_024730625.1
GCA_025231485.1,025231485.1,GCF_025231485.1
GCA_025397995.1,025397995.1,GCF_025397995.1
GCA_025914035.1,025914035.1,GCF_025914035.1
GCA_025998175.1,025998175.1,GCF_025998175.1
GCA_026000775.1,026000775.1,GCF_026000775.1
GCA_026248685.1,026248685.1,GCF_026248685.1
GCA_026410925.1,026410925.1,GCF_026410925.1
GCA_026684035.1,026684035.1,GCF_026684035.1
GCA_027554905.1,027554905.1,GCF_027554905.1
GCA_027563145.1,027563145.1,GCF_027563145.1
GCA_028747785.1,028747785.1,GCF_028747785.1
GCA_029207735.1,029207735.1,GCF_029207735.1
GCA_029232205.1,029232205.1,GCF_029232205.1
GCA_029278565.1,029278565.1,GCF_029278565.1
GCA_029338195.1,029338195.1,GCF_029338195.1
GCA_029338235.1,029338235.1,GCF_029338235.1
GCA_029338255.1,029338255.1,GCF_029338255.1
GCA_029338275.1,029338275.1,GCF_029338275.1
GCA_029338315.1,029338315.1,GCF_029338315.1
GCA_029338335.1,029338335.1,GCF_029338335.1
GCA_029338355.1,029338355.1,GCF_029338355.1
GCA_029338375.1,029338375.1,GCF_029338375.1
GCA_029338395.1,029338395.1,GCF_029338395.1
GCA_029338515.1,029338515.1,GCF_029338515.1
GCA_029338555.1,029338555.1,GCF_029338555.1
GCA_029338575.1,029338575.1,GCF_029338575.1
GCA_029490015.1,029490015.1,GCF_029490015.1
GCA_029633915.1,029633915.1,GCF_029633915.1
GCA_900083515.1,900083515.1,GCF_900083515.1
GCA_900095295.1,900095295.1,GCF_900095295.1
GCA_900198835.1,900198835.1,GCF_900198835.1
GCA_900248165.1,900248165.1,GCF_900248165.1
GCA_902383905.1,902383905.1,GCF_902383905.1
GCA_902827225.1,902827225.1,GCF_902827225.1
GCA_904067545.1,904067545.1,GCF_904067545.1
GCA_946463545.1,946463545.1,GCF_946463545.1
