tRNA_type,anticodon,n_organisms,organism_id
Arg,ACG,1,GCF_000024185.1
Cys,ACA,1,GCF_001368915.1
Gly,ACC,4,GCF_000230735.2
Gly,ACC,4,GCF_026586625.1
Gly,ACC,4,GCF_030505615.1
Gly,ACC,4,GCF_031165565.1
Ile,TAT,13,GCF_000504205.1
Ile,TAT,13,GCF_003086415.1
Ile,TAT,13,GCF_008000775.2
Ile,TAT,13,GCF_020177375.1
Ile,TAT,13,GCF_041410205.1
Ile,TAT,13,GCF_900106715.1
Ile,TAT,13,GCF_920984865.1
Ile,TAT,13,GCF_000019605.1
Ile,TAT,13,GCF_002214165.1
Ile,TAT,13,GCF_009617975.1
Ile,TAT,13,GCF_023169545.1
Ile,TAT,13,GCF_029207735.1
Ile,TAT,13,GCF_029232205.1
Leu,AAG,6,GCF_001402935.1
Leu,AAG,6,GCF_001402945.1
Leu,AAG,6,GCF_900103415.1
Leu,AAG,6,GCF_000152265.2
Leu,AAG,6,GCF_002078355.1
Leu,AAG,6,GCF_002214165.1
Pro,AGG,2,GCF_019931065.1
Pro,AGG,2,GCF_002214165.1
Pyl,CTA,12,GCF_000007345.1
Pyl,CTA,12,GCF_000217995.1
Pyl,CTA,12,GCF_000800805.1
Pyl,CTA,12,GCF_000969885.1
Pyl,CTA,12,GCF_000969905.1
Pyl,CTA,12,GCF_000970025.1
Pyl,CTA,12,GCF_000970085.1
Pyl,CTA,12,GCF_000970205.1
Pyl,CTA,12,GCF_000970265.1
Pyl,CTA,12,GCF_000970285.1
Pyl,CTA,12,GCF_001304615.2
Pyl,CTA,12,GCF_003711245.1
SeC,TCA,20,GCF_000371805.1
SeC,TCA,20,GCF_004310395.1
SeC,TCA,20,GCF_008000775.2
SeC,TCA,20,GCF_024807035.1
SeC,TCA,20,GCF_041410205.1
SeC,TCA,20,GCF_047915675.1
SeC,TCA,20,GCF_049554935.1
SeC,TCA,20,GCF_000007185.1
SeC,TCA,20,GCF_000017165.1
SeC,TCA,20,GCF_000017185.1
SeC,TCA,20,GCF_000023985.1
SeC,TCA,20,GCF_000024625.1
SeC,TCA,20,GCF_000091665.1
SeC,TCA,20,GCF_000092305.1
SeC,TCA,20,GCF_000179575.2
SeC,TCA,20,GCF_000214415.1
SeC,TCA,20,GCF_000739065.1
SeC,TCA,20,GCF_002945325.1
SeC,TCA,20,GCF_902827225.1
SeC,TCA,20,GCF_946463545.1
Ser,ACT,1,GCF_014646875.1
Ser,AGA,1,GCF_024494595.1
Sup,CTA,1,GCF_026616195.1
Val,AAC,2,GCF_020567525.1
Val,AAC,2,GCF_037081675.1
