codon,ile2_AUA,M,GUw,CV
AAA,FALSE,1,0,1
AAC,FALSE,1,0,1
AAG,FALSE,1,1,1.5
AAU,FALSE,0,1,0.5
ACA,FALSE,1,0,1
ACC,FALSE,1,0,1
ACG,FALSE,1,1,1.5
ACU,FALSE,0,1,0.5
AGA,FALSE,1,0,1
AGC,FALSE,1,0,1
AGG,FALSE,1,1,1.5
AGU,FALSE,0,1,0.5
AUA,TRUE,1,0,1
AUC,FALSE,1,0,1
AUG,FALSE,1,0,1
AUU,FALSE,0,1,0.5
CAA,FALSE,1,0,1
CAC,FALSE,1,0,1
CAG,FALSE,1,1,1.5
CAU,FALSE,0,1,0.5
CCA,FALSE,1,0,1
CCC,FALSE,1,0,1
CCG,FALSE,1,1,1.5
CCU,FALSE,0,1,0.5
CGA,FALSE,1,0,1
CGC,FALSE,1,0,1
CGG,FALSE,1,1,1.5
CGU,FALSE,0,1,0.5
CUA,FALSE,1,0,1
CUC,FALSE,1,0,1
CUG,FALSE,1,1,1.5
CUU,FALSE,0,1,0.5
GAA,FALSE,1,0,1
GAC,FALSE,1,0,1
GAG,FALSE,1,1,1.5
GAU,FALSE,0,1,0.5
GCA,FALSE,1,0,1
GCC,FALSE,1,0,1
GCG,FALSE,1,1,1.5
GCU,FALSE,0,1,0.5
GGA,FALSE,1,0,1
GGC,FALSE,1,0,1
GGG,FALSE,1,1,1.5
GGU,FALSE,0,1,0.5
GUA,FALSE,1,0,1
GUC,FALSE,1,0,1
GUG,FALSE,1,1,1.5
GUU,FALSE,0,1,0.5
UAC,FALSE,1,0,1
UAU,FALSE,0,1,0.5
UCA,FALSE,1,0,1
UCC,FALSE,1,0,1
UCG,FALSE,1,1,1.5
UCU,FALSE,0,1,0.5
UGC,FALSE,1,0,1
UGG,FALSE,1,0,1
UGU,FALSE,0,1,0.5
UUA,FALSE,1,0,1
UUC,FALSE,1,0,1
UUG,FALSE,1,1,1.5
UUU,FALSE,0,1,0.5
