tRNA_type,anticodon,organism_id,notes
Ala,CGC,GCF_000007185.1,NA
Ala,CGC,GCF_000012545.1,NA
Ala,CGC,GCF_000016525.1,NA
Ala,CGC,GCF_000017165.1,NA
Ala,CGC,GCF_000017185.1,NA
Ala,CGC,GCF_000018305.1,contains a NNN pseudogene
Ala,CGC,GCF_000023985.1,contains a NNN gene
Ala,CGC,GCF_000024185.1,contains a NNN gene
Ala,CGC,GCF_000024625.1,NA
Ala,CGC,GCF_000091665.1,NA
Ala,CGC,GCF_000092305.1,NA
Ala,CGC,GCF_000145295.1,NA
Ala,CGC,GCF_000179575.2,NA
Ala,CGC,GCF_000191585.1,NA
Ala,CGC,GCF_000214415.1,NA
Ala,CGC,GCF_000214725.1,NA
Ala,CGC,GCF_000371805.1,NA
Ala,CGC,GCF_000504205.1,contains NNN pseudogene
Ala,CGC,GCF_000621965.1,NA
Ala,CGC,GCF_000739065.1,NA
Ala,CGC,GCF_000745485.1,NA
Ala,CGC,GCF_000746075.1,NA
Ala,CGC,GCF_001563245.1,NA
Ala,CGC,GCF_001639265.1,NA
Ala,CGC,GCF_001639285.1,NA
Ala,CGC,GCF_001639295.1,NA
Ala,CGC,GCF_002072215.1,NA
Ala,CGC,GCF_002252585.1,NA
Ala,CGC,GCF_002287175.1,NA
Ala,CGC,GCF_002287195.1,NA
Ala,CGC,GCF_002813695.1,NA
Ala,CGC,GCF_002945325.1,NA
Ala,CGC,GCF_003086415.1,NA
Ala,CGC,GCF_003111605.1,NA
Ala,CGC,GCF_003111625.1,NA
Ala,CGC,GCF_003385755.1,NA
Ala,CGC,GCF_003814835.1,NA
Ala,CGC,GCF_004310395.1,NA
Ala,CGC,GCF_004363215.1,NA
Ala,CGC,GCF_009617975.1,NA
Ala,CGC,GCF_014647475.1,matching pseudogene
Ala,CGC,GCF_017874455.1,NA
Ala,CGC,GCF_018141185.1,NA
Ala,CGC,GCF_019931065.1,NA
Ala,CGC,GCF_023167465.1,NA
Ala,CGC,GCF_023227715.1,NA
Ala,CGC,GCF_024807035.1,NA
Ala,CGC,GCF_025397995.1,NA
Ala,CGC,GCF_027554905.1,NA
Ala,CGC,GCF_028890305.1,NA
Ala,CGC,GCF_029007355.1,NA
Ala,CGC,GCF_029232205.1,NA
Ala,CGC,GCF_030553305.1,contains NNN gene
Ala,CGC,GCF_032714475.1,NA
Ala,CGC,GCF_042662125.1,NA
Ala,CGC,GCF_046197875.1,NA
Ala,CGC,GCF_047915675.1,NA
Ala,CGC,GCF_049554935.1,NA
Ala,CGC,GCF_050433505.1,NA
Ala,CGC,GCF_900095295.1,NA
Ala,CGC,GCF_900103415.1,NA
Ala,CGC,GCF_900114835.1,NA
Ala,CGC,GCF_902827225.1,NA
Ala,CGC,GCF_912073625.1,NA
Ala,CGC,GCF_920984865.1,matching pseudogene
Ala,CGC,GCF_946463545.1,NA
Ala,GGC,GCF_000621965.1,matching pseudogene
Ala,GGC,GCF_001462205.1,NA
Ala,GGC,GCF_001563245.1,NA
Ala,GGC,GCF_003086415.1,NA
Ala,GGC,GCF_028912405.1,NA
Ala,GGC,GCF_029007355.1,NA
Ala,GGC,GCF_920984865.1,NA
Ala,TGC,GCF_000018305.1,contains a NNN pseudogene
Ala,TGC,GCF_000214415.1,NA
Ala,TGC,GCF_000337675.1,contains NNN pseudogene
Ala,TGC,GCF_000337895.1,contains NNN gene
Ala,TGC,GCF_000430905.1,NA
Ala,TGC,GCF_000621965.1,NA
Ala,TGC,GCF_000710615.1,contains NNN gene
Ala,TGC,GCF_000745485.1,NA
Ala,TGC,GCF_000746075.1,NA
Ala,TGC,GCF_001484195.1,NA
Ala,TGC,GCF_001639265.1,NA
Ala,TGC,GCF_002243045.1,NA
Ala,TGC,GCF_002287195.1,NA
Ala,TGC,GCF_002844195.1,contains NNN gene
Ala,TGC,GCF_003111605.1,NA
Ala,TGC,GCF_003610195.1,contains NNN gene
Ala,TGC,GCF_003814835.1,NA
Ala,TGC,GCF_004681185.1,contains NNN gene
Ala,TGC,GCF_006861655.1,NA
Ala,TGC,GCF_007004735.1,contains NNN gene
Ala,TGC,GCF_010119195.1,contains NNN gene
Ala,TGC,GCF_014647475.1,NA
Ala,TGC,GCF_017873815.1,NA
Ala,TGC,GCF_017874455.1,NA
Ala,TGC,GCF_017874695.1,NA
Ala,TGC,GCF_019599505.1,NA
Ala,TGC,GCF_019599515.1,contains NNN gene
Ala,TGC,GCF_023684405.1,NA
Ala,TGC,GCF_024494565.1,contains NNN gene
Ala,TGC,GCF_024494575.1,NA
Ala,TGC,GCF_024495425.1,contains NNN pseudogene
Ala,TGC,GCF_024807035.1,NA
Ala,TGC,GCF_024808815.1,NA
Ala,TGC,GCF_026586665.1,contains NNN gene + pseudogene
Ala,TGC,GCF_026616195.1,contains NNN gene + pseudogene
Ala,TGC,GCF_029007355.1,NA
Ala,TGC,GCF_031454185.1,contains NNN gene + pseudogene
Ala,TGC,GCF_031461075.1,NA
Ala,TGC,GCF_035656455.1,contains NNN gene
Ala,TGC,GCF_037081675.1,NA
Ala,TGC,GCF_042661865.1,NA
Ala,TGC,GCF_042662625.1,contains NNN gene
Ala,TGC,GCF_900100335.1,NA
Ala,TGC,GCF_900100385.1,NA
Ala,TGC,GCF_900100715.1,contains NNN pseudogene
Ala,TGC,GCF_900100875.1,contains NNN gene
Ala,TGC,GCF_900103715.1,NA
Ala,TGC,GCF_900104065.1,contains NNN gene
Ala,TGC,GCF_900107665.1,contains NNN gene
Ala,TGC,GCF_900108165.1,contains NNN gene
Ala,TGC,GCF_900110455.1,NA
Ala,TGC,GCF_900110465.1,NA
Ala,TGC,GCF_900110865.1,contains 2 NNN genes
Ala,TGC,GCF_900112175.1,NA
Ala,TGC,GCF_900112205.1,contains NNN gene
Ala,TGC,GCF_900114455.1,contains NNN gene
Ala,TGC,GCF_900129775.1,NA
Ala,TGC,GCF_900142335.1,contains NNN gene
Ala,TGC,GCF_900156425.1,contains NNN gene
Ala,TGC,GCF_920984865.1,matching pseudogene
Arg,CCG,GCF_000007185.1,NA
Arg,CCG,GCF_000009185.1,NA
Arg,CCG,GCF_000012545.1,NA
Arg,CCG,GCF_000016525.1,NA
Arg,CCG,GCF_000017165.1,NA
Arg,CCG,GCF_000017185.1,NA
Arg,CCG,GCF_000018465.1,NA
Arg,CCG,GCF_000023965.1,NA
Arg,CCG,GCF_000023985.1,contains a NNN gene
Arg,CCG,GCF_000024185.1,contains a NNN gene
Arg,CCG,GCF_000024625.1,NA
Arg,CCG,GCF_000025325.1,NA
Arg,CCG,GCF_000026045.1,NA
Arg,CCG,GCF_000091665.1,NA
Arg,CCG,GCF_000092305.1,NA
Arg,CCG,GCF_000145295.1,NA
Arg,CCG,GCF_000179575.2,NA
Arg,CCG,GCF_000191585.1,NA
Arg,CCG,GCF_000214415.1,NA
Arg,CCG,GCF_000214725.1,NA
Arg,CCG,GCF_000217715.1,contains a NNN gene
Arg,CCG,GCF_000220175.1,NA
Arg,CCG,GCF_000226975.2,contains a NNN gene
Arg,CCG,GCF_000230715.2,contains a NNN gene
Arg,CCG,GCF_000230735.2,NA
Arg,CCG,GCF_000241145.1,NA
Arg,CCG,GCF_000242875.2,NA
Arg,CCG,GCF_000299365.1,NA
Arg,CCG,GCF_000299395.1,NA
Arg,CCG,GCF_000328525.1,NA
Arg,CCG,GCF_000337175.1,NA
Arg,CCG,GCF_000337195.1,NA
Arg,CCG,GCF_000337495.1,contains 2 NNN genes
Arg,CCG,GCF_000337515.1,NA
Arg,CCG,GCF_000337735.1,contains NNN gene
Arg,CCG,GCF_000337895.1,contains NNN gene
Arg,CCG,GCF_000371805.1,NA
Arg,CCG,GCF_000383975.1,contains NNN gene
Arg,CCG,GCF_000455345.1,contains NNN gene
Arg,CCG,GCF_000517625.1,contains NNN gene
Arg,CCG,GCF_000591055.1,NA
Arg,CCG,GCF_000621965.1,NA
Arg,CCG,GCF_000685395.1,NA
Arg,CCG,GCF_000710615.1,contains NNN gene
Arg,CCG,GCF_000723185.1,NA
Arg,CCG,GCF_000731985.1,contains 2 NNN genes
Arg,CCG,GCF_000739065.1,NA
Arg,CCG,GCF_000739555.1,NA
Arg,CCG,GCF_000745485.1,NA
Arg,CCG,GCF_000746075.1,NA
Arg,CCG,GCF_000812185.1,NA
Arg,CCG,GCF_000875775.1,NA
Arg,CCG,GCF_000955905.1,NA
Arg,CCG,GCF_000956175.1,NA
Arg,CCG,GCF_001282785.1,NA
Arg,CCG,GCF_001458655.1,NA
Arg,CCG,GCF_001563245.1,NA
Arg,CCG,GCF_001639265.1,NA
Arg,CCG,GCF_001639285.1,NA
Arg,CCG,GCF_001639295.1,NA
Arg,CCG,GCF_001953745.1,NA
Arg,CCG,GCF_001971705.1,NA
Arg,CCG,GCF_002072215.1,NA
Arg,CCG,GCF_002153915.1,NA
Arg,CCG,GCF_002156705.1,NA
Arg,CCG,GCF_002156965.1,NA
Arg,CCG,GCF_002177135.1,NA
Arg,CCG,GCF_002252585.1,NA
Arg,CCG,GCF_002287175.1,NA
Arg,CCG,GCF_002287195.1,NA
Arg,CCG,GCF_002494345.1,NA
Arg,CCG,GCF_002787055.1,NA
Arg,CCG,GCF_002788215.1,NA
Arg,CCG,GCF_002813695.1,NA
Arg,CCG,GCF_002906215.1,NA
Arg,CCG,GCF_002945325.1,NA
Arg,CCG,GCF_003086415.1,NA
Arg,CCG,GCF_003111605.1,NA
Arg,CCG,GCF_003111625.1,NA
Arg,CCG,GCF_003385755.1,NA
Arg,CCG,GCF_003430825.1,NA
Arg,CCG,GCF_003605575.1,NA
Arg,CCG,GCF_003605635.1,contains NNN gene + pseudogene
Arg,CCG,GCF_003610195.1,contains NNN gene
Arg,CCG,GCF_003730195.1,contains NNN pseudogene
Arg,CCG,GCF_003814835.1,NA
Arg,CCG,GCF_003841465.1,NA
Arg,CCG,GCF_003841485.1,NA
Arg,CCG,GCF_003841505.1,NA
Arg,CCG,GCF_004015825.1,NA
Arg,CCG,GCF_004310395.1,NA
Arg,CCG,GCF_004799645.1,NA
Arg,CCG,GCF_004799665.1,NA
Arg,CCG,GCF_005239135.1,contains NNN gene
Arg,CCG,GCF_005239425.1,NA
Arg,CCG,GCF_005890195.1,NA
Arg,CCG,GCF_006543045.1,contains NNN gene
Arg,CCG,GCF_006861655.1,NA
Arg,CCG,GCF_006861665.1,NA
Arg,CCG,GCF_007421925.1,NA
Arg,CCG,GCF_008000775.2,NA
Arg,CCG,GCF_008245225.1,contains NNN gene
Arg,CCG,GCF_009184545.1,NA
Arg,CCG,GCF_009392895.1,NA
Arg,CCG,GCF_009617975.1,NA
Arg,CCG,GCF_009663395.1,NA
Arg,CCG,GCF_009831575.1,NA
Arg,CCG,GCF_009834785.1,contains NNN gene
Arg,CCG,GCF_013342135.1,contains 3 NNN genes
Arg,CCG,GCF_013402815.2,NA
Arg,CCG,GCF_013407145.1,NA
Arg,CCG,GCF_013407165.1,NA
Arg,CCG,GCF_013407185.1,NA
Arg,CCG,GCF_013456555.2,NA
Arg,CCG,GCF_016906025.1,contains NNN gene
Arg,CCG,GCF_017094485.1,contains 3 NNN genes
Arg,CCG,GCF_017352095.1,contains NNN gene
Arg,CCG,GCF_017352155.2,contains NNN gene
Arg,CCG,GCF_017873625.1,NA
Arg,CCG,GCF_017874235.1,NA
Arg,CCG,GCF_017874455.1,NA
Arg,CCG,GCF_018141185.1,NA
Arg,CCG,GCF_019599405.1,contains NNN gene
Arg,CCG,GCF_019931065.1,NA
Arg,CCG,GCF_020405205.1,NA
Arg,CCG,GCF_020515625.1,contains 2 NNN genes + 1 pseudogene
Arg,CCG,GCF_020700235.1,contains NNN gene + pseudogene
Arg,CCG,GCF_023093535.1,contains NNN gene
Arg,CCG,GCF_023167465.1,NA
Arg,CCG,GCF_023169545.1,NA
Arg,CCG,GCF_023204835.1,NA
Arg,CCG,GCF_023227715.1,NA
Arg,CCG,GCF_023638035.1,NA
Arg,CCG,GCF_023638055.1,contains 2 NNN genes
Arg,CCG,GCF_024178165.1,NA
Arg,CCG,GCF_024266705.1,NA
Arg,CCG,GCF_024296685.1,NA
Arg,CCG,GCF_024298845.1,contains NNN gene
Arg,CCG,GCF_024300625.1,contains NNN gene
Arg,CCG,GCF_024494645.1,contains NNN gene
Arg,CCG,GCF_024498195.1,NA
Arg,CCG,GCF_024807035.1,NA
Arg,CCG,GCF_024808815.1,NA
Arg,CCG,GCF_025397995.1,NA
Arg,CCG,GCF_025457605.1,contains NNN gene
Arg,CCG,GCF_025517485.1,contains 2 NNN genes
Arg,CCG,GCF_025517525.1,contains NNN gene
Arg,CCG,GCF_025629245.1,contains NNN gene
Arg,CCG,GCF_025998175.1,NA
Arg,CCG,GCF_026248685.1,contains NNN gene
Arg,CCG,GCF_026616205.1,NA
Arg,CCG,GCF_027554905.1,NA
Arg,CCG,GCF_028618695.1,NA
Arg,CCG,GCF_028890305.1,NA
Arg,CCG,GCF_029007355.1,NA
Arg,CCG,GCF_029207735.1,NA
Arg,CCG,GCF_029232205.1,NA
Arg,CCG,GCF_029502005.1,NA
Arg,CCG,GCF_030296715.1,contains NNN gene
Arg,CCG,GCF_030323845.1,NA
Arg,CCG,GCF_031165565.1,NA
Arg,CCG,GCF_031852275.1,contains NNN gene
Arg,CCG,GCF_037914945.1,contains NNN gene + pseudogene
Arg,CCG,GCF_041205745.1,contains NNN gene
Arg,CCG,GCF_041410205.1,NA
Arg,CCG,GCF_042678005.1,NA
Arg,CCG,GCF_046197875.1,NA
Arg,CCG,GCF_047915675.1,NA
Arg,CCG,GCF_049554935.1,NA
Arg,CCG,GCF_050433505.1,NA
Arg,CCG,GCF_051414115.1,NA
Arg,CCG,GCF_051414135.1,NA
Arg,CCG,GCF_900095295.1,NA
Arg,CCG,GCF_900100335.1,NA
Arg,CCG,GCF_900103415.1,NA
Arg,CCG,GCF_900104065.1,contains NNN gene
Arg,CCG,GCF_900108095.1,NA
Arg,CCG,GCF_900108505.1,NA
Arg,CCG,GCF_900112205.1,contains NNN gene
Arg,CCG,GCF_900114435.1,contains NNN gene
Arg,CCG,GCF_900115675.1,NA
Arg,CCG,GCF_900116205.1,contains NNN gene
Arg,CCG,GCF_900143675.1,contains NNN gene
Arg,CCG,GCF_900156425.1,contains NNN gene
Arg,CCG,GCF_900156475.1,NA
Arg,CCG,GCF_900167955.1,contains NNN gene
Arg,CCG,GCF_900177045.1,contains NNN gene
Arg,CCG,GCF_900248165.1,NA
Arg,CCG,GCF_902827225.1,NA
Arg,CCG,GCF_912073625.1,NA
Arg,CCG,GCF_946463545.1,NA
Arg,CCT,GCF_000007185.1,NA
Arg,CCT,GCF_000017165.1,NA
Arg,CCT,GCF_000017185.1,NA
Arg,CCT,GCF_000023985.1,contains a NNN gene
Arg,CCT,GCF_000024625.1,NA
Arg,CCT,GCF_000091665.1,NA
Arg,CCT,GCF_000092305.1,NA
Arg,CCT,GCF_000179575.2,NA
Arg,CCT,GCF_000214415.1,NA
Arg,CCT,GCF_000371805.1,NA
Arg,CCT,GCF_000739065.1,NA
Arg,CCT,GCF_002153915.1,NA
Arg,CCT,GCF_002945325.1,NA
Arg,CCT,GCF_004310395.1,NA
Arg,CCT,GCF_009617975.1,NA
Arg,CCT,GCF_024807035.1,NA
Arg,CCT,GCF_029207735.1,NA
Arg,CCT,GCF_029232205.1,NA
Arg,CCT,GCF_046197875.1,NA
Arg,CCT,GCF_047915675.1,NA
Arg,CCT,GCF_049554935.1,NA
Arg,CCT,GCF_902827225.1,NA
Arg,CCT,GCF_920984865.1,NA
Arg,CCT,GCF_946463545.1,NA
Arg,GCG,GCF_000739575.1,NA
Arg,GCG,GCF_001315945.1,matching pseudogene
Arg,TCG,GCF_000242875.2,NA
Arg,TCG,GCF_039522565.1,NA
Arg,TCT,GCF_000303155.1,matching pseudogene
Arg,TCT,GCF_000698785.1,matching pseudogene
Arg,TCT,GCF_000730285.1,matching pseudogene
Arg,TCT,GCF_003086415.1,NA
Arg,TCT,GCF_042662625.1,contains NNN gene
Asn,GTT,GCF_000739575.1,NA
Asn,GTT,GCF_001484195.1,NA
Asn,GTT,GCF_003086415.1,NA
Asp,GTC,GCF_000092185.1,NA
Asp,GTC,GCF_000711215.1,2 matching pseudogenes
Asp,GTC,GCF_003086415.1,NA
Asp,GTC,GCF_014962245.1,NA
Asp,GTC,GCF_920984865.1,matching pseudogene
Cys,GCA,GCF_000018465.1,matching pseudogene
Cys,GCA,GCF_000152265.2,matching pseudogene
Cys,GCA,GCF_000220175.1,NA
Cys,GCA,GCF_000241145.1,NA
Cys,GCA,GCF_000299365.1,matching pseudogene
Cys,GCA,GCF_000299395.1,NA
Cys,GCA,GCF_000337195.1,NA
Cys,GCA,GCF_000337895.1,contains NNN gene
Cys,GCA,GCF_000875775.1,matching pseudogene
Cys,GCA,GCF_000956175.1,NA
Cys,GCA,GCF_001462395.1,NA
Cys,GCA,GCF_002078355.1,matching pseudogene
Cys,GCA,GCF_002156965.1,NA
Cys,GCA,GCF_002214165.1,NA
Cys,GCA,GCF_013407145.1,NA
Cys,GCA,GCF_013407165.1,NA
Cys,GCA,GCF_013407185.1,NA
Cys,GCA,GCF_017874375.1,NA
Cys,GCA,GCF_025998175.1,matching pseudogene
Cys,GCA,GCF_028912405.1,NA
Cys,GCA,GCF_029207735.1,matching pseudogene
Cys,GCA,GCF_032714495.1,3 matching pseudogenes
Cys,GCA,GCF_041410205.1,matching pseudogene
Gln,CTG,GCF_000007185.1,NA
Gln,CTG,GCF_000012545.1,matching pseudogene
Gln,CTG,GCF_000016525.1,NA
Gln,CTG,GCF_000017165.1,NA
Gln,CTG,GCF_000017185.1,NA
Gln,CTG,GCF_000023985.1,contains a NNN gene
Gln,CTG,GCF_000024185.1,matching pseudogene
Gln,CTG,GCF_000024625.1,NA
Gln,CTG,GCF_000091665.1,NA
Gln,CTG,GCF_000092305.1,NA
Gln,CTG,GCF_000179575.2,NA
Gln,CTG,GCF_000191585.1,NA
Gln,CTG,GCF_000214415.1,NA
Gln,CTG,GCF_000223905.1,matching pseudogene
Gln,CTG,GCF_000246985.2,likely matching gene undet NTG 88.4
Gln,CTG,GCF_000258425.1,NA
Gln,CTG,GCF_000336615.1,matching pseudogene
Gln,CTG,GCF_000336875.1,NA
Gln,CTG,GCF_000337035.1,NA
Gln,CTG,GCF_000337395.1,NA
Gln,CTG,GCF_000337475.1,matching pseudogene
Gln,CTG,GCF_000337535.1,matching pseudogene
Gln,CTG,GCF_000337675.1,matching pseudogene
Gln,CTG,GCF_000337735.1,matching pseudogene
Gln,CTG,GCF_000371805.1,NA
Gln,CTG,GCF_000621965.1,NA
Gln,CTG,GCF_000739065.1,NA
Gln,CTG,GCF_000739595.1,NA
Gln,CTG,GCF_001280425.1,matching pseudogene
Gln,CTG,GCF_001280455.1,NA
Gln,CTG,GCF_001481685.1,contains NNN gene
Gln,CTG,GCF_001563245.1,NA
Gln,CTG,GCF_001639265.1,NA
Gln,CTG,GCF_001639285.1,NA
Gln,CTG,GCF_001639295.1,NA
Gln,CTG,GCF_002072215.1,NA
Gln,CTG,GCF_002153915.1,NA
Gln,CTG,GCF_002252585.1,NA
Gln,CTG,GCF_002252985.1,contains NNN pseudogene
Gln,CTG,GCF_002287195.1,matching pseudogene
Gln,CTG,GCF_002945325.1,NA
Gln,CTG,GCF_003086415.1,NA
Gln,CTG,GCF_003111605.1,NA
Gln,CTG,GCF_003814835.1,NA
Gln,CTG,GCF_004114995.1,NA
Gln,CTG,GCF_004217335.1,matching pseudogene
Gln,CTG,GCF_004310395.1,NA
Gln,CTG,GCF_005406125.1,matching pseudogene
Gln,CTG,GCF_007671685.1,contains NNN pseudogene
Gln,CTG,GCF_007671725.1,contains NNN gene
Gln,CTG,GCF_009392895.1,matching pseudogene
Gln,CTG,GCF_009762275.1,contains NNN gene
Gln,CTG,GCF_009834785.1,matching pseudogene
Gln,CTG,GCF_010119195.1,contains NNN gene
Gln,CTG,GCF_013267195.1,NA
Gln,CTG,GCF_014647415.1,contains NNN gene
Gln,CTG,GCF_018141185.1,NA
Gln,CTG,GCF_018228765.1,NA
Gln,CTG,GCF_019599465.1,matching pseudogene
Gln,CTG,GCF_019599515.1,matching pseudogene
Gln,CTG,GCF_020177375.1,matching pseudogene
Gln,CTG,GCF_021249405.1,matching pseudogene
Gln,CTG,GCF_023227715.1,NA
Gln,CTG,GCF_023698535.1,matching pseudogene
Gln,CTG,GCF_024227715.1,matching pseudogene
Gln,CTG,GCF_024498175.1,contains NNN gene
Gln,CTG,GCF_024807035.1,NA
Gln,CTG,GCF_025517485.1,matching pseudogene
Gln,CTG,GCF_026586675.1,NA
Gln,CTG,GCF_028890305.1,matching pseudogene
Gln,CTG,GCF_029007355.1,NA
Gln,CTG,GCF_029232205.1,matching pseudogene
Gln,CTG,GCF_029338315.1,contains NNN gene + pseudogene
Gln,CTG,GCF_029338335.1,matching pseudogene
Gln,CTG,GCF_030127165.1,NA
Gln,CTG,GCF_039545195.1,matching pseudogene
Gln,CTG,GCF_041379815.1,NA
Gln,CTG,GCF_046197875.1,NA
Gln,CTG,GCF_047915675.1,NA
Gln,CTG,GCF_049554935.1,NA
Gln,CTG,GCF_900103415.1,matching pseudogene
Gln,CTG,GCF_900106715.1,matching pseudogene
Gln,CTG,GCF_900111935.1,NA
Gln,CTG,GCF_902827225.1,NA
Gln,CTG,GCF_912073625.1,NA
Gln,CTG,GCF_920984865.1,NA
Gln,CTG,GCF_946463545.1,NA
Gln,TTG,GCF_000258425.1,NA
Gln,TTG,GCF_036323395.1,contains NNN gene + pseudogene
Gln,TTG,GCF_037031205.1,NA
Glu,CTC,GCF_000007185.1,NA
Glu,CTC,GCF_000012545.1,NA
Glu,CTC,GCF_000016525.1,NA
Glu,CTC,GCF_000017165.1,NA
Glu,CTC,GCF_000017185.1,NA
Glu,CTC,GCF_000023985.1,contains a NNN gene
Glu,CTC,GCF_000024185.1,contains a NNN gene
Glu,CTC,GCF_000024625.1,NA
Glu,CTC,GCF_000091665.1,NA
Glu,CTC,GCF_000092305.1,NA
Glu,CTC,GCF_000145295.1,NA
Glu,CTC,GCF_000179575.2,NA
Glu,CTC,GCF_000214415.1,NA
Glu,CTC,GCF_000371805.1,NA
Glu,CTC,GCF_000739065.1,NA
Glu,CTC,GCF_000745485.1,NA
Glu,CTC,GCF_000746075.1,NA
Glu,CTC,GCF_001458655.1,NA
Glu,CTC,GCF_001563245.1,NA
Glu,CTC,GCF_001639265.1,NA
Glu,CTC,GCF_001639285.1,NA
Glu,CTC,GCF_001639295.1,NA
Glu,CTC,GCF_002072215.1,NA
Glu,CTC,GCF_002252585.1,NA
Glu,CTC,GCF_002287175.1,NA
Glu,CTC,GCF_002287195.1,NA
Glu,CTC,GCF_002813695.1,NA
Glu,CTC,GCF_002945325.1,NA
Glu,CTC,GCF_003111605.1,NA
Glu,CTC,GCF_003111625.1,NA
Glu,CTC,GCF_003385755.1,NA
Glu,CTC,GCF_003814835.1,NA
Glu,CTC,GCF_004310395.1,NA
Glu,CTC,GCF_009617975.1,NA
Glu,CTC,GCF_017873625.1,NA
Glu,CTC,GCF_018141185.1,NA
Glu,CTC,GCF_023227715.1,NA
Glu,CTC,GCF_024807035.1,NA
Glu,CTC,GCF_025397995.1,NA
Glu,CTC,GCF_027554905.1,NA
Glu,CTC,GCF_030296715.1,contains NNN gene
Glu,CTC,GCF_030323845.1,NA
Glu,CTC,GCF_046197875.1,NA
Glu,CTC,GCF_047915675.1,NA
Glu,CTC,GCF_049554935.1,NA
Glu,CTC,GCF_050433505.1,NA
Glu,CTC,GCF_900103415.1,NA
Glu,CTC,GCF_902827225.1,NA
Glu,CTC,GCF_912073625.1,NA
Glu,CTC,GCF_946463545.1,NA
Glu,TTC,GCF_000018305.1,contains a NNN pseudogene
Glu,TTC,GCF_003086415.1,NA
Glu,TTC,GCF_028912405.1,NA
Gly,CCC,GCF_000007185.1,NA
Gly,CCC,GCF_000012545.1,NA
Gly,CCC,GCF_000016525.1,NA
Gly,CCC,GCF_000017165.1,NA
Gly,CCC,GCF_000017185.1,NA
Gly,CCC,GCF_000018305.1,contains a NNN pseudogene
Gly,CCC,GCF_000023985.1,contains a NNN gene
Gly,CCC,GCF_000024185.1,contains a NNN gene
Gly,CCC,GCF_000024625.1,NA
Gly,CCC,GCF_000025625.1,contains a NNN pseudogene
Gly,CCC,GCF_000091665.1,NA
Gly,CCC,GCF_000092305.1,NA
Gly,CCC,GCF_000145295.1,NA
Gly,CCC,GCF_000179575.2,NA
Gly,CCC,GCF_000191585.1,NA
Gly,CCC,GCF_000214415.1,NA
Gly,CCC,GCF_000214725.1,NA
Gly,CCC,GCF_000217995.1,NA
Gly,CCC,GCF_000241145.1,NA
Gly,CCC,GCF_000337135.1,NA
Gly,CCC,GCF_000337575.1,NA
Gly,CCC,GCF_000337735.1,contains NNN gene
Gly,CCC,GCF_000371805.1,NA
Gly,CCC,GCF_000504205.1,contains NNN pseudogene
Gly,CCC,GCF_000517625.1,contains NNN gene
Gly,CCC,GCF_000621965.1,NA
Gly,CCC,GCF_000739065.1,NA
Gly,CCC,GCF_000745485.1,NA
Gly,CCC,GCF_000746075.1,NA
Gly,CCC,GCF_000812185.1,NA
Gly,CCC,GCF_001563245.1,NA
Gly,CCC,GCF_001639265.1,NA
Gly,CCC,GCF_001639285.1,NA
Gly,CCC,GCF_001639295.1,NA
Gly,CCC,GCF_001971705.1,NA
Gly,CCC,GCF_002072215.1,NA
Gly,CCC,GCF_002153915.1,NA
Gly,CCC,GCF_002252585.1,NA
Gly,CCC,GCF_002287175.1,NA
Gly,CCC,GCF_002287195.1,NA
Gly,CCC,GCF_002813695.1,NA
Gly,CCC,GCF_002945325.1,NA
Gly,CCC,GCF_003086415.1,NA
Gly,CCC,GCF_003111605.1,NA
Gly,CCC,GCF_003111625.1,NA
Gly,CCC,GCF_003385755.1,NA
Gly,CCC,GCF_003814835.1,NA
Gly,CCC,GCF_003841465.1,NA
Gly,CCC,GCF_003841485.1,NA
Gly,CCC,GCF_003841505.1,NA
Gly,CCC,GCF_004310395.1,NA
Gly,CCC,GCF_004363215.1,NA
Gly,CCC,GCF_004799645.1,NA
Gly,CCC,GCF_006543045.1,contains NNN gene
Gly,CCC,GCF_008245225.1,contains NNN gene
Gly,CCC,GCF_009617975.1,NA
Gly,CCC,GCF_017873415.1,contains NNN gene
Gly,CCC,GCF_017873625.1,NA
Gly,CCC,GCF_017874455.1,NA
Gly,CCC,GCF_018141185.1,NA
Gly,CCC,GCF_019931065.1,NA
Gly,CCC,GCF_023169545.1,NA
Gly,CCC,GCF_023227715.1,NA
Gly,CCC,GCF_023638035.1,NA
Gly,CCC,GCF_024300625.1,contains NNN gene
Gly,CCC,GCF_024807035.1,NA
Gly,CCC,GCF_024808815.1,NA
Gly,CCC,GCF_025397995.1,NA
Gly,CCC,GCF_027554905.1,NA
Gly,CCC,GCF_028890305.1,NA
Gly,CCC,GCF_028912405.1,NA
Gly,CCC,GCF_029007355.1,NA
Gly,CCC,GCF_029207735.1,NA
Gly,CCC,GCF_029232205.1,NA
Gly,CCC,GCF_030296715.1,contains NNN gene
Gly,CCC,GCF_030323845.1,NA
Gly,CCC,GCF_031312535.1,NA
Gly,CCC,GCF_032594095.1,NA
Gly,CCC,GCF_032594115.1,NA
Gly,CCC,GCF_032594355.1,NA
Gly,CCC,GCF_032594435.1,NA
Gly,CCC,GCF_032714475.1,NA
Gly,CCC,GCF_032714515.1,NA
Gly,CCC,GCF_046197875.1,NA
Gly,CCC,GCF_047915675.1,NA
Gly,CCC,GCF_049554935.1,NA
Gly,CCC,GCF_050433505.1,NA
Gly,CCC,GCF_900103415.1,NA
Gly,CCC,GCF_900108095.1,NA
Gly,CCC,GCF_900116205.1,contains NNN gene
Gly,CCC,GCF_902827225.1,NA
Gly,CCC,GCF_912073625.1,NA
Gly,CCC,GCF_920984865.1,NA
Gly,CCC,GCF_946463545.1,NA
Gly,GCC,GCF_000018305.1,contains a NNN pseudogene
Gly,GCC,GCF_000251105.1,NA
Gly,GCC,GCF_920984865.1,NA
Gly,TCC,GCF_000018305.1,contains a NNN pseudogene
Gly,TCC,GCF_003086415.1,NA
Gly,TCC,GCF_920984865.1,NA
His,GTG,GCF_000328525.1,NA
His,GTG,GCF_000336695.1,NA
His,GTG,GCF_000337515.1,NA
His,GTG,GCF_000591055.1,NA
His,GTG,GCF_003058365.1,matching pseudogene
His,GTG,GCF_003382685.1,contains NNN gene
His,GTG,GCF_004118325.1,matching pseudogene
His,GTG,GCF_004681185.1,matching pseudogene
His,GTG,GCF_005239135.1,contains NNN gene
His,GTG,GCF_005406125.1,matching pseudogene
His,GTG,GCF_005543295.1,contains NNN gene
His,GTG,GCF_007004735.1,contains NNN gene
His,GTG,GCF_007421925.1,NA
His,GTG,GCF_010119195.1,matching pseudogene
His,GTG,GCF_010119205.1,matching pseudogene
His,GTG,GCF_013391085.1,matching pseudogene
His,GTG,GCF_013391105.1,NA
His,GTG,GCF_017357105.1,contains NNN gene
His,GTG,GCF_019599505.1,matching pseudogene
His,GTG,GCF_019599515.1,matching pseudogene
His,GTG,GCF_022870485.1,matching pseudogene
His,GTG,GCF_023028225.1,contains NNN gene
His,GTG,GCF_023093535.1,contains NNN gene
His,GTG,GCF_023638035.1,matching pseudogene
His,GTG,GCF_023698535.1,matching pseudogene
His,GTG,GCF_024138145.1,matching pseudogene
His,GTG,GCF_024298825.1,NA
His,GTG,GCF_024298865.1,matching pseudogene
His,GTG,GCF_024298885.1,matching pseudogene
His,GTG,GCF_024298905.1,NA
His,GTG,GCF_024300625.1,matching pseudogene
His,GTG,GCF_024498195.1,NA
His,GTG,GCF_025457605.1,matching pseudogene
His,GTG,GCF_029338235.1,matching pseudogene
His,GTG,GCF_029338275.1,matching pseudogene
His,GTG,GCF_029338515.1,matching pseudogene
His,GTG,GCF_031624315.1,matching pseudogene
His,GTG,GCF_035656455.1,contains NNN gene
His,GTG,GCF_035666295.1,matching pseudogene
His,GTG,GCF_037031205.1,NA
His,GTG,GCF_037031225.1,matching pseudogene
His,GTG,GCF_037078405.1,matching pseudogene
His,GTG,GCF_039545195.1,matching pseudogene
His,GTG,GCF_900106715.1,2 matching pseudogenes
His,GTG,GCF_900110215.1,2 matching pseudogenes
His,GTG,GCF_920984865.1,NA
Ile,GAT,GCF_001484195.1,NA
Ile,GAT,GCF_001647085.1,contains NNN gene
Ile2,CAT,GCF_000018305.1,contains a NNN pseudogene
Ile2,CAT,GCF_000019605.1,NA
Ile2,CAT,GCF_000739575.1,NA
Ile2,CAT,GCF_002214165.1,NA
Ile2,CAT,GCF_003086415.1,NA
Ile2,CAT,GCF_008000775.2,NA
Ile2,CAT,GCF_009617975.1,NA
Ile2,CAT,GCF_013340765.1,NA
Ile2,CAT,GCF_014646535.1,contains NNN gene
Ile2,CAT,GCF_023169545.1,NA
Ile2,CAT,GCF_029207735.1,NA
Ile2,CAT,GCF_029232205.1,NA
Ile2,CAT,GCF_038024865.1,NA
Ile2,CAT,GCF_041410205.1,NA
Ile2,CAT,GCF_920984865.1,NA
Leu,CAA,GCF_000007185.1,NA
Leu,CAA,GCF_000012545.1,NA
Leu,CAA,GCF_000016525.1,NA
Leu,CAA,GCF_000017165.1,NA
Leu,CAA,GCF_000017185.1,NA
Leu,CAA,GCF_000023985.1,contains a NNN gene
Leu,CAA,GCF_000024625.1,NA
Leu,CAA,GCF_000091665.1,NA
Leu,CAA,GCF_000092305.1,NA
Leu,CAA,GCF_000145295.1,NA
Leu,CAA,GCF_000179575.2,NA
Leu,CAA,GCF_000214415.1,NA
Leu,CAA,GCF_000327485.1,matching pseudogene
Leu,CAA,GCF_000371805.1,NA
Leu,CAA,GCF_000621965.1,NA
Leu,CAA,GCF_000739065.1,NA
Leu,CAA,GCF_000745485.1,NA
Leu,CAA,GCF_000746075.1,NA
Leu,CAA,GCF_001402935.1,NA
Leu,CAA,GCF_001563245.1,NA
Leu,CAA,GCF_001639265.1,NA
Leu,CAA,GCF_001639285.1,NA
Leu,CAA,GCF_001639295.1,NA
Leu,CAA,GCF_002072215.1,NA
Leu,CAA,GCF_002252585.1,NA
Leu,CAA,GCF_002287175.1,NA
Leu,CAA,GCF_002287195.1,NA
Leu,CAA,GCF_002945325.1,NA
Leu,CAA,GCF_003111605.1,NA
Leu,CAA,GCF_003111625.1,NA
Leu,CAA,GCF_003385755.1,NA
Leu,CAA,GCF_003814835.1,NA
Leu,CAA,GCF_004310395.1,NA
Leu,CAA,GCF_013340765.1,NA
Leu,CAA,GCF_018141185.1,NA
Leu,CAA,GCF_023167465.1,NA
Leu,CAA,GCF_023227715.1,NA
Leu,CAA,GCF_024807035.1,NA
Leu,CAA,GCF_025397995.1,NA
Leu,CAA,GCF_027554905.1,NA
Leu,CAA,GCF_028890305.1,NA
Leu,CAA,GCF_029007355.1,NA
Leu,CAA,GCF_029167045.1,NA
Leu,CAA,GCF_046197875.1,NA
Leu,CAA,GCF_047915675.1,NA
Leu,CAA,GCF_049554935.1,NA
Leu,CAA,GCF_050433505.1,NA
Leu,CAA,GCF_902827225.1,NA
Leu,CAA,GCF_912073625.1,NA
Leu,CAA,GCF_946463545.1,NA
Leu,CAG,GCF_000007185.1,NA
Leu,CAG,GCF_000012545.1,NA
Leu,CAG,GCF_000016525.1,NA
Leu,CAG,GCF_000017165.1,NA
Leu,CAG,GCF_000017185.1,NA
Leu,CAG,GCF_000023985.1,contains a NNN gene
Leu,CAG,GCF_000024185.1,contains a NNN gene
Leu,CAG,GCF_000024625.1,NA
Leu,CAG,GCF_000091665.1,NA
Leu,CAG,GCF_000092305.1,NA
Leu,CAG,GCF_000145295.1,NA
Leu,CAG,GCF_000179575.2,NA
Leu,CAG,GCF_000191585.1,NA
Leu,CAG,GCF_000214415.1,NA
Leu,CAG,GCF_000246985.2,likely matching gene Leu NAG 93.6
Leu,CAG,GCF_000371805.1,NA
Leu,CAG,GCF_000621965.1,NA
Leu,CAG,GCF_000739065.1,NA
Leu,CAG,GCF_001563245.1,NA
Leu,CAG,GCF_001639265.1,NA
Leu,CAG,GCF_001639285.1,NA
Leu,CAG,GCF_001639295.1,NA
Leu,CAG,GCF_002072215.1,NA
Leu,CAG,GCF_002153915.1,NA
Leu,CAG,GCF_002252585.1,NA
Leu,CAG,GCF_002287195.1,NA
Leu,CAG,GCF_002945325.1,NA
Leu,CAG,GCF_003111605.1,NA
Leu,CAG,GCF_003111625.1,NA
Leu,CAG,GCF_003385755.1,NA
Leu,CAG,GCF_003814835.1,NA
Leu,CAG,GCF_004310395.1,NA
Leu,CAG,GCF_009617975.1,NA
Leu,CAG,GCF_018141185.1,NA
Leu,CAG,GCF_023167465.1,NA
Leu,CAG,GCF_023227715.1,NA
Leu,CAG,GCF_024807035.1,NA
Leu,CAG,GCF_024808815.1,NA
Leu,CAG,GCF_025397995.1,NA
Leu,CAG,GCF_027554905.1,NA
Leu,CAG,GCF_028890305.1,NA
Leu,CAG,GCF_028912405.1,NA
Leu,CAG,GCF_029007355.1,NA
Leu,CAG,GCF_029167045.1,NA
Leu,CAG,GCF_029207735.1,NA
Leu,CAG,GCF_029232205.1,NA
Leu,CAG,GCF_046197875.1,NA
Leu,CAG,GCF_047915675.1,NA
Leu,CAG,GCF_049554935.1,NA
Leu,CAG,GCF_050433505.1,NA
Leu,CAG,GCF_902827225.1,NA
Leu,CAG,GCF_912073625.1,NA
Leu,CAG,GCF_946463545.1,NA
Leu,GAG,GCF_000152265.2,NA
Leu,GAG,GCF_001402935.1,NA
Leu,GAG,GCF_001402945.1,NA
Leu,GAG,GCF_002078355.1,NA
Leu,GAG,GCF_002214165.1,NA
Leu,GAG,GCF_002252985.1,contains NNN pseudogene
Leu,TAA,GCF_001469865.1,matching pseudogene
Leu,TAA,GCF_041410205.1,matching pseudogene
Leu,TAG,GCF_028912405.1,NA
Lys,CTT,GCF_000007185.1,NA
Lys,CTT,GCF_000012545.1,NA
Lys,CTT,GCF_000015945.1,matching pseudogene
Lys,CTT,GCF_000016525.1,NA
Lys,CTT,GCF_000017165.1,NA
Lys,CTT,GCF_000017185.1,NA
Lys,CTT,GCF_000023985.1,contains a NNN gene
Lys,CTT,GCF_000024625.1,NA
Lys,CTT,GCF_000091665.1,NA
Lys,CTT,GCF_000092305.1,NA
Lys,CTT,GCF_000092465.1,matching pseudogene
Lys,CTT,GCF_000145295.1,NA
Lys,CTT,GCF_000179575.2,NA
Lys,CTT,GCF_000190315.1,NA
Lys,CTT,GCF_000214415.1,NA
Lys,CTT,GCF_000258425.1,NA
Lys,CTT,GCF_000371805.1,NA
Lys,CTT,GCF_000621965.1,NA
Lys,CTT,GCF_000739065.1,NA
Lys,CTT,GCF_000745485.1,NA
Lys,CTT,GCF_000746075.1,NA
Lys,CTT,GCF_001563245.1,NA
Lys,CTT,GCF_001639265.1,NA
Lys,CTT,GCF_001639285.1,NA
Lys,CTT,GCF_001639295.1,NA
Lys,CTT,GCF_002072215.1,NA
Lys,CTT,GCF_002252585.1,NA
Lys,CTT,GCF_002287175.1,NA
Lys,CTT,GCF_002287195.1,NA
Lys,CTT,GCF_002813695.1,NA
Lys,CTT,GCF_002945325.1,NA
Lys,CTT,GCF_003111605.1,NA
Lys,CTT,GCF_003111625.1,NA
Lys,CTT,GCF_003385755.1,NA
Lys,CTT,GCF_003814835.1,NA
Lys,CTT,GCF_004310395.1,NA
Lys,CTT,GCF_017873625.1,NA
Lys,CTT,GCF_018141185.1,NA
Lys,CTT,GCF_023227715.1,NA
Lys,CTT,GCF_024807035.1,NA
Lys,CTT,GCF_025397995.1,NA
Lys,CTT,GCF_027554905.1,NA
Lys,CTT,GCF_030296715.1,contains NNN gene
Lys,CTT,GCF_030323845.1,NA
Lys,CTT,GCF_047915675.1,NA
Lys,CTT,GCF_049554935.1,NA
Lys,CTT,GCF_050433505.1,NA
Lys,CTT,GCF_902827225.1,NA
Lys,CTT,GCF_912073625.1,NA
Lys,CTT,GCF_946463545.1,NA
Lys,TTT,GCF_002906215.1,NA
Lys,TTT,GCF_003086415.1,NA
Lys,TTT,GCF_003382685.1,contains NNN gene
Lys,TTT,GCF_900248165.1,NA
Met,CAT,GCF_000234805.1,matching pseudogene
Met,CAT,GCF_002214565.1,NA
Phe,GAA,GCF_000242875.2,NA
Phe,GAA,GCF_041410205.1,NA
Pro,CGG,GCF_000007185.1,NA
Pro,CGG,GCF_000009185.1,NA
Pro,CGG,GCF_000012545.1,NA
Pro,CGG,GCF_000013725.1,NA
Pro,CGG,GCF_000016525.1,NA
Pro,CGG,GCF_000017165.1,NA
Pro,CGG,GCF_000017185.1,NA
Pro,CGG,GCF_000018465.1,NA
Pro,CGG,GCF_000023985.1,contains a NNN gene
Pro,CGG,GCF_000024185.1,contains a NNN gene
Pro,CGG,GCF_000024625.1,NA
Pro,CGG,GCF_000091665.1,NA
Pro,CGG,GCF_000092305.1,NA
Pro,CGG,GCF_000145295.1,NA
Pro,CGG,GCF_000179575.2,NA
Pro,CGG,GCF_000191585.1,NA
Pro,CGG,GCF_000214415.1,NA
Pro,CGG,GCF_000214725.1,NA
Pro,CGG,GCF_000242875.2,NA
Pro,CGG,GCF_000299365.1,NA
Pro,CGG,GCF_000299395.1,NA
Pro,CGG,GCF_000336695.1,NA
Pro,CGG,GCF_000371805.1,NA
Pro,CGG,GCF_000504205.1,contains NNN pseudogene
Pro,CGG,GCF_000621965.1,NA
Pro,CGG,GCF_000739065.1,NA
Pro,CGG,GCF_000745485.1,NA
Pro,CGG,GCF_000746075.1,NA
Pro,CGG,GCF_000812185.1,NA
Pro,CGG,GCF_000875775.1,NA
Pro,CGG,GCF_000956175.1,NA
Pro,CGG,GCF_001458655.1,NA
Pro,CGG,GCF_001563245.1,NA
Pro,CGG,GCF_001639265.1,NA
Pro,CGG,GCF_001639285.1,NA
Pro,CGG,GCF_001639295.1,NA
Pro,CGG,GCF_001971705.1,NA
Pro,CGG,GCF_002072215.1,NA
Pro,CGG,GCF_002153915.1,NA
Pro,CGG,GCF_002156965.1,NA
Pro,CGG,GCF_002252585.1,NA
Pro,CGG,GCF_002287175.1,NA
Pro,CGG,GCF_002287195.1,NA
Pro,CGG,GCF_002813695.1,NA
Pro,CGG,GCF_002945325.1,NA
Pro,CGG,GCF_003086415.1,NA
Pro,CGG,GCF_003111605.1,NA
Pro,CGG,GCF_003111625.1,NA
Pro,CGG,GCF_003385755.1,NA
Pro,CGG,GCF_003814835.1,NA
Pro,CGG,GCF_004310395.1,NA
Pro,CGG,GCF_009617975.1,NA
Pro,CGG,GCF_013407145.1,NA
Pro,CGG,GCF_013407165.1,NA
Pro,CGG,GCF_013407185.1,NA
Pro,CGG,GCF_014646535.1,contains NNN gene
Pro,CGG,GCF_017873625.1,NA
Pro,CGG,GCF_017874455.1,NA
Pro,CGG,GCF_018141185.1,NA
Pro,CGG,GCF_019931065.1,NA
Pro,CGG,GCF_023167465.1,NA
Pro,CGG,GCF_023169545.1,NA
Pro,CGG,GCF_023227715.1,NA
Pro,CGG,GCF_023638035.1,NA
Pro,CGG,GCF_023684405.1,NA
Pro,CGG,GCF_024807035.1,NA
Pro,CGG,GCF_024808815.1,NA
Pro,CGG,GCF_025397995.1,NA
Pro,CGG,GCF_025998175.1,NA
Pro,CGG,GCF_027554905.1,NA
Pro,CGG,GCF_028890305.1,NA
Pro,CGG,GCF_028912405.1,NA
Pro,CGG,GCF_029007355.1,NA
Pro,CGG,GCF_029207735.1,NA
Pro,CGG,GCF_029232205.1,NA
Pro,CGG,GCF_030296715.1,contains NNN gene
Pro,CGG,GCF_030323845.1,NA
Pro,CGG,GCF_031312535.1,NA
Pro,CGG,GCF_031454185.1,contains NNN gene + pseudogene
Pro,CGG,GCF_046197875.1,NA
Pro,CGG,GCF_047915675.1,NA
Pro,CGG,GCF_049554935.1,NA
Pro,CGG,GCF_050433505.1,NA
Pro,CGG,GCF_900095295.1,NA
Pro,CGG,GCF_900103415.1,NA
Pro,CGG,GCF_900108095.1,NA
Pro,CGG,GCF_900114835.1,NA
Pro,CGG,GCF_902827225.1,NA
Pro,CGG,GCF_912073625.1,NA
Pro,CGG,GCF_920984865.1,NA
Pro,CGG,GCF_946463545.1,NA
Pro,GGG,GCF_000012545.1,NA
Pro,GGG,GCF_000016525.1,NA
Pro,GGG,GCF_000024185.1,contains a NNN gene
Pro,GGG,GCF_000191585.1,NA
Pro,GGG,GCF_000214725.1,NA
Pro,GGG,GCF_000246985.2,likely matching gene Pro NGG            91.4
Pro,GGG,GCF_000336695.1,NA
Pro,GGG,GCF_000621965.1,NA
Pro,GGG,GCF_000812185.1,NA
Pro,GGG,GCF_001458655.1,NA
Pro,GGG,GCF_001462205.1,NA
Pro,GGG,GCF_001563245.1,NA
Pro,GGG,GCF_001639265.1,NA
Pro,GGG,GCF_001639285.1,NA
Pro,GGG,GCF_001639295.1,NA
Pro,GGG,GCF_002072215.1,NA
Pro,GGG,GCF_002214165.1,NA
Pro,GGG,GCF_002252585.1,NA
Pro,GGG,GCF_002287195.1,NA
Pro,GGG,GCF_002813695.1,NA
Pro,GGG,GCF_002906215.1,NA
Pro,GGG,GCF_003111605.1,NA
Pro,GGG,GCF_003111625.1,NA
Pro,GGG,GCF_003814835.1,NA
Pro,GGG,GCF_017873625.1,NA
Pro,GGG,GCF_017874455.1,NA
Pro,GGG,GCF_018141185.1,NA
Pro,GGG,GCF_019931065.1,NA
Pro,GGG,GCF_023638035.1,NA
Pro,GGG,GCF_024807035.1,NA
Pro,GGG,GCF_028890305.1,NA
Pro,GGG,GCF_029007355.1,NA
Pro,GGG,GCF_029207735.1,NA
Pro,GGG,GCF_029232205.1,NA
Pro,GGG,GCF_030296715.1,contains NNN gene
Pro,GGG,GCF_046197875.1,NA
Pro,GGG,GCF_050122995.1,NA
Pro,GGG,GCF_900095295.1,NA
Pro,GGG,GCF_900103415.1,NA
Pro,GGG,GCF_900248165.1,NA
Pro,GGG,GCF_912073625.1,NA
Pro,TGG,GCF_000337895.1,contains NNN gene
Pro,TGG,GCF_002214165.1,matching pseudogene
Pro,TGG,GCF_003086415.1,NA
Pro,TGG,GCF_014646535.1,contains NNN gene
Pro,TGG,GCF_026000775.1,contains NNN pseudogene
Pro,TGG,GCF_028912405.1,NA
Ser,CGA,GCF_000007185.1,NA
Ser,CGA,GCF_000012545.1,NA
Ser,CGA,GCF_000016525.1,NA
Ser,CGA,GCF_000017165.1,NA
Ser,CGA,GCF_000017185.1,NA
Ser,CGA,GCF_000023985.1,contains a NNN gene
Ser,CGA,GCF_000024185.1,contains a NNN gene
Ser,CGA,GCF_000024625.1,NA
Ser,CGA,GCF_000091665.1,NA
Ser,CGA,GCF_000092305.1,NA
Ser,CGA,GCF_000145295.1,NA
Ser,CGA,GCF_000179575.2,NA
Ser,CGA,GCF_000214415.1,NA
Ser,CGA,GCF_000371805.1,NA
Ser,CGA,GCF_000621965.1,NA
Ser,CGA,GCF_000739065.1,NA
Ser,CGA,GCF_001563245.1,NA
Ser,CGA,GCF_001639265.1,NA
Ser,CGA,GCF_001639285.1,NA
Ser,CGA,GCF_001639295.1,NA
Ser,CGA,GCF_002072215.1,NA
Ser,CGA,GCF_002214165.1,NA
Ser,CGA,GCF_002252585.1,NA
Ser,CGA,GCF_002287195.1,NA
Ser,CGA,GCF_002945325.1,NA
Ser,CGA,GCF_003086415.1,NA
Ser,CGA,GCF_003111605.1,NA
Ser,CGA,GCF_003111625.1,NA
Ser,CGA,GCF_003385755.1,NA
Ser,CGA,GCF_003814835.1,NA
Ser,CGA,GCF_004310395.1,NA
Ser,CGA,GCF_023167465.1,NA
Ser,CGA,GCF_024807035.1,NA
Ser,CGA,GCF_025397995.1,NA
Ser,CGA,GCF_027554905.1,NA
Ser,CGA,GCF_028890305.1,NA
Ser,CGA,GCF_029007355.1,NA
Ser,CGA,GCF_029167045.1,NA
Ser,CGA,GCF_046197875.1,NA
Ser,CGA,GCF_047915675.1,NA
Ser,CGA,GCF_049554935.1,NA
Ser,CGA,GCF_050433505.1,NA
Ser,CGA,GCF_900103415.1,NA
Ser,CGA,GCF_902827225.1,NA
Ser,CGA,GCF_912073625.1,NA
Ser,CGA,GCF_920984865.1,NA
Ser,CGA,GCF_946463545.1,NA
Ser,GCT,GCF_000015225.1,NA
Ser,GCT,GCF_001469865.1,contains 2 NNN genes
Ser,GCT,GCF_028912405.1,NA
Ser,GCT,GCF_920984865.1,NA
Ser,GGA,GCF_000337795.1,contains NNN gene
Ser,GGA,GCF_000337895.1,contains NNN gene
Ser,TGA,GCF_003086415.1,NA
Ser,TGA,GCF_029167045.1,NA
Thr,CGT,GCF_000007185.1,NA
Thr,CGT,GCF_000017165.1,NA
Thr,CGT,GCF_000017185.1,NA
Thr,CGT,GCF_000023985.1,contains a NNN gene
Thr,CGT,GCF_000024185.1,contains a NNN gene
Thr,CGT,GCF_000024625.1,NA
Thr,CGT,GCF_000091665.1,NA
Thr,CGT,GCF_000179575.2,NA
Thr,CGT,GCF_000214415.1,NA
Thr,CGT,GCF_000241145.1,NA
Thr,CGT,GCF_000371805.1,NA
Thr,CGT,GCF_000621965.1,NA
Thr,CGT,GCF_000739065.1,NA
Thr,CGT,GCF_001563245.1,NA
Thr,CGT,GCF_001639265.1,NA
Thr,CGT,GCF_001639285.1,NA
Thr,CGT,GCF_001639295.1,NA
Thr,CGT,GCF_002072215.1,NA
Thr,CGT,GCF_002214165.1,matching pseudogene
Thr,CGT,GCF_002945325.1,NA
Thr,CGT,GCF_003111605.1,NA
Thr,CGT,GCF_003111625.1,NA
Thr,CGT,GCF_003814835.1,NA
Thr,CGT,GCF_004310395.1,NA
Thr,CGT,GCF_024807035.1,NA
Thr,CGT,GCF_028912405.1,NA
Thr,CGT,GCF_029007355.1,NA
Thr,CGT,GCF_046197875.1,NA
Thr,CGT,GCF_047915675.1,NA
Thr,CGT,GCF_049554935.1,NA
Thr,CGT,GCF_050433505.1,NA
Thr,CGT,GCF_902827225.1,NA
Thr,CGT,GCF_912073625.1,NA
Thr,CGT,GCF_920984865.1,NA
Thr,CGT,GCF_946463545.1,NA
Thr,GGT,GCF_000336695.1,NA
Thr,GGT,GCF_002287195.1,NA
Thr,GGT,GCF_920984865.1,NA
Thr,TGT,GCF_003086415.1,NA
Trp,CCA,GCF_028912405.1,NA
Trp,CCA,GCF_900143675.1,contains NNN gene
Trp,CCA,GCF_900167955.1,contains NNN gene
Trp,CCA,GCF_900177045.1,contains NNN gene
Tyr,GTA,GCF_000015225.1,matching pseudogene
Tyr,GTA,GCF_000337895.1,contains NNN gene
Tyr,GTA,GCF_000446015.1,matching pseudogene
Tyr,GTA,GCF_005049285.1,contains 2 NNN genes
Tyr,GTA,GCF_013340765.1,NA
Tyr,GTA,GCF_920984865.1,matching pseudogene
Val,CAC,GCF_000007185.1,NA
Val,CAC,GCF_000012545.1,NA
Val,CAC,GCF_000016525.1,NA
Val,CAC,GCF_000017165.1,NA
Val,CAC,GCF_000017185.1,NA
Val,CAC,GCF_000024185.1,contains a NNN gene
Val,CAC,GCF_000179575.2,NA
Val,CAC,GCF_000241145.1,NA
Val,CAC,GCF_000504205.1,contains NNN pseudogene
Val,CAC,GCF_000621965.1,NA
Val,CAC,GCF_000745485.1,NA
Val,CAC,GCF_000746075.1,NA
Val,CAC,GCF_001563245.1,NA
Val,CAC,GCF_001639265.1,NA
Val,CAC,GCF_001639285.1,NA
Val,CAC,GCF_001639295.1,NA
Val,CAC,GCF_002072215.1,NA
Val,CAC,GCF_002153915.1,NA
Val,CAC,GCF_002252585.1,NA
Val,CAC,GCF_002287175.1,NA
Val,CAC,GCF_002287195.1,NA
Val,CAC,GCF_002945325.1,NA
Val,CAC,GCF_003086415.1,NA
Val,CAC,GCF_003111605.1,NA
Val,CAC,GCF_003111625.1,NA
Val,CAC,GCF_003814835.1,NA
Val,CAC,GCF_004310395.1,NA
Val,CAC,GCF_009617975.1,NA
Val,CAC,GCF_017873415.1,contains NNN gene
Val,CAC,GCF_024807035.1,NA
Val,CAC,GCF_024808815.1,NA
Val,CAC,GCF_028890305.1,NA
Val,CAC,GCF_029007355.1,NA
Val,CAC,GCF_029207735.1,NA
Val,CAC,GCF_029232205.1,NA
Val,CAC,GCF_046197875.1,NA
Val,CAC,GCF_049554935.1,NA
Val,CAC,GCF_050433505.1,NA
Val,CAC,GCF_900100715.1,contains NNN pseudogene
Val,CAC,GCF_900103415.1,NA
Val,CAC,GCF_900114835.1,NA
Val,CAC,GCF_912073625.1,NA
Val,CAC,GCF_920984865.1,NA
Val,CAC,GCF_946463545.1,NA
Val,GAC,GCF_000337215.1,NA
Val,GAC,GCF_001462205.1,matching pseudogene
Val,GAC,GCF_002287195.1,NA
Val,GAC,GCF_024807035.1,matching pseudogene
Val,TAC,GCF_002214165.1,NA
Val,TAC,GCF_002252985.1,contains NNN pseudogene
Val,TAC,GCF_920984865.1,NA
iMet,CAT,GCF_000015225.1,matching pseudogene
iMet,CAT,GCF_000446015.1,NA
iMet,CAT,GCF_000739575.1,NA
iMet,CAT,GCF_000993805.1,matching pseudogene
iMet,CAT,GCF_014876775.1,matching pseudogene
iMet,CAT,GCF_029167045.1,NA
iMet,CAT,GCF_037031205.1,NA
