anticodon,codon,pairing,aa
AAA,UUU,M,Phe
AAA,UUC,NA,Phe
AAA,UUA,NA,Leu
AAA,UUG,NA,Leu
AAA,CUU,NA,Leu
AAA,CUC,NA,Leu
AAA,CUA,NA,Leu
AAA,CUG,NA,Leu
AAA,AUU,NA,Ile
AAA,AUC,NA,Ile
AAA,AUA,NA,Ile
AAA,AUG,NA,Met
AAA,GUU,NA,Val
AAA,GUC,NA,Val
AAA,GUA,NA,Val
AAA,GUG,NA,Val
AAA,UCU,NA,Ser
AAA,UCC,NA,Ser
AAA,UCA,NA,Ser
AAA,UCG,NA,Ser
AAA,AGU,NA,Ser
AAA,AGC,NA,Ser
AAA,CCU,NA,Pro
AAA,CCC,NA,Pro
AAA,CCA,NA,Pro
AAA,CCG,NA,Pro
AAA,ACU,NA,Thr
AAA,ACC,NA,Thr
AAA,ACA,NA,Thr
AAA,ACG,NA,Thr
AAA,GCU,NA,Ala
AAA,GCC,NA,Ala
AAA,GCA,NA,Ala
AAA,GCG,NA,Ala
AAA,UAU,NA,Tyr
AAA,UAC,NA,Tyr
AAA,CAU,NA,His
AAA,CAC,NA,His
AAA,CAA,NA,Gln
AAA,CAG,NA,Gln
AAA,AAU,NA,Asn
AAA,AAC,NA,Asn
AAA,AAA,NA,Lys
AAA,AAG,NA,Lys
AAA,GAU,NA,Asp
AAA,GAC,NA,Asp
AAA,GAA,NA,Glu
AAA,GAG,NA,Glu
AAA,UGU,NA,Cys
AAA,UGC,NA,Cys
AAA,UGG,NA,Trp
AAA,CGU,NA,Arg
AAA,CGC,NA,Arg
AAA,CGA,NA,Arg
AAA,CGG,NA,Arg
AAA,AGA,NA,Arg
AAA,AGG,NA,Arg
AAA,GGU,NA,Gly
AAA,GGC,NA,Gly
AAA,GGA,NA,Gly
AAA,GGG,NA,Gly
AAA,UAA,NA,TER
AAA,UAG,NA,TER
AAA,UGA,NA,TER
GAA,UUU,GU,Phe
GAA,UUC,M,Phe
GAA,UUA,NA,Leu
GAA,UUG,NA,Leu
GAA,CUU,NA,Leu
GAA,CUC,NA,Leu
GAA,CUA,NA,Leu
GAA,CUG,NA,Leu
GAA,AUU,NA,Ile
GAA,AUC,NA,Ile
GAA,AUA,NA,Ile
GAA,AUG,NA,Met
GAA,GUU,NA,Val
GAA,GUC,NA,Val
GAA,GUA,NA,Val
GAA,GUG,NA,Val
GAA,UCU,NA,Ser
GAA,UCC,NA,Ser
GAA,UCA,NA,Ser
GAA,UCG,NA,Ser
GAA,AGU,NA,Ser
GAA,AGC,NA,Ser
GAA,CCU,NA,Pro
GAA,CCC,NA,Pro
GAA,CCA,NA,Pro
GAA,CCG,NA,Pro
GAA,ACU,NA,Thr
GAA,ACC,NA,Thr
GAA,ACA,NA,Thr
GAA,ACG,NA,Thr
GAA,GCU,NA,Ala
GAA,GCC,NA,Ala
GAA,GCA,NA,Ala
GAA,GCG,NA,Ala
GAA,UAU,NA,Tyr
GAA,UAC,NA,Tyr
GAA,CAU,NA,His
GAA,CAC,NA,His
GAA,CAA,NA,Gln
GAA,CAG,NA,Gln
GAA,AAU,NA,Asn
GAA,AAC,NA,Asn
GAA,AAA,NA,Lys
GAA,AAG,NA,Lys
GAA,GAU,NA,Asp
GAA,GAC,NA,Asp
GAA,GAA,NA,Glu
GAA,GAG,NA,Glu
GAA,UGU,NA,Cys
GAA,UGC,NA,Cys
GAA,UGG,NA,Trp
GAA,CGU,NA,Arg
GAA,CGC,NA,Arg
GAA,CGA,NA,Arg
GAA,CGG,NA,Arg
GAA,AGA,NA,Arg
GAA,AGG,NA,Arg
GAA,GGU,NA,Gly
GAA,GGC,NA,Gly
GAA,GGA,NA,Gly
GAA,GGG,NA,Gly
GAA,UAA,NA,TER
GAA,UAG,NA,TER
GAA,UGA,NA,TER
TAA,UUU,NA,Phe
TAA,UUC,NA,Phe
TAA,UUA,M,Leu
TAA,UUG,GU,Leu
TAA,CUU,NA,Leu
TAA,CUC,NA,Leu
TAA,CUA,NA,Leu
TAA,CUG,NA,Leu
TAA,AUU,NA,Ile
TAA,AUC,NA,Ile
TAA,AUA,NA,Ile
TAA,AUG,NA,Met
TAA,GUU,NA,Val
TAA,GUC,NA,Val
TAA,GUA,NA,Val
TAA,GUG,NA,Val
TAA,UCU,NA,Ser
TAA,UCC,NA,Ser
TAA,UCA,NA,Ser
TAA,UCG,NA,Ser
TAA,AGU,NA,Ser
TAA,AGC,NA,Ser
TAA,CCU,NA,Pro
TAA,CCC,NA,Pro
TAA,CCA,NA,Pro
TAA,CCG,NA,Pro
TAA,ACU,NA,Thr
TAA,ACC,NA,Thr
TAA,ACA,NA,Thr
TAA,ACG,NA,Thr
TAA,GCU,NA,Ala
TAA,GCC,NA,Ala
TAA,GCA,NA,Ala
TAA,GCG,NA,Ala
TAA,UAU,NA,Tyr
TAA,UAC,NA,Tyr
TAA,CAU,NA,His
TAA,CAC,NA,His
TAA,CAA,NA,Gln
TAA,CAG,NA,Gln
TAA,AAU,NA,Asn
TAA,AAC,NA,Asn
TAA,AAA,NA,Lys
TAA,AAG,NA,Lys
TAA,GAU,NA,Asp
TAA,GAC,NA,Asp
TAA,GAA,NA,Glu
TAA,GAG,NA,Glu
TAA,UGU,NA,Cys
TAA,UGC,NA,Cys
TAA,UGG,NA,Trp
TAA,CGU,NA,Arg
TAA,CGC,NA,Arg
TAA,CGA,NA,Arg
TAA,CGG,NA,Arg
TAA,AGA,NA,Arg
TAA,AGG,NA,Arg
TAA,GGU,NA,Gly
TAA,GGC,NA,Gly
TAA,GGA,NA,Gly
TAA,GGG,NA,Gly
TAA,UAA,NA,TER
TAA,UAG,NA,TER
TAA,UGA,NA,TER
CAA,UUU,NA,Phe
CAA,UUC,NA,Phe
CAA,UUA,NA,Leu
CAA,UUG,M,Leu
CAA,CUU,NA,Leu
CAA,CUC,NA,Leu
CAA,CUA,NA,Leu
CAA,CUG,NA,Leu
CAA,AUU,NA,Ile
CAA,AUC,NA,Ile
CAA,AUA,NA,Ile
CAA,AUG,NA,Met
CAA,GUU,NA,Val
CAA,GUC,NA,Val
CAA,GUA,NA,Val
CAA,GUG,NA,Val
CAA,UCU,NA,Ser
CAA,UCC,NA,Ser
CAA,UCA,NA,Ser
CAA,UCG,NA,Ser
CAA,AGU,NA,Ser
CAA,AGC,NA,Ser
CAA,CCU,NA,Pro
CAA,CCC,NA,Pro
CAA,CCA,NA,Pro
CAA,CCG,NA,Pro
CAA,ACU,NA,Thr
CAA,ACC,NA,Thr
CAA,ACA,NA,Thr
CAA,ACG,NA,Thr
CAA,GCU,NA,Ala
CAA,GCC,NA,Ala
CAA,GCA,NA,Ala
CAA,GCG,NA,Ala
CAA,UAU,NA,Tyr
CAA,UAC,NA,Tyr
CAA,CAU,NA,His
CAA,CAC,NA,His
CAA,CAA,NA,Gln
CAA,CAG,NA,Gln
CAA,AAU,NA,Asn
CAA,AAC,NA,Asn
CAA,AAA,NA,Lys
CAA,AAG,NA,Lys
CAA,GAU,NA,Asp
CAA,GAC,NA,Asp
CAA,GAA,NA,Glu
CAA,GAG,NA,Glu
CAA,UGU,NA,Cys
CAA,UGC,NA,Cys
CAA,UGG,NA,Trp
CAA,CGU,NA,Arg
CAA,CGC,NA,Arg
CAA,CGA,NA,Arg
CAA,CGG,NA,Arg
CAA,AGA,NA,Arg
CAA,AGG,NA,Arg
CAA,GGU,NA,Gly
CAA,GGC,NA,Gly
CAA,GGA,NA,Gly
CAA,GGG,NA,Gly
CAA,UAA,NA,TER
CAA,UAG,NA,TER
CAA,UGA,NA,TER
AAG,UUU,NA,Phe
AAG,UUC,NA,Phe
AAG,UUA,NA,Leu
AAG,UUG,NA,Leu
AAG,CUU,M,Leu
AAG,CUC,NA,Leu
AAG,CUA,NA,Leu
AAG,CUG,NA,Leu
AAG,AUU,NA,Ile
AAG,AUC,NA,Ile
AAG,AUA,NA,Ile
AAG,AUG,NA,Met
AAG,GUU,NA,Val
AAG,GUC,NA,Val
AAG,GUA,NA,Val
AAG,GUG,NA,Val
AAG,UCU,NA,Ser
AAG,UCC,NA,Ser
AAG,UCA,NA,Ser
AAG,UCG,NA,Ser
AAG,AGU,NA,Ser
AAG,AGC,NA,Ser
AAG,CCU,NA,Pro
AAG,CCC,NA,Pro
AAG,CCA,NA,Pro
AAG,CCG,NA,Pro
AAG,ACU,NA,Thr
AAG,ACC,NA,Thr
AAG,ACA,NA,Thr
AAG,ACG,NA,Thr
AAG,GCU,NA,Ala
AAG,GCC,NA,Ala
AAG,GCA,NA,Ala
AAG,GCG,NA,Ala
AAG,UAU,NA,Tyr
AAG,UAC,NA,Tyr
AAG,CAU,NA,His
AAG,CAC,NA,His
AAG,CAA,NA,Gln
AAG,CAG,NA,Gln
AAG,AAU,NA,Asn
AAG,AAC,NA,Asn
AAG,AAA,NA,Lys
AAG,AAG,NA,Lys
AAG,GAU,NA,Asp
AAG,GAC,NA,Asp
AAG,GAA,NA,Glu
AAG,GAG,NA,Glu
AAG,UGU,NA,Cys
AAG,UGC,NA,Cys
AAG,UGG,NA,Trp
AAG,CGU,NA,Arg
AAG,CGC,NA,Arg
AAG,CGA,NA,Arg
AAG,CGG,NA,Arg
AAG,AGA,NA,Arg
AAG,AGG,NA,Arg
AAG,GGU,NA,Gly
AAG,GGC,NA,Gly
AAG,GGA,NA,Gly
AAG,GGG,NA,Gly
AAG,UAA,NA,TER
AAG,UAG,NA,TER
AAG,UGA,NA,TER
GAG,UUU,NA,Phe
GAG,UUC,NA,Phe
GAG,UUA,NA,Leu
GAG,UUG,NA,Leu
GAG,CUU,GU,Leu
GAG,CUC,M,Leu
GAG,CUA,NA,Leu
GAG,CUG,NA,Leu
GAG,AUU,NA,Ile
GAG,AUC,NA,Ile
GAG,AUA,NA,Ile
GAG,AUG,NA,Met
GAG,GUU,NA,Val
GAG,GUC,NA,Val
GAG,GUA,NA,Val
GAG,GUG,NA,Val
GAG,UCU,NA,Ser
GAG,UCC,NA,Ser
GAG,UCA,NA,Ser
GAG,UCG,NA,Ser
GAG,AGU,NA,Ser
GAG,AGC,NA,Ser
GAG,CCU,NA,Pro
GAG,CCC,NA,Pro
GAG,CCA,NA,Pro
GAG,CCG,NA,Pro
GAG,ACU,NA,Thr
GAG,ACC,NA,Thr
GAG,ACA,NA,Thr
GAG,ACG,NA,Thr
GAG,GCU,NA,Ala
GAG,GCC,NA,Ala
GAG,GCA,NA,Ala
GAG,GCG,NA,Ala
GAG,UAU,NA,Tyr
GAG,UAC,NA,Tyr
GAG,CAU,NA,His
GAG,CAC,NA,His
GAG,CAA,NA,Gln
GAG,CAG,NA,Gln
GAG,AAU,NA,Asn
GAG,AAC,NA,Asn
GAG,AAA,NA,Lys
GAG,AAG,NA,Lys
GAG,GAU,NA,Asp
GAG,GAC,NA,Asp
GAG,GAA,NA,Glu
GAG,GAG,NA,Glu
GAG,UGU,NA,Cys
GAG,UGC,NA,Cys
GAG,UGG,NA,Trp
GAG,CGU,NA,Arg
GAG,CGC,NA,Arg
GAG,CGA,NA,Arg
GAG,CGG,NA,Arg
GAG,AGA,NA,Arg
GAG,AGG,NA,Arg
GAG,GGU,NA,Gly
GAG,GGC,NA,Gly
GAG,GGA,NA,Gly
GAG,GGG,NA,Gly
GAG,UAA,NA,TER
GAG,UAG,NA,TER
GAG,UGA,NA,TER
TAG,UUU,NA,Phe
TAG,UUC,NA,Phe
TAG,UUA,NA,Leu
TAG,UUG,NA,Leu
TAG,CUU,SU,Leu
TAG,CUC,SU,Leu
TAG,CUA,M,Leu
TAG,CUG,GU,Leu
TAG,AUU,NA,Ile
TAG,AUC,NA,Ile
TAG,AUA,NA,Ile
TAG,AUG,NA,Met
TAG,GUU,NA,Val
TAG,GUC,NA,Val
TAG,GUA,NA,Val
TAG,GUG,NA,Val
TAG,UCU,NA,Ser
TAG,UCC,NA,Ser
TAG,UCA,NA,Ser
TAG,UCG,NA,Ser
TAG,AGU,NA,Ser
TAG,AGC,NA,Ser
TAG,CCU,NA,Pro
TAG,CCC,NA,Pro
TAG,CCA,NA,Pro
TAG,CCG,NA,Pro
TAG,ACU,NA,Thr
TAG,ACC,NA,Thr
TAG,ACA,NA,Thr
TAG,ACG,NA,Thr
TAG,GCU,NA,Ala
TAG,GCC,NA,Ala
TAG,GCA,NA,Ala
TAG,GCG,NA,Ala
TAG,UAU,NA,Tyr
TAG,UAC,NA,Tyr
TAG,CAU,NA,His
TAG,CAC,NA,His
TAG,CAA,NA,Gln
TAG,CAG,NA,Gln
TAG,AAU,NA,Asn
TAG,AAC,NA,Asn
TAG,AAA,NA,Lys
TAG,AAG,NA,Lys
TAG,GAU,NA,Asp
TAG,GAC,NA,Asp
TAG,GAA,NA,Glu
TAG,GAG,NA,Glu
TAG,UGU,NA,Cys
TAG,UGC,NA,Cys
TAG,UGG,NA,Trp
TAG,CGU,NA,Arg
TAG,CGC,NA,Arg
TAG,CGA,NA,Arg
TAG,CGG,NA,Arg
TAG,AGA,NA,Arg
TAG,AGG,NA,Arg
TAG,GGU,NA,Gly
TAG,GGC,NA,Gly
TAG,GGA,NA,Gly
TAG,GGG,NA,Gly
TAG,UAA,NA,TER
TAG,UAG,NA,TER
TAG,UGA,NA,TER
CAG,UUU,NA,Phe
CAG,UUC,NA,Phe
CAG,UUA,NA,Leu
CAG,UUG,NA,Leu
CAG,CUU,NA,Leu
CAG,CUC,NA,Leu
CAG,CUA,NA,Leu
CAG,CUG,M,Leu
CAG,AUU,NA,Ile
CAG,AUC,NA,Ile
CAG,AUA,NA,Ile
CAG,AUG,NA,Met
CAG,GUU,NA,Val
CAG,GUC,NA,Val
CAG,GUA,NA,Val
CAG,GUG,NA,Val
CAG,UCU,NA,Ser
CAG,UCC,NA,Ser
CAG,UCA,NA,Ser
CAG,UCG,NA,Ser
CAG,AGU,NA,Ser
CAG,AGC,NA,Ser
CAG,CCU,NA,Pro
CAG,CCC,NA,Pro
CAG,CCA,NA,Pro
CAG,CCG,NA,Pro
CAG,ACU,NA,Thr
CAG,ACC,NA,Thr
CAG,ACA,NA,Thr
CAG,ACG,NA,Thr
CAG,GCU,NA,Ala
CAG,GCC,NA,Ala
CAG,GCA,NA,Ala
CAG,GCG,NA,Ala
CAG,UAU,NA,Tyr
CAG,UAC,NA,Tyr
CAG,CAU,NA,His
CAG,CAC,NA,His
CAG,CAA,NA,Gln
CAG,CAG,NA,Gln
CAG,AAU,NA,Asn
CAG,AAC,NA,Asn
CAG,AAA,NA,Lys
CAG,AAG,NA,Lys
CAG,GAU,NA,Asp
CAG,GAC,NA,Asp
CAG,GAA,NA,Glu
CAG,GAG,NA,Glu
CAG,UGU,NA,Cys
CAG,UGC,NA,Cys
CAG,UGG,NA,Trp
CAG,CGU,NA,Arg
CAG,CGC,NA,Arg
CAG,CGA,NA,Arg
CAG,CGG,NA,Arg
CAG,AGA,NA,Arg
CAG,AGG,NA,Arg
CAG,GGU,NA,Gly
CAG,GGC,NA,Gly
CAG,GGA,NA,Gly
CAG,GGG,NA,Gly
CAG,UAA,NA,TER
CAG,UAG,NA,TER
CAG,UGA,NA,TER
AAT,UUU,NA,Phe
AAT,UUC,NA,Phe
AAT,UUA,NA,Leu
AAT,UUG,NA,Leu
AAT,CUU,NA,Leu
AAT,CUC,NA,Leu
AAT,CUA,NA,Leu
AAT,CUG,NA,Leu
AAT,AUU,M,Ile
AAT,AUC,NA,Ile
AAT,AUA,NA,Ile
AAT,AUG,NA,Met
AAT,GUU,NA,Val
AAT,GUC,NA,Val
AAT,GUA,NA,Val
AAT,GUG,NA,Val
AAT,UCU,NA,Ser
AAT,UCC,NA,Ser
AAT,UCA,NA,Ser
AAT,UCG,NA,Ser
AAT,AGU,NA,Ser
AAT,AGC,NA,Ser
AAT,CCU,NA,Pro
AAT,CCC,NA,Pro
AAT,CCA,NA,Pro
AAT,CCG,NA,Pro
AAT,ACU,NA,Thr
AAT,ACC,NA,Thr
AAT,ACA,NA,Thr
AAT,ACG,NA,Thr
AAT,GCU,NA,Ala
AAT,GCC,NA,Ala
AAT,GCA,NA,Ala
AAT,GCG,NA,Ala
AAT,UAU,NA,Tyr
AAT,UAC,NA,Tyr
AAT,CAU,NA,His
AAT,CAC,NA,His
AAT,CAA,NA,Gln
AAT,CAG,NA,Gln
AAT,AAU,NA,Asn
AAT,AAC,NA,Asn
AAT,AAA,NA,Lys
AAT,AAG,NA,Lys
AAT,GAU,NA,Asp
AAT,GAC,NA,Asp
AAT,GAA,NA,Glu
AAT,GAG,NA,Glu
AAT,UGU,NA,Cys
AAT,UGC,NA,Cys
AAT,UGG,NA,Trp
AAT,CGU,NA,Arg
AAT,CGC,NA,Arg
AAT,CGA,NA,Arg
AAT,CGG,NA,Arg
AAT,AGA,NA,Arg
AAT,AGG,NA,Arg
AAT,GGU,NA,Gly
AAT,GGC,NA,Gly
AAT,GGA,NA,Gly
AAT,GGG,NA,Gly
AAT,UAA,NA,TER
AAT,UAG,NA,TER
AAT,UGA,NA,TER
GAT,UUU,NA,Phe
GAT,UUC,NA,Phe
GAT,UUA,NA,Leu
GAT,UUG,NA,Leu
GAT,CUU,NA,Leu
GAT,CUC,NA,Leu
GAT,CUA,NA,Leu
GAT,CUG,NA,Leu
GAT,AUU,GU,Ile
GAT,AUC,M,Ile
GAT,AUA,NA,Ile
GAT,AUG,NA,Met
GAT,GUU,NA,Val
GAT,GUC,NA,Val
GAT,GUA,NA,Val
GAT,GUG,NA,Val
GAT,UCU,NA,Ser
GAT,UCC,NA,Ser
GAT,UCA,NA,Ser
GAT,UCG,NA,Ser
GAT,AGU,NA,Ser
GAT,AGC,NA,Ser
GAT,CCU,NA,Pro
GAT,CCC,NA,Pro
GAT,CCA,NA,Pro
GAT,CCG,NA,Pro
GAT,ACU,NA,Thr
GAT,ACC,NA,Thr
GAT,ACA,NA,Thr
GAT,ACG,NA,Thr
GAT,GCU,NA,Ala
GAT,GCC,NA,Ala
GAT,GCA,NA,Ala
GAT,GCG,NA,Ala
GAT,UAU,NA,Tyr
GAT,UAC,NA,Tyr
GAT,CAU,NA,His
GAT,CAC,NA,His
GAT,CAA,NA,Gln
GAT,CAG,NA,Gln
GAT,AAU,NA,Asn
GAT,AAC,NA,Asn
GAT,AAA,NA,Lys
GAT,AAG,NA,Lys
GAT,GAU,NA,Asp
GAT,GAC,NA,Asp
GAT,GAA,NA,Glu
GAT,GAG,NA,Glu
GAT,UGU,NA,Cys
GAT,UGC,NA,Cys
GAT,UGG,NA,Trp
GAT,CGU,NA,Arg
GAT,CGC,NA,Arg
GAT,CGA,NA,Arg
GAT,CGG,NA,Arg
GAT,AGA,NA,Arg
GAT,AGG,NA,Arg
GAT,GGU,NA,Gly
GAT,GGC,NA,Gly
GAT,GGA,NA,Gly
GAT,GGG,NA,Gly
GAT,UAA,NA,TER
GAT,UAG,NA,TER
GAT,UGA,NA,TER
TAT,UUU,NA,Phe
TAT,UUC,NA,Phe
TAT,UUA,NA,Leu
TAT,UUG,NA,Leu
TAT,CUU,NA,Leu
TAT,CUC,NA,Leu
TAT,CUA,NA,Leu
TAT,CUG,NA,Leu
TAT,AUU,NA,Ile
TAT,AUC,NA,Ile
TAT,AUA,M,Ile
TAT,AUG,NA,Met
TAT,GUU,NA,Val
TAT,GUC,NA,Val
TAT,GUA,NA,Val
TAT,GUG,NA,Val
TAT,UCU,NA,Ser
TAT,UCC,NA,Ser
TAT,UCA,NA,Ser
TAT,UCG,NA,Ser
TAT,AGU,NA,Ser
TAT,AGC,NA,Ser
TAT,CCU,NA,Pro
TAT,CCC,NA,Pro
TAT,CCA,NA,Pro
TAT,CCG,NA,Pro
TAT,ACU,NA,Thr
TAT,ACC,NA,Thr
TAT,ACA,NA,Thr
TAT,ACG,NA,Thr
TAT,GCU,NA,Ala
TAT,GCC,NA,Ala
TAT,GCA,NA,Ala
TAT,GCG,NA,Ala
TAT,UAU,NA,Tyr
TAT,UAC,NA,Tyr
TAT,CAU,NA,His
TAT,CAC,NA,His
TAT,CAA,NA,Gln
TAT,CAG,NA,Gln
TAT,AAU,NA,Asn
TAT,AAC,NA,Asn
TAT,AAA,NA,Lys
TAT,AAG,NA,Lys
TAT,GAU,NA,Asp
TAT,GAC,NA,Asp
TAT,GAA,NA,Glu
TAT,GAG,NA,Glu
TAT,UGU,NA,Cys
TAT,UGC,NA,Cys
TAT,UGG,NA,Trp
TAT,CGU,NA,Arg
TAT,CGC,NA,Arg
TAT,CGA,NA,Arg
TAT,CGG,NA,Arg
TAT,AGA,NA,Arg
TAT,AGG,NA,Arg
TAT,GGU,NA,Gly
TAT,GGC,NA,Gly
TAT,GGA,NA,Gly
TAT,GGG,NA,Gly
TAT,UAA,NA,TER
TAT,UAG,NA,TER
TAT,UGA,NA,TER
CAT,UUU,NA,Phe
CAT,UUC,NA,Phe
CAT,UUA,NA,Leu
CAT,UUG,NA,Leu
CAT,CUU,NA,Leu
CAT,CUC,NA,Leu
CAT,CUA,NA,Leu
CAT,CUG,NA,Leu
CAT,AUU,NA,Ile
CAT,AUC,NA,Ile
CAT,AUA,NA,Ile
CAT,AUG,M,Met
CAT,GUU,NA,Val
CAT,GUC,NA,Val
CAT,GUA,NA,Val
CAT,GUG,NA,Val
CAT,UCU,NA,Ser
CAT,UCC,NA,Ser
CAT,UCA,NA,Ser
CAT,UCG,NA,Ser
CAT,AGU,NA,Ser
CAT,AGC,NA,Ser
CAT,CCU,NA,Pro
CAT,CCC,NA,Pro
CAT,CCA,NA,Pro
CAT,CCG,NA,Pro
CAT,ACU,NA,Thr
CAT,ACC,NA,Thr
CAT,ACA,NA,Thr
CAT,ACG,NA,Thr
CAT,GCU,NA,Ala
CAT,GCC,NA,Ala
CAT,GCA,NA,Ala
CAT,GCG,NA,Ala
CAT,UAU,NA,Tyr
CAT,UAC,NA,Tyr
CAT,CAU,NA,His
CAT,CAC,NA,His
CAT,CAA,NA,Gln
CAT,CAG,NA,Gln
CAT,AAU,NA,Asn
CAT,AAC,NA,Asn
CAT,AAA,NA,Lys
CAT,AAG,NA,Lys
CAT,GAU,NA,Asp
CAT,GAC,NA,Asp
CAT,GAA,NA,Glu
CAT,GAG,NA,Glu
CAT,UGU,NA,Cys
CAT,UGC,NA,Cys
CAT,UGG,NA,Trp
CAT,CGU,NA,Arg
CAT,CGC,NA,Arg
CAT,CGA,NA,Arg
CAT,CGG,NA,Arg
CAT,AGA,NA,Arg
CAT,AGG,NA,Arg
CAT,GGU,NA,Gly
CAT,GGC,NA,Gly
CAT,GGA,NA,Gly
CAT,GGG,NA,Gly
CAT,UAA,NA,TER
CAT,UAG,NA,TER
CAT,UGA,NA,TER
AAC,UUU,NA,Phe
AAC,UUC,NA,Phe
AAC,UUA,NA,Leu
AAC,UUG,NA,Leu
AAC,CUU,NA,Leu
AAC,CUC,NA,Leu
AAC,CUA,NA,Leu
AAC,CUG,NA,Leu
AAC,AUU,NA,Ile
AAC,AUC,NA,Ile
AAC,AUA,NA,Ile
AAC,AUG,NA,Met
AAC,GUU,M,Val
AAC,GUC,NA,Val
AAC,GUA,NA,Val
AAC,GUG,NA,Val
AAC,UCU,NA,Ser
AAC,UCC,NA,Ser
AAC,UCA,NA,Ser
AAC,UCG,NA,Ser
AAC,AGU,NA,Ser
AAC,AGC,NA,Ser
AAC,CCU,NA,Pro
AAC,CCC,NA,Pro
AAC,CCA,NA,Pro
AAC,CCG,NA,Pro
AAC,ACU,NA,Thr
AAC,ACC,NA,Thr
AAC,ACA,NA,Thr
AAC,ACG,NA,Thr
AAC,GCU,NA,Ala
AAC,GCC,NA,Ala
AAC,GCA,NA,Ala
AAC,GCG,NA,Ala
AAC,UAU,NA,Tyr
AAC,UAC,NA,Tyr
AAC,CAU,NA,His
AAC,CAC,NA,His
AAC,CAA,NA,Gln
AAC,CAG,NA,Gln
AAC,AAU,NA,Asn
AAC,AAC,NA,Asn
AAC,AAA,NA,Lys
AAC,AAG,NA,Lys
AAC,GAU,NA,Asp
AAC,GAC,NA,Asp
AAC,GAA,NA,Glu
AAC,GAG,NA,Glu
AAC,UGU,NA,Cys
AAC,UGC,NA,Cys
AAC,UGG,NA,Trp
AAC,CGU,NA,Arg
AAC,CGC,NA,Arg
AAC,CGA,NA,Arg
AAC,CGG,NA,Arg
AAC,AGA,NA,Arg
AAC,AGG,NA,Arg
AAC,GGU,NA,Gly
AAC,GGC,NA,Gly
AAC,GGA,NA,Gly
AAC,GGG,NA,Gly
AAC,UAA,NA,TER
AAC,UAG,NA,TER
AAC,UGA,NA,TER
GAC,UUU,NA,Phe
GAC,UUC,NA,Phe
GAC,UUA,NA,Leu
GAC,UUG,NA,Leu
GAC,CUU,NA,Leu
GAC,CUC,NA,Leu
GAC,CUA,NA,Leu
GAC,CUG,NA,Leu
GAC,AUU,NA,Ile
GAC,AUC,NA,Ile
GAC,AUA,NA,Ile
GAC,AUG,NA,Met
GAC,GUU,GU,Val
GAC,GUC,M,Val
GAC,GUA,NA,Val
GAC,GUG,NA,Val
GAC,UCU,NA,Ser
GAC,UCC,NA,Ser
GAC,UCA,NA,Ser
GAC,UCG,NA,Ser
GAC,AGU,NA,Ser
GAC,AGC,NA,Ser
GAC,CCU,NA,Pro
GAC,CCC,NA,Pro
GAC,CCA,NA,Pro
GAC,CCG,NA,Pro
GAC,ACU,NA,Thr
GAC,ACC,NA,Thr
GAC,ACA,NA,Thr
GAC,ACG,NA,Thr
GAC,GCU,NA,Ala
GAC,GCC,NA,Ala
GAC,GCA,NA,Ala
GAC,GCG,NA,Ala
GAC,UAU,NA,Tyr
GAC,UAC,NA,Tyr
GAC,CAU,NA,His
GAC,CAC,NA,His
GAC,CAA,NA,Gln
GAC,CAG,NA,Gln
GAC,AAU,NA,Asn
GAC,AAC,NA,Asn
GAC,AAA,NA,Lys
GAC,AAG,NA,Lys
GAC,GAU,NA,Asp
GAC,GAC,NA,Asp
GAC,GAA,NA,Glu
GAC,GAG,NA,Glu
GAC,UGU,NA,Cys
GAC,UGC,NA,Cys
GAC,UGG,NA,Trp
GAC,CGU,NA,Arg
GAC,CGC,NA,Arg
GAC,CGA,NA,Arg
GAC,CGG,NA,Arg
GAC,AGA,NA,Arg
GAC,AGG,NA,Arg
GAC,GGU,NA,Gly
GAC,GGC,NA,Gly
GAC,GGA,NA,Gly
GAC,GGG,NA,Gly
GAC,UAA,NA,TER
GAC,UAG,NA,TER
GAC,UGA,NA,TER
TAC,UUU,NA,Phe
TAC,UUC,NA,Phe
TAC,UUA,NA,Leu
TAC,UUG,NA,Leu
TAC,CUU,NA,Leu
TAC,CUC,NA,Leu
TAC,CUA,NA,Leu
TAC,CUG,NA,Leu
TAC,AUU,NA,Ile
TAC,AUC,NA,Ile
TAC,AUA,NA,Ile
TAC,AUG,NA,Met
TAC,GUU,SU,Val
TAC,GUC,SU,Val
TAC,GUA,M,Val
TAC,GUG,GU,Val
TAC,UCU,NA,Ser
TAC,UCC,NA,Ser
TAC,UCA,NA,Ser
TAC,UCG,NA,Ser
TAC,AGU,NA,Ser
TAC,AGC,NA,Ser
TAC,CCU,NA,Pro
TAC,CCC,NA,Pro
TAC,CCA,NA,Pro
TAC,CCG,NA,Pro
TAC,ACU,NA,Thr
TAC,ACC,NA,Thr
TAC,ACA,NA,Thr
TAC,ACG,NA,Thr
TAC,GCU,NA,Ala
TAC,GCC,NA,Ala
TAC,GCA,NA,Ala
TAC,GCG,NA,Ala
TAC,UAU,NA,Tyr
TAC,UAC,NA,Tyr
TAC,CAU,NA,His
TAC,CAC,NA,His
TAC,CAA,NA,Gln
TAC,CAG,NA,Gln
TAC,AAU,NA,Asn
TAC,AAC,NA,Asn
TAC,AAA,NA,Lys
TAC,AAG,NA,Lys
TAC,GAU,NA,Asp
TAC,GAC,NA,Asp
TAC,GAA,NA,Glu
TAC,GAG,NA,Glu
TAC,UGU,NA,Cys
TAC,UGC,NA,Cys
TAC,UGG,NA,Trp
TAC,CGU,NA,Arg
TAC,CGC,NA,Arg
TAC,CGA,NA,Arg
TAC,CGG,NA,Arg
TAC,AGA,NA,Arg
TAC,AGG,NA,Arg
TAC,GGU,NA,Gly
TAC,GGC,NA,Gly
TAC,GGA,NA,Gly
TAC,GGG,NA,Gly
TAC,UAA,NA,TER
TAC,UAG,NA,TER
TAC,UGA,NA,TER
CAC,UUU,NA,Phe
CAC,UUC,NA,Phe
CAC,UUA,NA,Leu
CAC,UUG,NA,Leu
CAC,CUU,NA,Leu
CAC,CUC,NA,Leu
CAC,CUA,NA,Leu
CAC,CUG,NA,Leu
CAC,AUU,NA,Ile
CAC,AUC,NA,Ile
CAC,AUA,NA,Ile
CAC,AUG,NA,Met
CAC,GUU,NA,Val
CAC,GUC,NA,Val
CAC,GUA,NA,Val
CAC,GUG,M,Val
CAC,UCU,NA,Ser
CAC,UCC,NA,Ser
CAC,UCA,NA,Ser
CAC,UCG,NA,Ser
CAC,AGU,NA,Ser
CAC,AGC,NA,Ser
CAC,CCU,NA,Pro
CAC,CCC,NA,Pro
CAC,CCA,NA,Pro
CAC,CCG,NA,Pro
CAC,ACU,NA,Thr
CAC,ACC,NA,Thr
CAC,ACA,NA,Thr
CAC,ACG,NA,Thr
CAC,GCU,NA,Ala
CAC,GCC,NA,Ala
CAC,GCA,NA,Ala
CAC,GCG,NA,Ala
CAC,UAU,NA,Tyr
CAC,UAC,NA,Tyr
CAC,CAU,NA,His
CAC,CAC,NA,His
CAC,CAA,NA,Gln
CAC,CAG,NA,Gln
CAC,AAU,NA,Asn
CAC,AAC,NA,Asn
CAC,AAA,NA,Lys
CAC,AAG,NA,Lys
CAC,GAU,NA,Asp
CAC,GAC,NA,Asp
CAC,GAA,NA,Glu
CAC,GAG,NA,Glu
CAC,UGU,NA,Cys
CAC,UGC,NA,Cys
CAC,UGG,NA,Trp
CAC,CGU,NA,Arg
CAC,CGC,NA,Arg
CAC,CGA,NA,Arg
CAC,CGG,NA,Arg
CAC,AGA,NA,Arg
CAC,AGG,NA,Arg
CAC,GGU,NA,Gly
CAC,GGC,NA,Gly
CAC,GGA,NA,Gly
CAC,GGG,NA,Gly
CAC,UAA,NA,TER
CAC,UAG,NA,TER
CAC,UGA,NA,TER
AGA,UUU,NA,Phe
AGA,UUC,NA,Phe
AGA,UUA,NA,Leu
AGA,UUG,NA,Leu
AGA,CUU,NA,Leu
AGA,CUC,NA,Leu
AGA,CUA,NA,Leu
AGA,CUG,NA,Leu
AGA,AUU,NA,Ile
AGA,AUC,NA,Ile
AGA,AUA,NA,Ile
AGA,AUG,NA,Met
AGA,GUU,NA,Val
AGA,GUC,NA,Val
AGA,GUA,NA,Val
AGA,GUG,NA,Val
AGA,UCU,M,Ser
AGA,UCC,NA,Ser
AGA,UCA,NA,Ser
AGA,UCG,NA,Ser
AGA,AGU,NA,Ser
AGA,AGC,NA,Ser
AGA,CCU,NA,Pro
AGA,CCC,NA,Pro
AGA,CCA,NA,Pro
AGA,CCG,NA,Pro
AGA,ACU,NA,Thr
AGA,ACC,NA,Thr
AGA,ACA,NA,Thr
AGA,ACG,NA,Thr
AGA,GCU,NA,Ala
AGA,GCC,NA,Ala
AGA,GCA,NA,Ala
AGA,GCG,NA,Ala
AGA,UAU,NA,Tyr
AGA,UAC,NA,Tyr
AGA,CAU,NA,His
AGA,CAC,NA,His
AGA,CAA,NA,Gln
AGA,CAG,NA,Gln
AGA,AAU,NA,Asn
AGA,AAC,NA,Asn
AGA,AAA,NA,Lys
AGA,AAG,NA,Lys
AGA,GAU,NA,Asp
AGA,GAC,NA,Asp
AGA,GAA,NA,Glu
AGA,GAG,NA,Glu
AGA,UGU,NA,Cys
AGA,UGC,NA,Cys
AGA,UGG,NA,Trp
AGA,CGU,NA,Arg
AGA,CGC,NA,Arg
AGA,CGA,NA,Arg
AGA,CGG,NA,Arg
AGA,AGA,NA,Arg
AGA,AGG,NA,Arg
AGA,GGU,NA,Gly
AGA,GGC,NA,Gly
AGA,GGA,NA,Gly
AGA,GGG,NA,Gly
AGA,UAA,NA,TER
AGA,UAG,NA,TER
AGA,UGA,NA,TER
GGA,UUU,NA,Phe
GGA,UUC,NA,Phe
GGA,UUA,NA,Leu
GGA,UUG,NA,Leu
GGA,CUU,NA,Leu
GGA,CUC,NA,Leu
GGA,CUA,NA,Leu
GGA,CUG,NA,Leu
GGA,AUU,NA,Ile
GGA,AUC,NA,Ile
GGA,AUA,NA,Ile
GGA,AUG,NA,Met
GGA,GUU,NA,Val
GGA,GUC,NA,Val
GGA,GUA,NA,Val
GGA,GUG,NA,Val
GGA,UCU,GU,Ser
GGA,UCC,M,Ser
GGA,UCA,NA,Ser
GGA,UCG,NA,Ser
GGA,AGU,NA,Ser
GGA,AGC,NA,Ser
GGA,CCU,NA,Pro
GGA,CCC,NA,Pro
GGA,CCA,NA,Pro
GGA,CCG,NA,Pro
GGA,ACU,NA,Thr
GGA,ACC,NA,Thr
GGA,ACA,NA,Thr
GGA,ACG,NA,Thr
GGA,GCU,NA,Ala
GGA,GCC,NA,Ala
GGA,GCA,NA,Ala
GGA,GCG,NA,Ala
GGA,UAU,NA,Tyr
GGA,UAC,NA,Tyr
GGA,CAU,NA,His
GGA,CAC,NA,His
GGA,CAA,NA,Gln
GGA,CAG,NA,Gln
GGA,AAU,NA,Asn
GGA,AAC,NA,Asn
GGA,AAA,NA,Lys
GGA,AAG,NA,Lys
GGA,GAU,NA,Asp
GGA,GAC,NA,Asp
GGA,GAA,NA,Glu
GGA,GAG,NA,Glu
GGA,UGU,NA,Cys
GGA,UGC,NA,Cys
GGA,UGG,NA,Trp
GGA,CGU,NA,Arg
GGA,CGC,NA,Arg
GGA,CGA,NA,Arg
GGA,CGG,NA,Arg
GGA,AGA,NA,Arg
GGA,AGG,NA,Arg
GGA,GGU,NA,Gly
GGA,GGC,NA,Gly
GGA,GGA,NA,Gly
GGA,GGG,NA,Gly
GGA,UAA,NA,TER
GGA,UAG,NA,TER
GGA,UGA,NA,TER
TGA,UUU,NA,Phe
TGA,UUC,NA,Phe
TGA,UUA,NA,Leu
TGA,UUG,NA,Leu
TGA,CUU,NA,Leu
TGA,CUC,NA,Leu
TGA,CUA,NA,Leu
TGA,CUG,NA,Leu
TGA,AUU,NA,Ile
TGA,AUC,NA,Ile
TGA,AUA,NA,Ile
TGA,AUG,NA,Met
TGA,GUU,NA,Val
TGA,GUC,NA,Val
TGA,GUA,NA,Val
TGA,GUG,NA,Val
TGA,UCU,SU,Ser
TGA,UCC,SU,Ser
TGA,UCA,M,Ser
TGA,UCG,GU,Ser
TGA,AGU,NA,Ser
TGA,AGC,NA,Ser
TGA,CCU,NA,Pro
TGA,CCC,NA,Pro
TGA,CCA,NA,Pro
TGA,CCG,NA,Pro
TGA,ACU,NA,Thr
TGA,ACC,NA,Thr
TGA,ACA,NA,Thr
TGA,ACG,NA,Thr
TGA,GCU,NA,Ala
TGA,GCC,NA,Ala
TGA,GCA,NA,Ala
TGA,GCG,NA,Ala
TGA,UAU,NA,Tyr
TGA,UAC,NA,Tyr
TGA,CAU,NA,His
TGA,CAC,NA,His
TGA,CAA,NA,Gln
TGA,CAG,NA,Gln
TGA,AAU,NA,Asn
TGA,AAC,NA,Asn
TGA,AAA,NA,Lys
TGA,AAG,NA,Lys
TGA,GAU,NA,Asp
TGA,GAC,NA,Asp
TGA,GAA,NA,Glu
TGA,GAG,NA,Glu
TGA,UGU,NA,Cys
TGA,UGC,NA,Cys
TGA,UGG,NA,Trp
TGA,CGU,NA,Arg
TGA,CGC,NA,Arg
TGA,CGA,NA,Arg
TGA,CGG,NA,Arg
TGA,AGA,NA,Arg
TGA,AGG,NA,Arg
TGA,GGU,NA,Gly
TGA,GGC,NA,Gly
TGA,GGA,NA,Gly
TGA,GGG,NA,Gly
TGA,UAA,NA,TER
TGA,UAG,NA,TER
TGA,UGA,NA,TER
CGA,UUU,NA,Phe
CGA,UUC,NA,Phe
CGA,UUA,NA,Leu
CGA,UUG,NA,Leu
CGA,CUU,NA,Leu
CGA,CUC,NA,Leu
CGA,CUA,NA,Leu
CGA,CUG,NA,Leu
CGA,AUU,NA,Ile
CGA,AUC,NA,Ile
CGA,AUA,NA,Ile
CGA,AUG,NA,Met
CGA,GUU,NA,Val
CGA,GUC,NA,Val
CGA,GUA,NA,Val
CGA,GUG,NA,Val
CGA,UCU,NA,Ser
CGA,UCC,NA,Ser
CGA,UCA,NA,Ser
CGA,UCG,M,Ser
CGA,AGU,NA,Ser
CGA,AGC,NA,Ser
CGA,CCU,NA,Pro
CGA,CCC,NA,Pro
CGA,CCA,NA,Pro
CGA,CCG,NA,Pro
CGA,ACU,NA,Thr
CGA,ACC,NA,Thr
CGA,ACA,NA,Thr
CGA,ACG,NA,Thr
CGA,GCU,NA,Ala
CGA,GCC,NA,Ala
CGA,GCA,NA,Ala
CGA,GCG,NA,Ala
CGA,UAU,NA,Tyr
CGA,UAC,NA,Tyr
CGA,CAU,NA,His
CGA,CAC,NA,His
CGA,CAA,NA,Gln
CGA,CAG,NA,Gln
CGA,AAU,NA,Asn
CGA,AAC,NA,Asn
CGA,AAA,NA,Lys
CGA,AAG,NA,Lys
CGA,GAU,NA,Asp
CGA,GAC,NA,Asp
CGA,GAA,NA,Glu
CGA,GAG,NA,Glu
CGA,UGU,NA,Cys
CGA,UGC,NA,Cys
CGA,UGG,NA,Trp
CGA,CGU,NA,Arg
CGA,CGC,NA,Arg
CGA,CGA,NA,Arg
CGA,CGG,NA,Arg
CGA,AGA,NA,Arg
CGA,AGG,NA,Arg
CGA,GGU,NA,Gly
CGA,GGC,NA,Gly
CGA,GGA,NA,Gly
CGA,GGG,NA,Gly
CGA,UAA,NA,TER
CGA,UAG,NA,TER
CGA,UGA,NA,TER
ACT,UUU,NA,Phe
ACT,UUC,NA,Phe
ACT,UUA,NA,Leu
ACT,UUG,NA,Leu
ACT,CUU,NA,Leu
ACT,CUC,NA,Leu
ACT,CUA,NA,Leu
ACT,CUG,NA,Leu
ACT,AUU,NA,Ile
ACT,AUC,NA,Ile
ACT,AUA,NA,Ile
ACT,AUG,NA,Met
ACT,GUU,NA,Val
ACT,GUC,NA,Val
ACT,GUA,NA,Val
ACT,GUG,NA,Val
ACT,UCU,NA,Ser
ACT,UCC,NA,Ser
ACT,UCA,NA,Ser
ACT,UCG,NA,Ser
ACT,AGU,M,Ser
ACT,AGC,NA,Ser
ACT,CCU,NA,Pro
ACT,CCC,NA,Pro
ACT,CCA,NA,Pro
ACT,CCG,NA,Pro
ACT,ACU,NA,Thr
ACT,ACC,NA,Thr
ACT,ACA,NA,Thr
ACT,ACG,NA,Thr
ACT,GCU,NA,Ala
ACT,GCC,NA,Ala
ACT,GCA,NA,Ala
ACT,GCG,NA,Ala
ACT,UAU,NA,Tyr
ACT,UAC,NA,Tyr
ACT,CAU,NA,His
ACT,CAC,NA,His
ACT,CAA,NA,Gln
ACT,CAG,NA,Gln
ACT,AAU,NA,Asn
ACT,AAC,NA,Asn
ACT,AAA,NA,Lys
ACT,AAG,NA,Lys
ACT,GAU,NA,Asp
ACT,GAC,NA,Asp
ACT,GAA,NA,Glu
ACT,GAG,NA,Glu
ACT,UGU,NA,Cys
ACT,UGC,NA,Cys
ACT,UGG,NA,Trp
ACT,CGU,NA,Arg
ACT,CGC,NA,Arg
ACT,CGA,NA,Arg
ACT,CGG,NA,Arg
ACT,AGA,NA,Arg
ACT,AGG,NA,Arg
ACT,GGU,NA,Gly
ACT,GGC,NA,Gly
ACT,GGA,NA,Gly
ACT,GGG,NA,Gly
ACT,UAA,NA,TER
ACT,UAG,NA,TER
ACT,UGA,NA,TER
GCT,UUU,NA,Phe
GCT,UUC,NA,Phe
GCT,UUA,NA,Leu
GCT,UUG,NA,Leu
GCT,CUU,NA,Leu
GCT,CUC,NA,Leu
GCT,CUA,NA,Leu
GCT,CUG,NA,Leu
GCT,AUU,NA,Ile
GCT,AUC,NA,Ile
GCT,AUA,NA,Ile
GCT,AUG,NA,Met
GCT,GUU,NA,Val
GCT,GUC,NA,Val
GCT,GUA,NA,Val
GCT,GUG,NA,Val
GCT,UCU,NA,Ser
GCT,UCC,NA,Ser
GCT,UCA,NA,Ser
GCT,UCG,NA,Ser
GCT,AGU,GU,Ser
GCT,AGC,M,Ser
GCT,CCU,NA,Pro
GCT,CCC,NA,Pro
GCT,CCA,NA,Pro
GCT,CCG,NA,Pro
GCT,ACU,NA,Thr
GCT,ACC,NA,Thr
GCT,ACA,NA,Thr
GCT,ACG,NA,Thr
GCT,GCU,NA,Ala
GCT,GCC,NA,Ala
GCT,GCA,NA,Ala
GCT,GCG,NA,Ala
GCT,UAU,NA,Tyr
GCT,UAC,NA,Tyr
GCT,CAU,NA,His
GCT,CAC,NA,His
GCT,CAA,NA,Gln
GCT,CAG,NA,Gln
GCT,AAU,NA,Asn
GCT,AAC,NA,Asn
GCT,AAA,NA,Lys
GCT,AAG,NA,Lys
GCT,GAU,NA,Asp
GCT,GAC,NA,Asp
GCT,GAA,NA,Glu
GCT,GAG,NA,Glu
GCT,UGU,NA,Cys
GCT,UGC,NA,Cys
GCT,UGG,NA,Trp
GCT,CGU,NA,Arg
GCT,CGC,NA,Arg
GCT,CGA,NA,Arg
GCT,CGG,NA,Arg
GCT,AGA,NA,Arg
GCT,AGG,NA,Arg
GCT,GGU,NA,Gly
GCT,GGC,NA,Gly
GCT,GGA,NA,Gly
GCT,GGG,NA,Gly
GCT,UAA,NA,TER
GCT,UAG,NA,TER
GCT,UGA,NA,TER
AGG,UUU,NA,Phe
AGG,UUC,NA,Phe
AGG,UUA,NA,Leu
AGG,UUG,NA,Leu
AGG,CUU,NA,Leu
AGG,CUC,NA,Leu
AGG,CUA,NA,Leu
AGG,CUG,NA,Leu
AGG,AUU,NA,Ile
AGG,AUC,NA,Ile
AGG,AUA,NA,Ile
AGG,AUG,NA,Met
AGG,GUU,NA,Val
AGG,GUC,NA,Val
AGG,GUA,NA,Val
AGG,GUG,NA,Val
AGG,UCU,NA,Ser
AGG,UCC,NA,Ser
AGG,UCA,NA,Ser
AGG,UCG,NA,Ser
AGG,AGU,NA,Ser
AGG,AGC,NA,Ser
AGG,CCU,M,Pro
AGG,CCC,NA,Pro
AGG,CCA,NA,Pro
AGG,CCG,NA,Pro
AGG,ACU,NA,Thr
AGG,ACC,NA,Thr
AGG,ACA,NA,Thr
AGG,ACG,NA,Thr
AGG,GCU,NA,Ala
AGG,GCC,NA,Ala
AGG,GCA,NA,Ala
AGG,GCG,NA,Ala
AGG,UAU,NA,Tyr
AGG,UAC,NA,Tyr
AGG,CAU,NA,His
AGG,CAC,NA,His
AGG,CAA,NA,Gln
AGG,CAG,NA,Gln
AGG,AAU,NA,Asn
AGG,AAC,NA,Asn
AGG,AAA,NA,Lys
AGG,AAG,NA,Lys
AGG,GAU,NA,Asp
AGG,GAC,NA,Asp
AGG,GAA,NA,Glu
AGG,GAG,NA,Glu
AGG,UGU,NA,Cys
AGG,UGC,NA,Cys
AGG,UGG,NA,Trp
AGG,CGU,NA,Arg
AGG,CGC,NA,Arg
AGG,CGA,NA,Arg
AGG,CGG,NA,Arg
AGG,AGA,NA,Arg
AGG,AGG,NA,Arg
AGG,GGU,NA,Gly
AGG,GGC,NA,Gly
AGG,GGA,NA,Gly
AGG,GGG,NA,Gly
AGG,UAA,NA,TER
AGG,UAG,NA,TER
AGG,UGA,NA,TER
GGG,UUU,NA,Phe
GGG,UUC,NA,Phe
GGG,UUA,NA,Leu
GGG,UUG,NA,Leu
GGG,CUU,NA,Leu
GGG,CUC,NA,Leu
GGG,CUA,NA,Leu
GGG,CUG,NA,Leu
GGG,AUU,NA,Ile
GGG,AUC,NA,Ile
GGG,AUA,NA,Ile
GGG,AUG,NA,Met
GGG,GUU,NA,Val
GGG,GUC,NA,Val
GGG,GUA,NA,Val
GGG,GUG,NA,Val
GGG,UCU,NA,Ser
GGG,UCC,NA,Ser
GGG,UCA,NA,Ser
GGG,UCG,NA,Ser
GGG,AGU,NA,Ser
GGG,AGC,NA,Ser
GGG,CCU,GU,Pro
GGG,CCC,M,Pro
GGG,CCA,NA,Pro
GGG,CCG,NA,Pro
GGG,ACU,NA,Thr
GGG,ACC,NA,Thr
GGG,ACA,NA,Thr
GGG,ACG,NA,Thr
GGG,GCU,NA,Ala
GGG,GCC,NA,Ala
GGG,GCA,NA,Ala
GGG,GCG,NA,Ala
GGG,UAU,NA,Tyr
GGG,UAC,NA,Tyr
GGG,CAU,NA,His
GGG,CAC,NA,His
GGG,CAA,NA,Gln
GGG,CAG,NA,Gln
GGG,AAU,NA,Asn
GGG,AAC,NA,Asn
GGG,AAA,NA,Lys
GGG,AAG,NA,Lys
GGG,GAU,NA,Asp
GGG,GAC,NA,Asp
GGG,GAA,NA,Glu
GGG,GAG,NA,Glu
GGG,UGU,NA,Cys
GGG,UGC,NA,Cys
GGG,UGG,NA,Trp
GGG,CGU,NA,Arg
GGG,CGC,NA,Arg
GGG,CGA,NA,Arg
GGG,CGG,NA,Arg
GGG,AGA,NA,Arg
GGG,AGG,NA,Arg
GGG,GGU,NA,Gly
GGG,GGC,NA,Gly
GGG,GGA,NA,Gly
GGG,GGG,NA,Gly
GGG,UAA,NA,TER
GGG,UAG,NA,TER
GGG,UGA,NA,TER
TGG,UUU,NA,Phe
TGG,UUC,NA,Phe
TGG,UUA,NA,Leu
TGG,UUG,NA,Leu
TGG,CUU,NA,Leu
TGG,CUC,NA,Leu
TGG,CUA,NA,Leu
TGG,CUG,NA,Leu
TGG,AUU,NA,Ile
TGG,AUC,NA,Ile
TGG,AUA,NA,Ile
TGG,AUG,NA,Met
TGG,GUU,NA,Val
TGG,GUC,NA,Val
TGG,GUA,NA,Val
TGG,GUG,NA,Val
TGG,UCU,NA,Ser
TGG,UCC,NA,Ser
TGG,UCA,NA,Ser
TGG,UCG,NA,Ser
TGG,AGU,NA,Ser
TGG,AGC,NA,Ser
TGG,CCU,SU,Pro
TGG,CCC,SU,Pro
TGG,CCA,M,Pro
TGG,CCG,GU,Pro
TGG,ACU,NA,Thr
TGG,ACC,NA,Thr
TGG,ACA,NA,Thr
TGG,ACG,NA,Thr
TGG,GCU,NA,Ala
TGG,GCC,NA,Ala
TGG,GCA,NA,Ala
TGG,GCG,NA,Ala
TGG,UAU,NA,Tyr
TGG,UAC,NA,Tyr
TGG,CAU,NA,His
TGG,CAC,NA,His
TGG,CAA,NA,Gln
TGG,CAG,NA,Gln
TGG,AAU,NA,Asn
TGG,AAC,NA,Asn
TGG,AAA,NA,Lys
TGG,AAG,NA,Lys
TGG,GAU,NA,Asp
TGG,GAC,NA,Asp
TGG,GAA,NA,Glu
TGG,GAG,NA,Glu
TGG,UGU,NA,Cys
TGG,UGC,NA,Cys
TGG,UGG,NA,Trp
TGG,CGU,NA,Arg
TGG,CGC,NA,Arg
TGG,CGA,NA,Arg
TGG,CGG,NA,Arg
TGG,AGA,NA,Arg
TGG,AGG,NA,Arg
TGG,GGU,NA,Gly
TGG,GGC,NA,Gly
TGG,GGA,NA,Gly
TGG,GGG,NA,Gly
TGG,UAA,NA,TER
TGG,UAG,NA,TER
TGG,UGA,NA,TER
CGG,UUU,NA,Phe
CGG,UUC,NA,Phe
CGG,UUA,NA,Leu
CGG,UUG,NA,Leu
CGG,CUU,NA,Leu
CGG,CUC,NA,Leu
CGG,CUA,NA,Leu
CGG,CUG,NA,Leu
CGG,AUU,NA,Ile
CGG,AUC,NA,Ile
CGG,AUA,NA,Ile
CGG,AUG,NA,Met
CGG,GUU,NA,Val
CGG,GUC,NA,Val
CGG,GUA,NA,Val
CGG,GUG,NA,Val
CGG,UCU,NA,Ser
CGG,UCC,NA,Ser
CGG,UCA,NA,Ser
CGG,UCG,NA,Ser
CGG,AGU,NA,Ser
CGG,AGC,NA,Ser
CGG,CCU,NA,Pro
CGG,CCC,NA,Pro
CGG,CCA,NA,Pro
CGG,CCG,M,Pro
CGG,ACU,NA,Thr
CGG,ACC,NA,Thr
CGG,ACA,NA,Thr
CGG,ACG,NA,Thr
CGG,GCU,NA,Ala
CGG,GCC,NA,Ala
CGG,GCA,NA,Ala
CGG,GCG,NA,Ala
CGG,UAU,NA,Tyr
CGG,UAC,NA,Tyr
CGG,CAU,NA,His
CGG,CAC,NA,His
CGG,CAA,NA,Gln
CGG,CAG,NA,Gln
CGG,AAU,NA,Asn
CGG,AAC,NA,Asn
CGG,AAA,NA,Lys
CGG,AAG,NA,Lys
CGG,GAU,NA,Asp
CGG,GAC,NA,Asp
CGG,GAA,NA,Glu
CGG,GAG,NA,Glu
CGG,UGU,NA,Cys
CGG,UGC,NA,Cys
CGG,UGG,NA,Trp
CGG,CGU,NA,Arg
CGG,CGC,NA,Arg
CGG,CGA,NA,Arg
CGG,CGG,NA,Arg
CGG,AGA,NA,Arg
CGG,AGG,NA,Arg
CGG,GGU,NA,Gly
CGG,GGC,NA,Gly
CGG,GGA,NA,Gly
CGG,GGG,NA,Gly
CGG,UAA,NA,TER
CGG,UAG,NA,TER
CGG,UGA,NA,TER
AGT,UUU,NA,Phe
AGT,UUC,NA,Phe
AGT,UUA,NA,Leu
AGT,UUG,NA,Leu
AGT,CUU,NA,Leu
AGT,CUC,NA,Leu
AGT,CUA,NA,Leu
AGT,CUG,NA,Leu
AGT,AUU,NA,Ile
AGT,AUC,NA,Ile
AGT,AUA,NA,Ile
AGT,AUG,NA,Met
AGT,GUU,NA,Val
AGT,GUC,NA,Val
AGT,GUA,NA,Val
AGT,GUG,NA,Val
AGT,UCU,NA,Ser
AGT,UCC,NA,Ser
AGT,UCA,NA,Ser
AGT,UCG,NA,Ser
AGT,AGU,NA,Ser
AGT,AGC,NA,Ser
AGT,CCU,NA,Pro
AGT,CCC,NA,Pro
AGT,CCA,NA,Pro
AGT,CCG,NA,Pro
AGT,ACU,M,Thr
AGT,ACC,NA,Thr
AGT,ACA,NA,Thr
AGT,ACG,NA,Thr
AGT,GCU,NA,Ala
AGT,GCC,NA,Ala
AGT,GCA,NA,Ala
AGT,GCG,NA,Ala
AGT,UAU,NA,Tyr
AGT,UAC,NA,Tyr
AGT,CAU,NA,His
AGT,CAC,NA,His
AGT,CAA,NA,Gln
AGT,CAG,NA,Gln
AGT,AAU,NA,Asn
AGT,AAC,NA,Asn
AGT,AAA,NA,Lys
AGT,AAG,NA,Lys
AGT,GAU,NA,Asp
AGT,GAC,NA,Asp
AGT,GAA,NA,Glu
AGT,GAG,NA,Glu
AGT,UGU,NA,Cys
AGT,UGC,NA,Cys
AGT,UGG,NA,Trp
AGT,CGU,NA,Arg
AGT,CGC,NA,Arg
AGT,CGA,NA,Arg
AGT,CGG,NA,Arg
AGT,AGA,NA,Arg
AGT,AGG,NA,Arg
AGT,GGU,NA,Gly
AGT,GGC,NA,Gly
AGT,GGA,NA,Gly
AGT,GGG,NA,Gly
AGT,UAA,NA,TER
AGT,UAG,NA,TER
AGT,UGA,NA,TER
GGT,UUU,NA,Phe
GGT,UUC,NA,Phe
GGT,UUA,NA,Leu
GGT,UUG,NA,Leu
GGT,CUU,NA,Leu
GGT,CUC,NA,Leu
GGT,CUA,NA,Leu
GGT,CUG,NA,Leu
GGT,AUU,NA,Ile
GGT,AUC,NA,Ile
GGT,AUA,NA,Ile
GGT,AUG,NA,Met
GGT,GUU,NA,Val
GGT,GUC,NA,Val
GGT,GUA,NA,Val
GGT,GUG,NA,Val
GGT,UCU,NA,Ser
GGT,UCC,NA,Ser
GGT,UCA,NA,Ser
GGT,UCG,NA,Ser
GGT,AGU,NA,Ser
GGT,AGC,NA,Ser
GGT,CCU,NA,Pro
GGT,CCC,NA,Pro
GGT,CCA,NA,Pro
GGT,CCG,NA,Pro
GGT,ACU,GU,Thr
GGT,ACC,M,Thr
GGT,ACA,NA,Thr
GGT,ACG,NA,Thr
GGT,GCU,NA,Ala
GGT,GCC,NA,Ala
GGT,GCA,NA,Ala
GGT,GCG,NA,Ala
GGT,UAU,NA,Tyr
GGT,UAC,NA,Tyr
GGT,CAU,NA,His
GGT,CAC,NA,His
GGT,CAA,NA,Gln
GGT,CAG,NA,Gln
GGT,AAU,NA,Asn
GGT,AAC,NA,Asn
GGT,AAA,NA,Lys
GGT,AAG,NA,Lys
GGT,GAU,NA,Asp
GGT,GAC,NA,Asp
GGT,GAA,NA,Glu
GGT,GAG,NA,Glu
GGT,UGU,NA,Cys
GGT,UGC,NA,Cys
GGT,UGG,NA,Trp
GGT,CGU,NA,Arg
GGT,CGC,NA,Arg
GGT,CGA,NA,Arg
GGT,CGG,NA,Arg
GGT,AGA,NA,Arg
GGT,AGG,NA,Arg
GGT,GGU,NA,Gly
GGT,GGC,NA,Gly
GGT,GGA,NA,Gly
GGT,GGG,NA,Gly
GGT,UAA,NA,TER
GGT,UAG,NA,TER
GGT,UGA,NA,TER
TGT,UUU,NA,Phe
TGT,UUC,NA,Phe
TGT,UUA,NA,Leu
TGT,UUG,NA,Leu
TGT,CUU,NA,Leu
TGT,CUC,NA,Leu
TGT,CUA,NA,Leu
TGT,CUG,NA,Leu
TGT,AUU,NA,Ile
TGT,AUC,NA,Ile
TGT,AUA,NA,Ile
TGT,AUG,NA,Met
TGT,GUU,NA,Val
TGT,GUC,NA,Val
TGT,GUA,NA,Val
TGT,GUG,NA,Val
TGT,UCU,NA,Ser
TGT,UCC,NA,Ser
TGT,UCA,NA,Ser
TGT,UCG,NA,Ser
TGT,AGU,NA,Ser
TGT,AGC,NA,Ser
TGT,CCU,NA,Pro
TGT,CCC,NA,Pro
TGT,CCA,NA,Pro
TGT,CCG,NA,Pro
TGT,ACU,SU,Thr
TGT,ACC,SU,Thr
TGT,ACA,M,Thr
TGT,ACG,GU,Thr
TGT,GCU,NA,Ala
TGT,GCC,NA,Ala
TGT,GCA,NA,Ala
TGT,GCG,NA,Ala
TGT,UAU,NA,Tyr
TGT,UAC,NA,Tyr
TGT,CAU,NA,His
TGT,CAC,NA,His
TGT,CAA,NA,Gln
TGT,CAG,NA,Gln
TGT,AAU,NA,Asn
TGT,AAC,NA,Asn
TGT,AAA,NA,Lys
TGT,AAG,NA,Lys
TGT,GAU,NA,Asp
TGT,GAC,NA,Asp
TGT,GAA,NA,Glu
TGT,GAG,NA,Glu
TGT,UGU,NA,Cys
TGT,UGC,NA,Cys
TGT,UGG,NA,Trp
TGT,CGU,NA,Arg
TGT,CGC,NA,Arg
TGT,CGA,NA,Arg
TGT,CGG,NA,Arg
TGT,AGA,NA,Arg
TGT,AGG,NA,Arg
TGT,GGU,NA,Gly
TGT,GGC,NA,Gly
TGT,GGA,NA,Gly
TGT,GGG,NA,Gly
TGT,UAA,NA,TER
TGT,UAG,NA,TER
TGT,UGA,NA,TER
CGT,UUU,NA,Phe
CGT,UUC,NA,Phe
CGT,UUA,NA,Leu
CGT,UUG,NA,Leu
CGT,CUU,NA,Leu
CGT,CUC,NA,Leu
CGT,CUA,NA,Leu
CGT,CUG,NA,Leu
CGT,AUU,NA,Ile
CGT,AUC,NA,Ile
CGT,AUA,NA,Ile
CGT,AUG,NA,Met
CGT,GUU,NA,Val
CGT,GUC,NA,Val
CGT,GUA,NA,Val
CGT,GUG,NA,Val
CGT,UCU,NA,Ser
CGT,UCC,NA,Ser
CGT,UCA,NA,Ser
CGT,UCG,NA,Ser
CGT,AGU,NA,Ser
CGT,AGC,NA,Ser
CGT,CCU,NA,Pro
CGT,CCC,NA,Pro
CGT,CCA,NA,Pro
CGT,CCG,NA,Pro
CGT,ACU,NA,Thr
CGT,ACC,NA,Thr
CGT,ACA,NA,Thr
CGT,ACG,M,Thr
CGT,GCU,NA,Ala
CGT,GCC,NA,Ala
CGT,GCA,NA,Ala
CGT,GCG,NA,Ala
CGT,UAU,NA,Tyr
CGT,UAC,NA,Tyr
CGT,CAU,NA,His
CGT,CAC,NA,His
CGT,CAA,NA,Gln
CGT,CAG,NA,Gln
CGT,AAU,NA,Asn
CGT,AAC,NA,Asn
CGT,AAA,NA,Lys
CGT,AAG,NA,Lys
CGT,GAU,NA,Asp
CGT,GAC,NA,Asp
CGT,GAA,NA,Glu
CGT,GAG,NA,Glu
CGT,UGU,NA,Cys
CGT,UGC,NA,Cys
CGT,UGG,NA,Trp
CGT,CGU,NA,Arg
CGT,CGC,NA,Arg
CGT,CGA,NA,Arg
CGT,CGG,NA,Arg
CGT,AGA,NA,Arg
CGT,AGG,NA,Arg
CGT,GGU,NA,Gly
CGT,GGC,NA,Gly
CGT,GGA,NA,Gly
CGT,GGG,NA,Gly
CGT,UAA,NA,TER
CGT,UAG,NA,TER
CGT,UGA,NA,TER
AGC,UUU,NA,Phe
AGC,UUC,NA,Phe
AGC,UUA,NA,Leu
AGC,UUG,NA,Leu
AGC,CUU,NA,Leu
AGC,CUC,NA,Leu
AGC,CUA,NA,Leu
AGC,CUG,NA,Leu
AGC,AUU,NA,Ile
AGC,AUC,NA,Ile
AGC,AUA,NA,Ile
AGC,AUG,NA,Met
AGC,GUU,NA,Val
AGC,GUC,NA,Val
AGC,GUA,NA,Val
AGC,GUG,NA,Val
AGC,UCU,NA,Ser
AGC,UCC,NA,Ser
AGC,UCA,NA,Ser
AGC,UCG,NA,Ser
AGC,AGU,NA,Ser
AGC,AGC,NA,Ser
AGC,CCU,NA,Pro
AGC,CCC,NA,Pro
AGC,CCA,NA,Pro
AGC,CCG,NA,Pro
AGC,ACU,NA,Thr
AGC,ACC,NA,Thr
AGC,ACA,NA,Thr
AGC,ACG,NA,Thr
AGC,GCU,M,Ala
AGC,GCC,NA,Ala
AGC,GCA,NA,Ala
AGC,GCG,NA,Ala
AGC,UAU,NA,Tyr
AGC,UAC,NA,Tyr
AGC,CAU,NA,His
AGC,CAC,NA,His
AGC,CAA,NA,Gln
AGC,CAG,NA,Gln
AGC,AAU,NA,Asn
AGC,AAC,NA,Asn
AGC,AAA,NA,Lys
AGC,AAG,NA,Lys
AGC,GAU,NA,Asp
AGC,GAC,NA,Asp
AGC,GAA,NA,Glu
AGC,GAG,NA,Glu
AGC,UGU,NA,Cys
AGC,UGC,NA,Cys
AGC,UGG,NA,Trp
AGC,CGU,NA,Arg
AGC,CGC,NA,Arg
AGC,CGA,NA,Arg
AGC,CGG,NA,Arg
AGC,AGA,NA,Arg
AGC,AGG,NA,Arg
AGC,GGU,NA,Gly
AGC,GGC,NA,Gly
AGC,GGA,NA,Gly
AGC,GGG,NA,Gly
AGC,UAA,NA,TER
AGC,UAG,NA,TER
AGC,UGA,NA,TER
GGC,UUU,NA,Phe
GGC,UUC,NA,Phe
GGC,UUA,NA,Leu
GGC,UUG,NA,Leu
GGC,CUU,NA,Leu
GGC,CUC,NA,Leu
GGC,CUA,NA,Leu
GGC,CUG,NA,Leu
GGC,AUU,NA,Ile
GGC,AUC,NA,Ile
GGC,AUA,NA,Ile
GGC,AUG,NA,Met
GGC,GUU,NA,Val
GGC,GUC,NA,Val
GGC,GUA,NA,Val
GGC,GUG,NA,Val
GGC,UCU,NA,Ser
GGC,UCC,NA,Ser
GGC,UCA,NA,Ser
GGC,UCG,NA,Ser
GGC,AGU,NA,Ser
GGC,AGC,NA,Ser
GGC,CCU,NA,Pro
GGC,CCC,NA,Pro
GGC,CCA,NA,Pro
GGC,CCG,NA,Pro
GGC,ACU,NA,Thr
GGC,ACC,NA,Thr
GGC,ACA,NA,Thr
GGC,ACG,NA,Thr
GGC,GCU,GU,Ala
GGC,GCC,M,Ala
GGC,GCA,NA,Ala
GGC,GCG,NA,Ala
GGC,UAU,NA,Tyr
GGC,UAC,NA,Tyr
GGC,CAU,NA,His
GGC,CAC,NA,His
GGC,CAA,NA,Gln
GGC,CAG,NA,Gln
GGC,AAU,NA,Asn
GGC,AAC,NA,Asn
GGC,AAA,NA,Lys
GGC,AAG,NA,Lys
GGC,GAU,NA,Asp
GGC,GAC,NA,Asp
GGC,GAA,NA,Glu
GGC,GAG,NA,Glu
GGC,UGU,NA,Cys
GGC,UGC,NA,Cys
GGC,UGG,NA,Trp
GGC,CGU,NA,Arg
GGC,CGC,NA,Arg
GGC,CGA,NA,Arg
GGC,CGG,NA,Arg
GGC,AGA,NA,Arg
GGC,AGG,NA,Arg
GGC,GGU,NA,Gly
GGC,GGC,NA,Gly
GGC,GGA,NA,Gly
GGC,GGG,NA,Gly
GGC,UAA,NA,TER
GGC,UAG,NA,TER
GGC,UGA,NA,TER
TGC,UUU,NA,Phe
TGC,UUC,NA,Phe
TGC,UUA,NA,Leu
TGC,UUG,NA,Leu
TGC,CUU,NA,Leu
TGC,CUC,NA,Leu
TGC,CUA,NA,Leu
TGC,CUG,NA,Leu
TGC,AUU,NA,Ile
TGC,AUC,NA,Ile
TGC,AUA,NA,Ile
TGC,AUG,NA,Met
TGC,GUU,NA,Val
TGC,GUC,NA,Val
TGC,GUA,NA,Val
TGC,GUG,NA,Val
TGC,UCU,NA,Ser
TGC,UCC,NA,Ser
TGC,UCA,NA,Ser
TGC,UCG,NA,Ser
TGC,AGU,NA,Ser
TGC,AGC,NA,Ser
TGC,CCU,NA,Pro
TGC,CCC,NA,Pro
TGC,CCA,NA,Pro
TGC,CCG,NA,Pro
TGC,ACU,NA,Thr
TGC,ACC,NA,Thr
TGC,ACA,NA,Thr
TGC,ACG,NA,Thr
TGC,GCU,SU,Ala
TGC,GCC,SU,Ala
TGC,GCA,M,Ala
TGC,GCG,GU,Ala
TGC,UAU,NA,Tyr
TGC,UAC,NA,Tyr
TGC,CAU,NA,His
TGC,CAC,NA,His
TGC,CAA,NA,Gln
TGC,CAG,NA,Gln
TGC,AAU,NA,Asn
TGC,AAC,NA,Asn
TGC,AAA,NA,Lys
TGC,AAG,NA,Lys
TGC,GAU,NA,Asp
TGC,GAC,NA,Asp
TGC,GAA,NA,Glu
TGC,GAG,NA,Glu
TGC,UGU,NA,Cys
TGC,UGC,NA,Cys
TGC,UGG,NA,Trp
TGC,CGU,NA,Arg
TGC,CGC,NA,Arg
TGC,CGA,NA,Arg
TGC,CGG,NA,Arg
TGC,AGA,NA,Arg
TGC,AGG,NA,Arg
TGC,GGU,NA,Gly
TGC,GGC,NA,Gly
TGC,GGA,NA,Gly
TGC,GGG,NA,Gly
TGC,UAA,NA,TER
TGC,UAG,NA,TER
TGC,UGA,NA,TER
CGC,UUU,NA,Phe
CGC,UUC,NA,Phe
CGC,UUA,NA,Leu
CGC,UUG,NA,Leu
CGC,CUU,NA,Leu
CGC,CUC,NA,Leu
CGC,CUA,NA,Leu
CGC,CUG,NA,Leu
CGC,AUU,NA,Ile
CGC,AUC,NA,Ile
CGC,AUA,NA,Ile
CGC,AUG,NA,Met
CGC,GUU,NA,Val
CGC,GUC,NA,Val
CGC,GUA,NA,Val
CGC,GUG,NA,Val
CGC,UCU,NA,Ser
CGC,UCC,NA,Ser
CGC,UCA,NA,Ser
CGC,UCG,NA,Ser
CGC,AGU,NA,Ser
CGC,AGC,NA,Ser
CGC,CCU,NA,Pro
CGC,CCC,NA,Pro
CGC,CCA,NA,Pro
CGC,CCG,NA,Pro
CGC,ACU,NA,Thr
CGC,ACC,NA,Thr
CGC,ACA,NA,Thr
CGC,ACG,NA,Thr
CGC,GCU,NA,Ala
CGC,GCC,NA,Ala
CGC,GCA,NA,Ala
CGC,GCG,M,Ala
CGC,UAU,NA,Tyr
CGC,UAC,NA,Tyr
CGC,CAU,NA,His
CGC,CAC,NA,His
CGC,CAA,NA,Gln
CGC,CAG,NA,Gln
CGC,AAU,NA,Asn
CGC,AAC,NA,Asn
CGC,AAA,NA,Lys
CGC,AAG,NA,Lys
CGC,GAU,NA,Asp
CGC,GAC,NA,Asp
CGC,GAA,NA,Glu
CGC,GAG,NA,Glu
CGC,UGU,NA,Cys
CGC,UGC,NA,Cys
CGC,UGG,NA,Trp
CGC,CGU,NA,Arg
CGC,CGC,NA,Arg
CGC,CGA,NA,Arg
CGC,CGG,NA,Arg
CGC,AGA,NA,Arg
CGC,AGG,NA,Arg
CGC,GGU,NA,Gly
CGC,GGC,NA,Gly
CGC,GGA,NA,Gly
CGC,GGG,NA,Gly
CGC,UAA,NA,TER
CGC,UAG,NA,TER
CGC,UGA,NA,TER
ATA,UUU,NA,Phe
ATA,UUC,NA,Phe
ATA,UUA,NA,Leu
ATA,UUG,NA,Leu
ATA,CUU,NA,Leu
ATA,CUC,NA,Leu
ATA,CUA,NA,Leu
ATA,CUG,NA,Leu
ATA,AUU,NA,Ile
ATA,AUC,NA,Ile
ATA,AUA,NA,Ile
ATA,AUG,NA,Met
ATA,GUU,NA,Val
ATA,GUC,NA,Val
ATA,GUA,NA,Val
ATA,GUG,NA,Val
ATA,UCU,NA,Ser
ATA,UCC,NA,Ser
ATA,UCA,NA,Ser
ATA,UCG,NA,Ser
ATA,AGU,NA,Ser
ATA,AGC,NA,Ser
ATA,CCU,NA,Pro
ATA,CCC,NA,Pro
ATA,CCA,NA,Pro
ATA,CCG,NA,Pro
ATA,ACU,NA,Thr
ATA,ACC,NA,Thr
ATA,ACA,NA,Thr
ATA,ACG,NA,Thr
ATA,GCU,NA,Ala
ATA,GCC,NA,Ala
ATA,GCA,NA,Ala
ATA,GCG,NA,Ala
ATA,UAU,M,Tyr
ATA,UAC,NA,Tyr
ATA,CAU,NA,His
ATA,CAC,NA,His
ATA,CAA,NA,Gln
ATA,CAG,NA,Gln
ATA,AAU,NA,Asn
ATA,AAC,NA,Asn
ATA,AAA,NA,Lys
ATA,AAG,NA,Lys
ATA,GAU,NA,Asp
ATA,GAC,NA,Asp
ATA,GAA,NA,Glu
ATA,GAG,NA,Glu
ATA,UGU,NA,Cys
ATA,UGC,NA,Cys
ATA,UGG,NA,Trp
ATA,CGU,NA,Arg
ATA,CGC,NA,Arg
ATA,CGA,NA,Arg
ATA,CGG,NA,Arg
ATA,AGA,NA,Arg
ATA,AGG,NA,Arg
ATA,GGU,NA,Gly
ATA,GGC,NA,Gly
ATA,GGA,NA,Gly
ATA,GGG,NA,Gly
ATA,UAA,NA,TER
ATA,UAG,NA,TER
ATA,UGA,NA,TER
GTA,UUU,NA,Phe
GTA,UUC,NA,Phe
GTA,UUA,NA,Leu
GTA,UUG,NA,Leu
GTA,CUU,NA,Leu
GTA,CUC,NA,Leu
GTA,CUA,NA,Leu
GTA,CUG,NA,Leu
GTA,AUU,NA,Ile
GTA,AUC,NA,Ile
GTA,AUA,NA,Ile
GTA,AUG,NA,Met
GTA,GUU,NA,Val
GTA,GUC,NA,Val
GTA,GUA,NA,Val
GTA,GUG,NA,Val
GTA,UCU,NA,Ser
GTA,UCC,NA,Ser
GTA,UCA,NA,Ser
GTA,UCG,NA,Ser
GTA,AGU,NA,Ser
GTA,AGC,NA,Ser
GTA,CCU,NA,Pro
GTA,CCC,NA,Pro
GTA,CCA,NA,Pro
GTA,CCG,NA,Pro
GTA,ACU,NA,Thr
GTA,ACC,NA,Thr
GTA,ACA,NA,Thr
GTA,ACG,NA,Thr
GTA,GCU,NA,Ala
GTA,GCC,NA,Ala
GTA,GCA,NA,Ala
GTA,GCG,NA,Ala
GTA,UAU,GU,Tyr
GTA,UAC,M,Tyr
GTA,CAU,NA,His
GTA,CAC,NA,His
GTA,CAA,NA,Gln
GTA,CAG,NA,Gln
GTA,AAU,NA,Asn
GTA,AAC,NA,Asn
GTA,AAA,NA,Lys
GTA,AAG,NA,Lys
GTA,GAU,NA,Asp
GTA,GAC,NA,Asp
GTA,GAA,NA,Glu
GTA,GAG,NA,Glu
GTA,UGU,NA,Cys
GTA,UGC,NA,Cys
GTA,UGG,NA,Trp
GTA,CGU,NA,Arg
GTA,CGC,NA,Arg
GTA,CGA,NA,Arg
GTA,CGG,NA,Arg
GTA,AGA,NA,Arg
GTA,AGG,NA,Arg
GTA,GGU,NA,Gly
GTA,GGC,NA,Gly
GTA,GGA,NA,Gly
GTA,GGG,NA,Gly
GTA,UAA,NA,TER
GTA,UAG,NA,TER
GTA,UGA,NA,TER
ATG,UUU,NA,Phe
ATG,UUC,NA,Phe
ATG,UUA,NA,Leu
ATG,UUG,NA,Leu
ATG,CUU,NA,Leu
ATG,CUC,NA,Leu
ATG,CUA,NA,Leu
ATG,CUG,NA,Leu
ATG,AUU,NA,Ile
ATG,AUC,NA,Ile
ATG,AUA,NA,Ile
ATG,AUG,NA,Met
ATG,GUU,NA,Val
ATG,GUC,NA,Val
ATG,GUA,NA,Val
ATG,GUG,NA,Val
ATG,UCU,NA,Ser
ATG,UCC,NA,Ser
ATG,UCA,NA,Ser
ATG,UCG,NA,Ser
ATG,AGU,NA,Ser
ATG,AGC,NA,Ser
ATG,CCU,NA,Pro
ATG,CCC,NA,Pro
ATG,CCA,NA,Pro
ATG,CCG,NA,Pro
ATG,ACU,NA,Thr
ATG,ACC,NA,Thr
ATG,ACA,NA,Thr
ATG,ACG,NA,Thr
ATG,GCU,NA,Ala
ATG,GCC,NA,Ala
ATG,GCA,NA,Ala
ATG,GCG,NA,Ala
ATG,UAU,NA,Tyr
ATG,UAC,NA,Tyr
ATG,CAU,M,His
ATG,CAC,NA,His
ATG,CAA,NA,Gln
ATG,CAG,NA,Gln
ATG,AAU,NA,Asn
ATG,AAC,NA,Asn
ATG,AAA,NA,Lys
ATG,AAG,NA,Lys
ATG,GAU,NA,Asp
ATG,GAC,NA,Asp
ATG,GAA,NA,Glu
ATG,GAG,NA,Glu
ATG,UGU,NA,Cys
ATG,UGC,NA,Cys
ATG,UGG,NA,Trp
ATG,CGU,NA,Arg
ATG,CGC,NA,Arg
ATG,CGA,NA,Arg
ATG,CGG,NA,Arg
ATG,AGA,NA,Arg
ATG,AGG,NA,Arg
ATG,GGU,NA,Gly
ATG,GGC,NA,Gly
ATG,GGA,NA,Gly
ATG,GGG,NA,Gly
ATG,UAA,NA,TER
ATG,UAG,NA,TER
ATG,UGA,NA,TER
GTG,UUU,NA,Phe
GTG,UUC,NA,Phe
GTG,UUA,NA,Leu
GTG,UUG,NA,Leu
GTG,CUU,NA,Leu
GTG,CUC,NA,Leu
GTG,CUA,NA,Leu
GTG,CUG,NA,Leu
GTG,AUU,NA,Ile
GTG,AUC,NA,Ile
GTG,AUA,NA,Ile
GTG,AUG,NA,Met
GTG,GUU,NA,Val
GTG,GUC,NA,Val
GTG,GUA,NA,Val
GTG,GUG,NA,Val
GTG,UCU,NA,Ser
GTG,UCC,NA,Ser
GTG,UCA,NA,Ser
GTG,UCG,NA,Ser
GTG,AGU,NA,Ser
GTG,AGC,NA,Ser
GTG,CCU,NA,Pro
GTG,CCC,NA,Pro
GTG,CCA,NA,Pro
GTG,CCG,NA,Pro
GTG,ACU,NA,Thr
GTG,ACC,NA,Thr
GTG,ACA,NA,Thr
GTG,ACG,NA,Thr
GTG,GCU,NA,Ala
GTG,GCC,NA,Ala
GTG,GCA,NA,Ala
GTG,GCG,NA,Ala
GTG,UAU,NA,Tyr
GTG,UAC,NA,Tyr
GTG,CAU,GU,His
GTG,CAC,M,His
GTG,CAA,NA,Gln
GTG,CAG,NA,Gln
GTG,AAU,NA,Asn
GTG,AAC,NA,Asn
GTG,AAA,NA,Lys
GTG,AAG,NA,Lys
GTG,GAU,NA,Asp
GTG,GAC,NA,Asp
GTG,GAA,NA,Glu
GTG,GAG,NA,Glu
GTG,UGU,NA,Cys
GTG,UGC,NA,Cys
GTG,UGG,NA,Trp
GTG,CGU,NA,Arg
GTG,CGC,NA,Arg
GTG,CGA,NA,Arg
GTG,CGG,NA,Arg
GTG,AGA,NA,Arg
GTG,AGG,NA,Arg
GTG,GGU,NA,Gly
GTG,GGC,NA,Gly
GTG,GGA,NA,Gly
GTG,GGG,NA,Gly
GTG,UAA,NA,TER
GTG,UAG,NA,TER
GTG,UGA,NA,TER
TTG,UUU,NA,Phe
TTG,UUC,NA,Phe
TTG,UUA,NA,Leu
TTG,UUG,NA,Leu
TTG,CUU,NA,Leu
TTG,CUC,NA,Leu
TTG,CUA,NA,Leu
TTG,CUG,NA,Leu
TTG,AUU,NA,Ile
TTG,AUC,NA,Ile
TTG,AUA,NA,Ile
TTG,AUG,NA,Met
TTG,GUU,NA,Val
TTG,GUC,NA,Val
TTG,GUA,NA,Val
TTG,GUG,NA,Val
TTG,UCU,NA,Ser
TTG,UCC,NA,Ser
TTG,UCA,NA,Ser
TTG,UCG,NA,Ser
TTG,AGU,NA,Ser
TTG,AGC,NA,Ser
TTG,CCU,NA,Pro
TTG,CCC,NA,Pro
TTG,CCA,NA,Pro
TTG,CCG,NA,Pro
TTG,ACU,NA,Thr
TTG,ACC,NA,Thr
TTG,ACA,NA,Thr
TTG,ACG,NA,Thr
TTG,GCU,NA,Ala
TTG,GCC,NA,Ala
TTG,GCA,NA,Ala
TTG,GCG,NA,Ala
TTG,UAU,NA,Tyr
TTG,UAC,NA,Tyr
TTG,CAU,NA,His
TTG,CAC,NA,His
TTG,CAA,M,Gln
TTG,CAG,GU,Gln
TTG,AAU,NA,Asn
TTG,AAC,NA,Asn
TTG,AAA,NA,Lys
TTG,AAG,NA,Lys
TTG,GAU,NA,Asp
TTG,GAC,NA,Asp
TTG,GAA,NA,Glu
TTG,GAG,NA,Glu
TTG,UGU,NA,Cys
TTG,UGC,NA,Cys
TTG,UGG,NA,Trp
TTG,CGU,NA,Arg
TTG,CGC,NA,Arg
TTG,CGA,NA,Arg
TTG,CGG,NA,Arg
TTG,AGA,NA,Arg
TTG,AGG,NA,Arg
TTG,GGU,NA,Gly
TTG,GGC,NA,Gly
TTG,GGA,NA,Gly
TTG,GGG,NA,Gly
TTG,UAA,NA,TER
TTG,UAG,NA,TER
TTG,UGA,NA,TER
CTG,UUU,NA,Phe
CTG,UUC,NA,Phe
CTG,UUA,NA,Leu
CTG,UUG,NA,Leu
CTG,CUU,NA,Leu
CTG,CUC,NA,Leu
CTG,CUA,NA,Leu
CTG,CUG,NA,Leu
CTG,AUU,NA,Ile
CTG,AUC,NA,Ile
CTG,AUA,NA,Ile
CTG,AUG,NA,Met
CTG,GUU,NA,Val
CTG,GUC,NA,Val
CTG,GUA,NA,Val
CTG,GUG,NA,Val
CTG,UCU,NA,Ser
CTG,UCC,NA,Ser
CTG,UCA,NA,Ser
CTG,UCG,NA,Ser
CTG,AGU,NA,Ser
CTG,AGC,NA,Ser
CTG,CCU,NA,Pro
CTG,CCC,NA,Pro
CTG,CCA,NA,Pro
CTG,CCG,NA,Pro
CTG,ACU,NA,Thr
CTG,ACC,NA,Thr
CTG,ACA,NA,Thr
CTG,ACG,NA,Thr
CTG,GCU,NA,Ala
CTG,GCC,NA,Ala
CTG,GCA,NA,Ala
CTG,GCG,NA,Ala
CTG,UAU,NA,Tyr
CTG,UAC,NA,Tyr
CTG,CAU,NA,His
CTG,CAC,NA,His
CTG,CAA,NA,Gln
CTG,CAG,M,Gln
CTG,AAU,NA,Asn
CTG,AAC,NA,Asn
CTG,AAA,NA,Lys
CTG,AAG,NA,Lys
CTG,GAU,NA,Asp
CTG,GAC,NA,Asp
CTG,GAA,NA,Glu
CTG,GAG,NA,Glu
CTG,UGU,NA,Cys
CTG,UGC,NA,Cys
CTG,UGG,NA,Trp
CTG,CGU,NA,Arg
CTG,CGC,NA,Arg
CTG,CGA,NA,Arg
CTG,CGG,NA,Arg
CTG,AGA,NA,Arg
CTG,AGG,NA,Arg
CTG,GGU,NA,Gly
CTG,GGC,NA,Gly
CTG,GGA,NA,Gly
CTG,GGG,NA,Gly
CTG,UAA,NA,TER
CTG,UAG,NA,TER
CTG,UGA,NA,TER
ATT,UUU,NA,Phe
ATT,UUC,NA,Phe
ATT,UUA,NA,Leu
ATT,UUG,NA,Leu
ATT,CUU,NA,Leu
ATT,CUC,NA,Leu
ATT,CUA,NA,Leu
ATT,CUG,NA,Leu
ATT,AUU,NA,Ile
ATT,AUC,NA,Ile
ATT,AUA,NA,Ile
ATT,AUG,NA,Met
ATT,GUU,NA,Val
ATT,GUC,NA,Val
ATT,GUA,NA,Val
ATT,GUG,NA,Val
ATT,UCU,NA,Ser
ATT,UCC,NA,Ser
ATT,UCA,NA,Ser
ATT,UCG,NA,Ser
ATT,AGU,NA,Ser
ATT,AGC,NA,Ser
ATT,CCU,NA,Pro
ATT,CCC,NA,Pro
ATT,CCA,NA,Pro
ATT,CCG,NA,Pro
ATT,ACU,NA,Thr
ATT,ACC,NA,Thr
ATT,ACA,NA,Thr
ATT,ACG,NA,Thr
ATT,GCU,NA,Ala
ATT,GCC,NA,Ala
ATT,GCA,NA,Ala
ATT,GCG,NA,Ala
ATT,UAU,NA,Tyr
ATT,UAC,NA,Tyr
ATT,CAU,NA,His
ATT,CAC,NA,His
ATT,CAA,NA,Gln
ATT,CAG,NA,Gln
ATT,AAU,M,Asn
ATT,AAC,NA,Asn
ATT,AAA,NA,Lys
ATT,AAG,NA,Lys
ATT,GAU,NA,Asp
ATT,GAC,NA,Asp
ATT,GAA,NA,Glu
ATT,GAG,NA,Glu
ATT,UGU,NA,Cys
ATT,UGC,NA,Cys
ATT,UGG,NA,Trp
ATT,CGU,NA,Arg
ATT,CGC,NA,Arg
ATT,CGA,NA,Arg
ATT,CGG,NA,Arg
ATT,AGA,NA,Arg
ATT,AGG,NA,Arg
ATT,GGU,NA,Gly
ATT,GGC,NA,Gly
ATT,GGA,NA,Gly
ATT,GGG,NA,Gly
ATT,UAA,NA,TER
ATT,UAG,NA,TER
ATT,UGA,NA,TER
GTT,UUU,NA,Phe
GTT,UUC,NA,Phe
GTT,UUA,NA,Leu
GTT,UUG,NA,Leu
GTT,CUU,NA,Leu
GTT,CUC,NA,Leu
GTT,CUA,NA,Leu
GTT,CUG,NA,Leu
GTT,AUU,NA,Ile
GTT,AUC,NA,Ile
GTT,AUA,NA,Ile
GTT,AUG,NA,Met
GTT,GUU,NA,Val
GTT,GUC,NA,Val
GTT,GUA,NA,Val
GTT,GUG,NA,Val
GTT,UCU,NA,Ser
GTT,UCC,NA,Ser
GTT,UCA,NA,Ser
GTT,UCG,NA,Ser
GTT,AGU,NA,Ser
GTT,AGC,NA,Ser
GTT,CCU,NA,Pro
GTT,CCC,NA,Pro
GTT,CCA,NA,Pro
GTT,CCG,NA,Pro
GTT,ACU,NA,Thr
GTT,ACC,NA,Thr
GTT,ACA,NA,Thr
GTT,ACG,NA,Thr
GTT,GCU,NA,Ala
GTT,GCC,NA,Ala
GTT,GCA,NA,Ala
GTT,GCG,NA,Ala
GTT,UAU,NA,Tyr
GTT,UAC,NA,Tyr
GTT,CAU,NA,His
GTT,CAC,NA,His
GTT,CAA,NA,Gln
GTT,CAG,NA,Gln
GTT,AAU,GU,Asn
GTT,AAC,M,Asn
GTT,AAA,NA,Lys
GTT,AAG,NA,Lys
GTT,GAU,NA,Asp
GTT,GAC,NA,Asp
GTT,GAA,NA,Glu
GTT,GAG,NA,Glu
GTT,UGU,NA,Cys
GTT,UGC,NA,Cys
GTT,UGG,NA,Trp
GTT,CGU,NA,Arg
GTT,CGC,NA,Arg
GTT,CGA,NA,Arg
GTT,CGG,NA,Arg
GTT,AGA,NA,Arg
GTT,AGG,NA,Arg
GTT,GGU,NA,Gly
GTT,GGC,NA,Gly
GTT,GGA,NA,Gly
GTT,GGG,NA,Gly
GTT,UAA,NA,TER
GTT,UAG,NA,TER
GTT,UGA,NA,TER
TTT,UUU,NA,Phe
TTT,UUC,NA,Phe
TTT,UUA,NA,Leu
TTT,UUG,NA,Leu
TTT,CUU,NA,Leu
TTT,CUC,NA,Leu
TTT,CUA,NA,Leu
TTT,CUG,NA,Leu
TTT,AUU,NA,Ile
TTT,AUC,NA,Ile
TTT,AUA,NA,Ile
TTT,AUG,NA,Met
TTT,GUU,NA,Val
TTT,GUC,NA,Val
TTT,GUA,NA,Val
TTT,GUG,NA,Val
TTT,UCU,NA,Ser
TTT,UCC,NA,Ser
TTT,UCA,NA,Ser
TTT,UCG,NA,Ser
TTT,AGU,NA,Ser
TTT,AGC,NA,Ser
TTT,CCU,NA,Pro
TTT,CCC,NA,Pro
TTT,CCA,NA,Pro
TTT,CCG,NA,Pro
TTT,ACU,NA,Thr
TTT,ACC,NA,Thr
TTT,ACA,NA,Thr
TTT,ACG,NA,Thr
TTT,GCU,NA,Ala
TTT,GCC,NA,Ala
TTT,GCA,NA,Ala
TTT,GCG,NA,Ala
TTT,UAU,NA,Tyr
TTT,UAC,NA,Tyr
TTT,CAU,NA,His
TTT,CAC,NA,His
TTT,CAA,NA,Gln
TTT,CAG,NA,Gln
TTT,AAU,NA,Asn
TTT,AAC,NA,Asn
TTT,AAA,M,Lys
TTT,AAG,GU,Lys
TTT,GAU,NA,Asp
TTT,GAC,NA,Asp
TTT,GAA,NA,Glu
TTT,GAG,NA,Glu
TTT,UGU,NA,Cys
TTT,UGC,NA,Cys
TTT,UGG,NA,Trp
TTT,CGU,NA,Arg
TTT,CGC,NA,Arg
TTT,CGA,NA,Arg
TTT,CGG,NA,Arg
TTT,AGA,NA,Arg
TTT,AGG,NA,Arg
TTT,GGU,NA,Gly
TTT,GGC,NA,Gly
TTT,GGA,NA,Gly
TTT,GGG,NA,Gly
TTT,UAA,NA,TER
TTT,UAG,NA,TER
TTT,UGA,NA,TER
CTT,UUU,NA,Phe
CTT,UUC,NA,Phe
CTT,UUA,NA,Leu
CTT,UUG,NA,Leu
CTT,CUU,NA,Leu
CTT,CUC,NA,Leu
CTT,CUA,NA,Leu
CTT,CUG,NA,Leu
CTT,AUU,NA,Ile
CTT,AUC,NA,Ile
CTT,AUA,NA,Ile
CTT,AUG,NA,Met
CTT,GUU,NA,Val
CTT,GUC,NA,Val
CTT,GUA,NA,Val
CTT,GUG,NA,Val
CTT,UCU,NA,Ser
CTT,UCC,NA,Ser
CTT,UCA,NA,Ser
CTT,UCG,NA,Ser
CTT,AGU,NA,Ser
CTT,AGC,NA,Ser
CTT,CCU,NA,Pro
CTT,CCC,NA,Pro
CTT,CCA,NA,Pro
CTT,CCG,NA,Pro
CTT,ACU,NA,Thr
CTT,ACC,NA,Thr
CTT,ACA,NA,Thr
CTT,ACG,NA,Thr
CTT,GCU,NA,Ala
CTT,GCC,NA,Ala
CTT,GCA,NA,Ala
CTT,GCG,NA,Ala
CTT,UAU,NA,Tyr
CTT,UAC,NA,Tyr
CTT,CAU,NA,His
CTT,CAC,NA,His
CTT,CAA,NA,Gln
CTT,CAG,NA,Gln
CTT,AAU,NA,Asn
CTT,AAC,NA,Asn
CTT,AAA,NA,Lys
CTT,AAG,M,Lys
CTT,GAU,NA,Asp
CTT,GAC,NA,Asp
CTT,GAA,NA,Glu
CTT,GAG,NA,Glu
CTT,UGU,NA,Cys
CTT,UGC,NA,Cys
CTT,UGG,NA,Trp
CTT,CGU,NA,Arg
CTT,CGC,NA,Arg
CTT,CGA,NA,Arg
CTT,CGG,NA,Arg
CTT,AGA,NA,Arg
CTT,AGG,NA,Arg
CTT,GGU,NA,Gly
CTT,GGC,NA,Gly
CTT,GGA,NA,Gly
CTT,GGG,NA,Gly
CTT,UAA,NA,TER
CTT,UAG,NA,TER
CTT,UGA,NA,TER
ATC,UUU,NA,Phe
ATC,UUC,NA,Phe
ATC,UUA,NA,Leu
ATC,UUG,NA,Leu
ATC,CUU,NA,Leu
ATC,CUC,NA,Leu
ATC,CUA,NA,Leu
ATC,CUG,NA,Leu
ATC,AUU,NA,Ile
ATC,AUC,NA,Ile
ATC,AUA,NA,Ile
ATC,AUG,NA,Met
ATC,GUU,NA,Val
ATC,GUC,NA,Val
ATC,GUA,NA,Val
ATC,GUG,NA,Val
ATC,UCU,NA,Ser
ATC,UCC,NA,Ser
ATC,UCA,NA,Ser
ATC,UCG,NA,Ser
ATC,AGU,NA,Ser
ATC,AGC,NA,Ser
ATC,CCU,NA,Pro
ATC,CCC,NA,Pro
ATC,CCA,NA,Pro
ATC,CCG,NA,Pro
ATC,ACU,NA,Thr
ATC,ACC,NA,Thr
ATC,ACA,NA,Thr
ATC,ACG,NA,Thr
ATC,GCU,NA,Ala
ATC,GCC,NA,Ala
ATC,GCA,NA,Ala
ATC,GCG,NA,Ala
ATC,UAU,NA,Tyr
ATC,UAC,NA,Tyr
ATC,CAU,NA,His
ATC,CAC,NA,His
ATC,CAA,NA,Gln
ATC,CAG,NA,Gln
ATC,AAU,NA,Asn
ATC,AAC,NA,Asn
ATC,AAA,NA,Lys
ATC,AAG,NA,Lys
ATC,GAU,M,Asp
ATC,GAC,NA,Asp
ATC,GAA,NA,Glu
ATC,GAG,NA,Glu
ATC,UGU,NA,Cys
ATC,UGC,NA,Cys
ATC,UGG,NA,Trp
ATC,CGU,NA,Arg
ATC,CGC,NA,Arg
ATC,CGA,NA,Arg
ATC,CGG,NA,Arg
ATC,AGA,NA,Arg
ATC,AGG,NA,Arg
ATC,GGU,NA,Gly
ATC,GGC,NA,Gly
ATC,GGA,NA,Gly
ATC,GGG,NA,Gly
ATC,UAA,NA,TER
ATC,UAG,NA,TER
ATC,UGA,NA,TER
GTC,UUU,NA,Phe
GTC,UUC,NA,Phe
GTC,UUA,NA,Leu
GTC,UUG,NA,Leu
GTC,CUU,NA,Leu
GTC,CUC,NA,Leu
GTC,CUA,NA,Leu
GTC,CUG,NA,Leu
GTC,AUU,NA,Ile
GTC,AUC,NA,Ile
GTC,AUA,NA,Ile
GTC,AUG,NA,Met
GTC,GUU,NA,Val
GTC,GUC,NA,Val
GTC,GUA,NA,Val
GTC,GUG,NA,Val
GTC,UCU,NA,Ser
GTC,UCC,NA,Ser
GTC,UCA,NA,Ser
GTC,UCG,NA,Ser
GTC,AGU,NA,Ser
GTC,AGC,NA,Ser
GTC,CCU,NA,Pro
GTC,CCC,NA,Pro
GTC,CCA,NA,Pro
GTC,CCG,NA,Pro
GTC,ACU,NA,Thr
GTC,ACC,NA,Thr
GTC,ACA,NA,Thr
GTC,ACG,NA,Thr
GTC,GCU,NA,Ala
GTC,GCC,NA,Ala
GTC,GCA,NA,Ala
GTC,GCG,NA,Ala
GTC,UAU,NA,Tyr
GTC,UAC,NA,Tyr
GTC,CAU,NA,His
GTC,CAC,NA,His
GTC,CAA,NA,Gln
GTC,CAG,NA,Gln
GTC,AAU,NA,Asn
GTC,AAC,NA,Asn
GTC,AAA,NA,Lys
GTC,AAG,NA,Lys
GTC,GAU,GU,Asp
GTC,GAC,M,Asp
GTC,GAA,NA,Glu
GTC,GAG,NA,Glu
GTC,UGU,NA,Cys
GTC,UGC,NA,Cys
GTC,UGG,NA,Trp
GTC,CGU,NA,Arg
GTC,CGC,NA,Arg
GTC,CGA,NA,Arg
GTC,CGG,NA,Arg
GTC,AGA,NA,Arg
GTC,AGG,NA,Arg
GTC,GGU,NA,Gly
GTC,GGC,NA,Gly
GTC,GGA,NA,Gly
GTC,GGG,NA,Gly
GTC,UAA,NA,TER
GTC,UAG,NA,TER
GTC,UGA,NA,TER
TTC,UUU,NA,Phe
TTC,UUC,NA,Phe
TTC,UUA,NA,Leu
TTC,UUG,NA,Leu
TTC,CUU,NA,Leu
TTC,CUC,NA,Leu
TTC,CUA,NA,Leu
TTC,CUG,NA,Leu
TTC,AUU,NA,Ile
TTC,AUC,NA,Ile
TTC,AUA,NA,Ile
TTC,AUG,NA,Met
TTC,GUU,NA,Val
TTC,GUC,NA,Val
TTC,GUA,NA,Val
TTC,GUG,NA,Val
TTC,UCU,NA,Ser
TTC,UCC,NA,Ser
TTC,UCA,NA,Ser
TTC,UCG,NA,Ser
TTC,AGU,NA,Ser
TTC,AGC,NA,Ser
TTC,CCU,NA,Pro
TTC,CCC,NA,Pro
TTC,CCA,NA,Pro
TTC,CCG,NA,Pro
TTC,ACU,NA,Thr
TTC,ACC,NA,Thr
TTC,ACA,NA,Thr
TTC,ACG,NA,Thr
TTC,GCU,NA,Ala
TTC,GCC,NA,Ala
TTC,GCA,NA,Ala
TTC,GCG,NA,Ala
TTC,UAU,NA,Tyr
TTC,UAC,NA,Tyr
TTC,CAU,NA,His
TTC,CAC,NA,His
TTC,CAA,NA,Gln
TTC,CAG,NA,Gln
TTC,AAU,NA,Asn
TTC,AAC,NA,Asn
TTC,AAA,NA,Lys
TTC,AAG,NA,Lys
TTC,GAU,NA,Asp
TTC,GAC,NA,Asp
TTC,GAA,M,Glu
TTC,GAG,GU,Glu
TTC,UGU,NA,Cys
TTC,UGC,NA,Cys
TTC,UGG,NA,Trp
TTC,CGU,NA,Arg
TTC,CGC,NA,Arg
TTC,CGA,NA,Arg
TTC,CGG,NA,Arg
TTC,AGA,NA,Arg
TTC,AGG,NA,Arg
TTC,GGU,NA,Gly
TTC,GGC,NA,Gly
TTC,GGA,NA,Gly
TTC,GGG,NA,Gly
TTC,UAA,NA,TER
TTC,UAG,NA,TER
TTC,UGA,NA,TER
CTC,UUU,NA,Phe
CTC,UUC,NA,Phe
CTC,UUA,NA,Leu
CTC,UUG,NA,Leu
CTC,CUU,NA,Leu
CTC,CUC,NA,Leu
CTC,CUA,NA,Leu
CTC,CUG,NA,Leu
CTC,AUU,NA,Ile
CTC,AUC,NA,Ile
CTC,AUA,NA,Ile
CTC,AUG,NA,Met
CTC,GUU,NA,Val
CTC,GUC,NA,Val
CTC,GUA,NA,Val
CTC,GUG,NA,Val
CTC,UCU,NA,Ser
CTC,UCC,NA,Ser
CTC,UCA,NA,Ser
CTC,UCG,NA,Ser
CTC,AGU,NA,Ser
CTC,AGC,NA,Ser
CTC,CCU,NA,Pro
CTC,CCC,NA,Pro
CTC,CCA,NA,Pro
CTC,CCG,NA,Pro
CTC,ACU,NA,Thr
CTC,ACC,NA,Thr
CTC,ACA,NA,Thr
CTC,ACG,NA,Thr
CTC,GCU,NA,Ala
CTC,GCC,NA,Ala
CTC,GCA,NA,Ala
CTC,GCG,NA,Ala
CTC,UAU,NA,Tyr
CTC,UAC,NA,Tyr
CTC,CAU,NA,His
CTC,CAC,NA,His
CTC,CAA,NA,Gln
CTC,CAG,NA,Gln
CTC,AAU,NA,Asn
CTC,AAC,NA,Asn
CTC,AAA,NA,Lys
CTC,AAG,NA,Lys
CTC,GAU,NA,Asp
CTC,GAC,NA,Asp
CTC,GAA,NA,Glu
CTC,GAG,M,Glu
CTC,UGU,NA,Cys
CTC,UGC,NA,Cys
CTC,UGG,NA,Trp
CTC,CGU,NA,Arg
CTC,CGC,NA,Arg
CTC,CGA,NA,Arg
CTC,CGG,NA,Arg
CTC,AGA,NA,Arg
CTC,AGG,NA,Arg
CTC,GGU,NA,Gly
CTC,GGC,NA,Gly
CTC,GGA,NA,Gly
CTC,GGG,NA,Gly
CTC,UAA,NA,TER
CTC,UAG,NA,TER
CTC,UGA,NA,TER
ACA,UUU,NA,Phe
ACA,UUC,NA,Phe
ACA,UUA,NA,Leu
ACA,UUG,NA,Leu
ACA,CUU,NA,Leu
ACA,CUC,NA,Leu
ACA,CUA,NA,Leu
ACA,CUG,NA,Leu
ACA,AUU,NA,Ile
ACA,AUC,NA,Ile
ACA,AUA,NA,Ile
ACA,AUG,NA,Met
ACA,GUU,NA,Val
ACA,GUC,NA,Val
ACA,GUA,NA,Val
ACA,GUG,NA,Val
ACA,UCU,NA,Ser
ACA,UCC,NA,Ser
ACA,UCA,NA,Ser
ACA,UCG,NA,Ser
ACA,AGU,NA,Ser
ACA,AGC,NA,Ser
ACA,CCU,NA,Pro
ACA,CCC,NA,Pro
ACA,CCA,NA,Pro
ACA,CCG,NA,Pro
ACA,ACU,NA,Thr
ACA,ACC,NA,Thr
ACA,ACA,NA,Thr
ACA,ACG,NA,Thr
ACA,GCU,NA,Ala
ACA,GCC,NA,Ala
ACA,GCA,NA,Ala
ACA,GCG,NA,Ala
ACA,UAU,NA,Tyr
ACA,UAC,NA,Tyr
ACA,CAU,NA,His
ACA,CAC,NA,His
ACA,CAA,NA,Gln
ACA,CAG,NA,Gln
ACA,AAU,NA,Asn
ACA,AAC,NA,Asn
ACA,AAA,NA,Lys
ACA,AAG,NA,Lys
ACA,GAU,NA,Asp
ACA,GAC,NA,Asp
ACA,GAA,NA,Glu
ACA,GAG,NA,Glu
ACA,UGU,M,Cys
ACA,UGC,NA,Cys
ACA,UGG,NA,Trp
ACA,CGU,NA,Arg
ACA,CGC,NA,Arg
ACA,CGA,NA,Arg
ACA,CGG,NA,Arg
ACA,AGA,NA,Arg
ACA,AGG,NA,Arg
ACA,GGU,NA,Gly
ACA,GGC,NA,Gly
ACA,GGA,NA,Gly
ACA,GGG,NA,Gly
ACA,UAA,NA,TER
ACA,UAG,NA,TER
ACA,UGA,NA,TER
GCA,UUU,NA,Phe
GCA,UUC,NA,Phe
GCA,UUA,NA,Leu
GCA,UUG,NA,Leu
GCA,CUU,NA,Leu
GCA,CUC,NA,Leu
GCA,CUA,NA,Leu
GCA,CUG,NA,Leu
GCA,AUU,NA,Ile
GCA,AUC,NA,Ile
GCA,AUA,NA,Ile
GCA,AUG,NA,Met
GCA,GUU,NA,Val
GCA,GUC,NA,Val
GCA,GUA,NA,Val
GCA,GUG,NA,Val
GCA,UCU,NA,Ser
GCA,UCC,NA,Ser
GCA,UCA,NA,Ser
GCA,UCG,NA,Ser
GCA,AGU,NA,Ser
GCA,AGC,NA,Ser
GCA,CCU,NA,Pro
GCA,CCC,NA,Pro
GCA,CCA,NA,Pro
GCA,CCG,NA,Pro
GCA,ACU,NA,Thr
GCA,ACC,NA,Thr
GCA,ACA,NA,Thr
GCA,ACG,NA,Thr
GCA,GCU,NA,Ala
GCA,GCC,NA,Ala
GCA,GCA,NA,Ala
GCA,GCG,NA,Ala
GCA,UAU,NA,Tyr
GCA,UAC,NA,Tyr
GCA,CAU,NA,His
GCA,CAC,NA,His
GCA,CAA,NA,Gln
GCA,CAG,NA,Gln
GCA,AAU,NA,Asn
GCA,AAC,NA,Asn
GCA,AAA,NA,Lys
GCA,AAG,NA,Lys
GCA,GAU,NA,Asp
GCA,GAC,NA,Asp
GCA,GAA,NA,Glu
GCA,GAG,NA,Glu
GCA,UGU,GU,Cys
GCA,UGC,M,Cys
GCA,UGG,NA,Trp
GCA,CGU,NA,Arg
GCA,CGC,NA,Arg
GCA,CGA,NA,Arg
GCA,CGG,NA,Arg
GCA,AGA,NA,Arg
GCA,AGG,NA,Arg
GCA,GGU,NA,Gly
GCA,GGC,NA,Gly
GCA,GGA,NA,Gly
GCA,GGG,NA,Gly
GCA,UAA,NA,TER
GCA,UAG,NA,TER
GCA,UGA,NA,TER
CCA,UUU,NA,Phe
CCA,UUC,NA,Phe
CCA,UUA,NA,Leu
CCA,UUG,NA,Leu
CCA,CUU,NA,Leu
CCA,CUC,NA,Leu
CCA,CUA,NA,Leu
CCA,CUG,NA,Leu
CCA,AUU,NA,Ile
CCA,AUC,NA,Ile
CCA,AUA,NA,Ile
CCA,AUG,NA,Met
CCA,GUU,NA,Val
CCA,GUC,NA,Val
CCA,GUA,NA,Val
CCA,GUG,NA,Val
CCA,UCU,NA,Ser
CCA,UCC,NA,Ser
CCA,UCA,NA,Ser
CCA,UCG,NA,Ser
CCA,AGU,NA,Ser
CCA,AGC,NA,Ser
CCA,CCU,NA,Pro
CCA,CCC,NA,Pro
CCA,CCA,NA,Pro
CCA,CCG,NA,Pro
CCA,ACU,NA,Thr
CCA,ACC,NA,Thr
CCA,ACA,NA,Thr
CCA,ACG,NA,Thr
CCA,GCU,NA,Ala
CCA,GCC,NA,Ala
CCA,GCA,NA,Ala
CCA,GCG,NA,Ala
CCA,UAU,NA,Tyr
CCA,UAC,NA,Tyr
CCA,CAU,NA,His
CCA,CAC,NA,His
CCA,CAA,NA,Gln
CCA,CAG,NA,Gln
CCA,AAU,NA,Asn
CCA,AAC,NA,Asn
CCA,AAA,NA,Lys
CCA,AAG,NA,Lys
CCA,GAU,NA,Asp
CCA,GAC,NA,Asp
CCA,GAA,NA,Glu
CCA,GAG,NA,Glu
CCA,UGU,NA,Cys
CCA,UGC,NA,Cys
CCA,UGG,M,Trp
CCA,CGU,NA,Arg
CCA,CGC,NA,Arg
CCA,CGA,NA,Arg
CCA,CGG,NA,Arg
CCA,AGA,NA,Arg
CCA,AGG,NA,Arg
CCA,GGU,NA,Gly
CCA,GGC,NA,Gly
CCA,GGA,NA,Gly
CCA,GGG,NA,Gly
CCA,UAA,NA,TER
CCA,UAG,NA,TER
CCA,UGA,NA,TER
ACG,UUU,NA,Phe
ACG,UUC,NA,Phe
ACG,UUA,NA,Leu
ACG,UUG,NA,Leu
ACG,CUU,NA,Leu
ACG,CUC,NA,Leu
ACG,CUA,NA,Leu
ACG,CUG,NA,Leu
ACG,AUU,NA,Ile
ACG,AUC,NA,Ile
ACG,AUA,NA,Ile
ACG,AUG,NA,Met
ACG,GUU,NA,Val
ACG,GUC,NA,Val
ACG,GUA,NA,Val
ACG,GUG,NA,Val
ACG,UCU,NA,Ser
ACG,UCC,NA,Ser
ACG,UCA,NA,Ser
ACG,UCG,NA,Ser
ACG,AGU,NA,Ser
ACG,AGC,NA,Ser
ACG,CCU,NA,Pro
ACG,CCC,NA,Pro
ACG,CCA,NA,Pro
ACG,CCG,NA,Pro
ACG,ACU,NA,Thr
ACG,ACC,NA,Thr
ACG,ACA,NA,Thr
ACG,ACG,NA,Thr
ACG,GCU,NA,Ala
ACG,GCC,NA,Ala
ACG,GCA,NA,Ala
ACG,GCG,NA,Ala
ACG,UAU,NA,Tyr
ACG,UAC,NA,Tyr
ACG,CAU,NA,His
ACG,CAC,NA,His
ACG,CAA,NA,Gln
ACG,CAG,NA,Gln
ACG,AAU,NA,Asn
ACG,AAC,NA,Asn
ACG,AAA,NA,Lys
ACG,AAG,NA,Lys
ACG,GAU,NA,Asp
ACG,GAC,NA,Asp
ACG,GAA,NA,Glu
ACG,GAG,NA,Glu
ACG,UGU,NA,Cys
ACG,UGC,NA,Cys
ACG,UGG,NA,Trp
ACG,CGU,M,Arg
ACG,CGC,NA,Arg
ACG,CGA,NA,Arg
ACG,CGG,NA,Arg
ACG,AGA,NA,Arg
ACG,AGG,NA,Arg
ACG,GGU,NA,Gly
ACG,GGC,NA,Gly
ACG,GGA,NA,Gly
ACG,GGG,NA,Gly
ACG,UAA,NA,TER
ACG,UAG,NA,TER
ACG,UGA,NA,TER
GCG,UUU,NA,Phe
GCG,UUC,NA,Phe
GCG,UUA,NA,Leu
GCG,UUG,NA,Leu
GCG,CUU,NA,Leu
GCG,CUC,NA,Leu
GCG,CUA,NA,Leu
GCG,CUG,NA,Leu
GCG,AUU,NA,Ile
GCG,AUC,NA,Ile
GCG,AUA,NA,Ile
GCG,AUG,NA,Met
GCG,GUU,NA,Val
GCG,GUC,NA,Val
GCG,GUA,NA,Val
GCG,GUG,NA,Val
GCG,UCU,NA,Ser
GCG,UCC,NA,Ser
GCG,UCA,NA,Ser
GCG,UCG,NA,Ser
GCG,AGU,NA,Ser
GCG,AGC,NA,Ser
GCG,CCU,NA,Pro
GCG,CCC,NA,Pro
GCG,CCA,NA,Pro
GCG,CCG,NA,Pro
GCG,ACU,NA,Thr
GCG,ACC,NA,Thr
GCG,ACA,NA,Thr
GCG,ACG,NA,Thr
GCG,GCU,NA,Ala
GCG,GCC,NA,Ala
GCG,GCA,NA,Ala
GCG,GCG,NA,Ala
GCG,UAU,NA,Tyr
GCG,UAC,NA,Tyr
GCG,CAU,NA,His
GCG,CAC,NA,His
GCG,CAA,NA,Gln
GCG,CAG,NA,Gln
GCG,AAU,NA,Asn
GCG,AAC,NA,Asn
GCG,AAA,NA,Lys
GCG,AAG,NA,Lys
GCG,GAU,NA,Asp
GCG,GAC,NA,Asp
GCG,GAA,NA,Glu
GCG,GAG,NA,Glu
GCG,UGU,NA,Cys
GCG,UGC,NA,Cys
GCG,UGG,NA,Trp
GCG,CGU,GU,Arg
GCG,CGC,M,Arg
GCG,CGA,NA,Arg
GCG,CGG,NA,Arg
GCG,AGA,NA,Arg
GCG,AGG,NA,Arg
GCG,GGU,NA,Gly
GCG,GGC,NA,Gly
GCG,GGA,NA,Gly
GCG,GGG,NA,Gly
GCG,UAA,NA,TER
GCG,UAG,NA,TER
GCG,UGA,NA,TER
TCG,UUU,NA,Phe
TCG,UUC,NA,Phe
TCG,UUA,NA,Leu
TCG,UUG,NA,Leu
TCG,CUU,NA,Leu
TCG,CUC,NA,Leu
TCG,CUA,NA,Leu
TCG,CUG,NA,Leu
TCG,AUU,NA,Ile
TCG,AUC,NA,Ile
TCG,AUA,NA,Ile
TCG,AUG,NA,Met
TCG,GUU,NA,Val
TCG,GUC,NA,Val
TCG,GUA,NA,Val
TCG,GUG,NA,Val
TCG,UCU,NA,Ser
TCG,UCC,NA,Ser
TCG,UCA,NA,Ser
TCG,UCG,NA,Ser
TCG,AGU,NA,Ser
TCG,AGC,NA,Ser
TCG,CCU,NA,Pro
TCG,CCC,NA,Pro
TCG,CCA,NA,Pro
TCG,CCG,NA,Pro
TCG,ACU,NA,Thr
TCG,ACC,NA,Thr
TCG,ACA,NA,Thr
TCG,ACG,NA,Thr
TCG,GCU,NA,Ala
TCG,GCC,NA,Ala
TCG,GCA,NA,Ala
TCG,GCG,NA,Ala
TCG,UAU,NA,Tyr
TCG,UAC,NA,Tyr
TCG,CAU,NA,His
TCG,CAC,NA,His
TCG,CAA,NA,Gln
TCG,CAG,NA,Gln
TCG,AAU,NA,Asn
TCG,AAC,NA,Asn
TCG,AAA,NA,Lys
TCG,AAG,NA,Lys
TCG,GAU,NA,Asp
TCG,GAC,NA,Asp
TCG,GAA,NA,Glu
TCG,GAG,NA,Glu
TCG,UGU,NA,Cys
TCG,UGC,NA,Cys
TCG,UGG,NA,Trp
TCG,CGU,SU,Arg
TCG,CGC,SU,Arg
TCG,CGA,M,Arg
TCG,CGG,GU,Arg
TCG,AGA,NA,Arg
TCG,AGG,NA,Arg
TCG,GGU,NA,Gly
TCG,GGC,NA,Gly
TCG,GGA,NA,Gly
TCG,GGG,NA,Gly
TCG,UAA,NA,TER
TCG,UAG,NA,TER
TCG,UGA,NA,TER
CCG,UUU,NA,Phe
CCG,UUC,NA,Phe
CCG,UUA,NA,Leu
CCG,UUG,NA,Leu
CCG,CUU,NA,Leu
CCG,CUC,NA,Leu
CCG,CUA,NA,Leu
CCG,CUG,NA,Leu
CCG,AUU,NA,Ile
CCG,AUC,NA,Ile
CCG,AUA,NA,Ile
CCG,AUG,NA,Met
CCG,GUU,NA,Val
CCG,GUC,NA,Val
CCG,GUA,NA,Val
CCG,GUG,NA,Val
CCG,UCU,NA,Ser
CCG,UCC,NA,Ser
CCG,UCA,NA,Ser
CCG,UCG,NA,Ser
CCG,AGU,NA,Ser
CCG,AGC,NA,Ser
CCG,CCU,NA,Pro
CCG,CCC,NA,Pro
CCG,CCA,NA,Pro
CCG,CCG,NA,Pro
CCG,ACU,NA,Thr
CCG,ACC,NA,Thr
CCG,ACA,NA,Thr
CCG,ACG,NA,Thr
CCG,GCU,NA,Ala
CCG,GCC,NA,Ala
CCG,GCA,NA,Ala
CCG,GCG,NA,Ala
CCG,UAU,NA,Tyr
CCG,UAC,NA,Tyr
CCG,CAU,NA,His
CCG,CAC,NA,His
CCG,CAA,NA,Gln
CCG,CAG,NA,Gln
CCG,AAU,NA,Asn
CCG,AAC,NA,Asn
CCG,AAA,NA,Lys
CCG,AAG,NA,Lys
CCG,GAU,NA,Asp
CCG,GAC,NA,Asp
CCG,GAA,NA,Glu
CCG,GAG,NA,Glu
CCG,UGU,NA,Cys
CCG,UGC,NA,Cys
CCG,UGG,NA,Trp
CCG,CGU,NA,Arg
CCG,CGC,NA,Arg
CCG,CGA,NA,Arg
CCG,CGG,M,Arg
CCG,AGA,NA,Arg
CCG,AGG,NA,Arg
CCG,GGU,NA,Gly
CCG,GGC,NA,Gly
CCG,GGA,NA,Gly
CCG,GGG,NA,Gly
CCG,UAA,NA,TER
CCG,UAG,NA,TER
CCG,UGA,NA,TER
TCT,UUU,NA,Phe
TCT,UUC,NA,Phe
TCT,UUA,NA,Leu
TCT,UUG,NA,Leu
TCT,CUU,NA,Leu
TCT,CUC,NA,Leu
TCT,CUA,NA,Leu
TCT,CUG,NA,Leu
TCT,AUU,NA,Ile
TCT,AUC,NA,Ile
TCT,AUA,NA,Ile
TCT,AUG,NA,Met
TCT,GUU,NA,Val
TCT,GUC,NA,Val
TCT,GUA,NA,Val
TCT,GUG,NA,Val
TCT,UCU,NA,Ser
TCT,UCC,NA,Ser
TCT,UCA,NA,Ser
TCT,UCG,NA,Ser
TCT,AGU,NA,Ser
TCT,AGC,NA,Ser
TCT,CCU,NA,Pro
TCT,CCC,NA,Pro
TCT,CCA,NA,Pro
TCT,CCG,NA,Pro
TCT,ACU,NA,Thr
TCT,ACC,NA,Thr
TCT,ACA,NA,Thr
TCT,ACG,NA,Thr
TCT,GCU,NA,Ala
TCT,GCC,NA,Ala
TCT,GCA,NA,Ala
TCT,GCG,NA,Ala
TCT,UAU,NA,Tyr
TCT,UAC,NA,Tyr
TCT,CAU,NA,His
TCT,CAC,NA,His
TCT,CAA,NA,Gln
TCT,CAG,NA,Gln
TCT,AAU,NA,Asn
TCT,AAC,NA,Asn
TCT,AAA,NA,Lys
TCT,AAG,NA,Lys
TCT,GAU,NA,Asp
TCT,GAC,NA,Asp
TCT,GAA,NA,Glu
TCT,GAG,NA,Glu
TCT,UGU,NA,Cys
TCT,UGC,NA,Cys
TCT,UGG,NA,Trp
TCT,CGU,NA,Arg
TCT,CGC,NA,Arg
TCT,CGA,NA,Arg
TCT,CGG,NA,Arg
TCT,AGA,M,Arg
TCT,AGG,GU,Arg
TCT,GGU,NA,Gly
TCT,GGC,NA,Gly
TCT,GGA,NA,Gly
TCT,GGG,NA,Gly
TCT,UAA,NA,TER
TCT,UAG,NA,TER
TCT,UGA,NA,TER
CCT,UUU,NA,Phe
CCT,UUC,NA,Phe
CCT,UUA,NA,Leu
CCT,UUG,NA,Leu
CCT,CUU,NA,Leu
CCT,CUC,NA,Leu
CCT,CUA,NA,Leu
CCT,CUG,NA,Leu
CCT,AUU,NA,Ile
CCT,AUC,NA,Ile
CCT,AUA,NA,Ile
CCT,AUG,NA,Met
CCT,GUU,NA,Val
CCT,GUC,NA,Val
CCT,GUA,NA,Val
CCT,GUG,NA,Val
CCT,UCU,NA,Ser
CCT,UCC,NA,Ser
CCT,UCA,NA,Ser
CCT,UCG,NA,Ser
CCT,AGU,NA,Ser
CCT,AGC,NA,Ser
CCT,CCU,NA,Pro
CCT,CCC,NA,Pro
CCT,CCA,NA,Pro
CCT,CCG,NA,Pro
CCT,ACU,NA,Thr
CCT,ACC,NA,Thr
CCT,ACA,NA,Thr
CCT,ACG,NA,Thr
CCT,GCU,NA,Ala
CCT,GCC,NA,Ala
CCT,GCA,NA,Ala
CCT,GCG,NA,Ala
CCT,UAU,NA,Tyr
CCT,UAC,NA,Tyr
CCT,CAU,NA,His
CCT,CAC,NA,His
CCT,CAA,NA,Gln
CCT,CAG,NA,Gln
CCT,AAU,NA,Asn
CCT,AAC,NA,Asn
CCT,AAA,NA,Lys
CCT,AAG,NA,Lys
CCT,GAU,NA,Asp
CCT,GAC,NA,Asp
CCT,GAA,NA,Glu
CCT,GAG,NA,Glu
CCT,UGU,NA,Cys
CCT,UGC,NA,Cys
CCT,UGG,NA,Trp
CCT,CGU,NA,Arg
CCT,CGC,NA,Arg
CCT,CGA,NA,Arg
CCT,CGG,NA,Arg
CCT,AGA,NA,Arg
CCT,AGG,M,Arg
CCT,GGU,NA,Gly
CCT,GGC,NA,Gly
CCT,GGA,NA,Gly
CCT,GGG,NA,Gly
CCT,UAA,NA,TER
CCT,UAG,NA,TER
CCT,UGA,NA,TER
ACC,UUU,NA,Phe
ACC,UUC,NA,Phe
ACC,UUA,NA,Leu
ACC,UUG,NA,Leu
ACC,CUU,NA,Leu
ACC,CUC,NA,Leu
ACC,CUA,NA,Leu
ACC,CUG,NA,Leu
ACC,AUU,NA,Ile
ACC,AUC,NA,Ile
ACC,AUA,NA,Ile
ACC,AUG,NA,Met
ACC,GUU,NA,Val
ACC,GUC,NA,Val
ACC,GUA,NA,Val
ACC,GUG,NA,Val
ACC,UCU,NA,Ser
ACC,UCC,NA,Ser
ACC,UCA,NA,Ser
ACC,UCG,NA,Ser
ACC,AGU,NA,Ser
ACC,AGC,NA,Ser
ACC,CCU,NA,Pro
ACC,CCC,NA,Pro
ACC,CCA,NA,Pro
ACC,CCG,NA,Pro
ACC,ACU,NA,Thr
ACC,ACC,NA,Thr
ACC,ACA,NA,Thr
ACC,ACG,NA,Thr
ACC,GCU,NA,Ala
ACC,GCC,NA,Ala
ACC,GCA,NA,Ala
ACC,GCG,NA,Ala
ACC,UAU,NA,Tyr
ACC,UAC,NA,Tyr
ACC,CAU,NA,His
ACC,CAC,NA,His
ACC,CAA,NA,Gln
ACC,CAG,NA,Gln
ACC,AAU,NA,Asn
ACC,AAC,NA,Asn
ACC,AAA,NA,Lys
ACC,AAG,NA,Lys
ACC,GAU,NA,Asp
ACC,GAC,NA,Asp
ACC,GAA,NA,Glu
ACC,GAG,NA,Glu
ACC,UGU,NA,Cys
ACC,UGC,NA,Cys
ACC,UGG,NA,Trp
ACC,CGU,NA,Arg
ACC,CGC,NA,Arg
ACC,CGA,NA,Arg
ACC,CGG,NA,Arg
ACC,AGA,NA,Arg
ACC,AGG,NA,Arg
ACC,GGU,M,Gly
ACC,GGC,NA,Gly
ACC,GGA,NA,Gly
ACC,GGG,NA,Gly
ACC,UAA,NA,TER
ACC,UAG,NA,TER
ACC,UGA,NA,TER
GCC,UUU,NA,Phe
GCC,UUC,NA,Phe
GCC,UUA,NA,Leu
GCC,UUG,NA,Leu
GCC,CUU,NA,Leu
GCC,CUC,NA,Leu
GCC,CUA,NA,Leu
GCC,CUG,NA,Leu
GCC,AUU,NA,Ile
GCC,AUC,NA,Ile
GCC,AUA,NA,Ile
GCC,AUG,NA,Met
GCC,GUU,NA,Val
GCC,GUC,NA,Val
GCC,GUA,NA,Val
GCC,GUG,NA,Val
GCC,UCU,NA,Ser
GCC,UCC,NA,Ser
GCC,UCA,NA,Ser
GCC,UCG,NA,Ser
GCC,AGU,NA,Ser
GCC,AGC,NA,Ser
GCC,CCU,NA,Pro
GCC,CCC,NA,Pro
GCC,CCA,NA,Pro
GCC,CCG,NA,Pro
GCC,ACU,NA,Thr
GCC,ACC,NA,Thr
GCC,ACA,NA,Thr
GCC,ACG,NA,Thr
GCC,GCU,NA,Ala
GCC,GCC,NA,Ala
GCC,GCA,NA,Ala
GCC,GCG,NA,Ala
GCC,UAU,NA,Tyr
GCC,UAC,NA,Tyr
GCC,CAU,NA,His
GCC,CAC,NA,His
GCC,CAA,NA,Gln
GCC,CAG,NA,Gln
GCC,AAU,NA,Asn
GCC,AAC,NA,Asn
GCC,AAA,NA,Lys
GCC,AAG,NA,Lys
GCC,GAU,NA,Asp
GCC,GAC,NA,Asp
GCC,GAA,NA,Glu
GCC,GAG,NA,Glu
GCC,UGU,NA,Cys
GCC,UGC,NA,Cys
GCC,UGG,NA,Trp
GCC,CGU,NA,Arg
GCC,CGC,NA,Arg
GCC,CGA,NA,Arg
GCC,CGG,NA,Arg
GCC,AGA,NA,Arg
GCC,AGG,NA,Arg
GCC,GGU,GU,Gly
GCC,GGC,M,Gly
GCC,GGA,NA,Gly
GCC,GGG,NA,Gly
GCC,UAA,NA,TER
GCC,UAG,NA,TER
GCC,UGA,NA,TER
TCC,UUU,NA,Phe
TCC,UUC,NA,Phe
TCC,UUA,NA,Leu
TCC,UUG,NA,Leu
TCC,CUU,NA,Leu
TCC,CUC,NA,Leu
TCC,CUA,NA,Leu
TCC,CUG,NA,Leu
TCC,AUU,NA,Ile
TCC,AUC,NA,Ile
TCC,AUA,NA,Ile
TCC,AUG,NA,Met
TCC,GUU,NA,Val
TCC,GUC,NA,Val
TCC,GUA,NA,Val
TCC,GUG,NA,Val
TCC,UCU,NA,Ser
TCC,UCC,NA,Ser
TCC,UCA,NA,Ser
TCC,UCG,NA,Ser
TCC,AGU,NA,Ser
TCC,AGC,NA,Ser
TCC,CCU,NA,Pro
TCC,CCC,NA,Pro
TCC,CCA,NA,Pro
TCC,CCG,NA,Pro
TCC,ACU,NA,Thr
TCC,ACC,NA,Thr
TCC,ACA,NA,Thr
TCC,ACG,NA,Thr
TCC,GCU,NA,Ala
TCC,GCC,NA,Ala
TCC,GCA,NA,Ala
TCC,GCG,NA,Ala
TCC,UAU,NA,Tyr
TCC,UAC,NA,Tyr
TCC,CAU,NA,His
TCC,CAC,NA,His
TCC,CAA,NA,Gln
TCC,CAG,NA,Gln
TCC,AAU,NA,Asn
TCC,AAC,NA,Asn
TCC,AAA,NA,Lys
TCC,AAG,NA,Lys
TCC,GAU,NA,Asp
TCC,GAC,NA,Asp
TCC,GAA,NA,Glu
TCC,GAG,NA,Glu
TCC,UGU,NA,Cys
TCC,UGC,NA,Cys
TCC,UGG,NA,Trp
TCC,CGU,NA,Arg
TCC,CGC,NA,Arg
TCC,CGA,NA,Arg
TCC,CGG,NA,Arg
TCC,AGA,NA,Arg
TCC,AGG,NA,Arg
TCC,GGU,SU,Gly
TCC,GGC,SU,Gly
TCC,GGA,M,Gly
TCC,GGG,GU,Gly
TCC,UAA,NA,TER
TCC,UAG,NA,TER
TCC,UGA,NA,TER
CCC,UUU,NA,Phe
CCC,UUC,NA,Phe
CCC,UUA,NA,Leu
CCC,UUG,NA,Leu
CCC,CUU,NA,Leu
CCC,CUC,NA,Leu
CCC,CUA,NA,Leu
CCC,CUG,NA,Leu
CCC,AUU,NA,Ile
CCC,AUC,NA,Ile
CCC,AUA,NA,Ile
CCC,AUG,NA,Met
CCC,GUU,NA,Val
CCC,GUC,NA,Val
CCC,GUA,NA,Val
CCC,GUG,NA,Val
CCC,UCU,NA,Ser
CCC,UCC,NA,Ser
CCC,UCA,NA,Ser
CCC,UCG,NA,Ser
CCC,AGU,NA,Ser
CCC,AGC,NA,Ser
CCC,CCU,NA,Pro
CCC,CCC,NA,Pro
CCC,CCA,NA,Pro
CCC,CCG,NA,Pro
CCC,ACU,NA,Thr
CCC,ACC,NA,Thr
CCC,ACA,NA,Thr
CCC,ACG,NA,Thr
CCC,GCU,NA,Ala
CCC,GCC,NA,Ala
CCC,GCA,NA,Ala
CCC,GCG,NA,Ala
CCC,UAU,NA,Tyr
CCC,UAC,NA,Tyr
CCC,CAU,NA,His
CCC,CAC,NA,His
CCC,CAA,NA,Gln
CCC,CAG,NA,Gln
CCC,AAU,NA,Asn
CCC,AAC,NA,Asn
CCC,AAA,NA,Lys
CCC,AAG,NA,Lys
CCC,GAU,NA,Asp
CCC,GAC,NA,Asp
CCC,GAA,NA,Glu
CCC,GAG,NA,Glu
CCC,UGU,NA,Cys
CCC,UGC,NA,Cys
CCC,UGG,NA,Trp
CCC,CGU,NA,Arg
CCC,CGC,NA,Arg
CCC,CGA,NA,Arg
CCC,CGG,NA,Arg
CCC,AGA,NA,Arg
CCC,AGG,NA,Arg
CCC,GGU,NA,Gly
CCC,GGC,NA,Gly
CCC,GGA,NA,Gly
CCC,GGG,M,Gly
CCC,UAA,NA,TER
CCC,UAG,NA,TER
CCC,UGA,NA,TER
TTA,UUU,NA,Phe
TTA,UUC,NA,Phe
TTA,UUA,NA,Leu
TTA,UUG,NA,Leu
TTA,CUU,NA,Leu
TTA,CUC,NA,Leu
TTA,CUA,NA,Leu
TTA,CUG,NA,Leu
TTA,AUU,NA,Ile
TTA,AUC,NA,Ile
TTA,AUA,NA,Ile
TTA,AUG,NA,Met
TTA,GUU,NA,Val
TTA,GUC,NA,Val
TTA,GUA,NA,Val
TTA,GUG,NA,Val
TTA,UCU,NA,Ser
TTA,UCC,NA,Ser
TTA,UCA,NA,Ser
TTA,UCG,NA,Ser
TTA,AGU,NA,Ser
TTA,AGC,NA,Ser
TTA,CCU,NA,Pro
TTA,CCC,NA,Pro
TTA,CCA,NA,Pro
TTA,CCG,NA,Pro
TTA,ACU,NA,Thr
TTA,ACC,NA,Thr
TTA,ACA,NA,Thr
TTA,ACG,NA,Thr
TTA,GCU,NA,Ala
TTA,GCC,NA,Ala
TTA,GCA,NA,Ala
TTA,GCG,NA,Ala
TTA,UAU,NA,Tyr
TTA,UAC,NA,Tyr
TTA,CAU,NA,His
TTA,CAC,NA,His
TTA,CAA,NA,Gln
TTA,CAG,NA,Gln
TTA,AAU,NA,Asn
TTA,AAC,NA,Asn
TTA,AAA,NA,Lys
TTA,AAG,NA,Lys
TTA,GAU,NA,Asp
TTA,GAC,NA,Asp
TTA,GAA,NA,Glu
TTA,GAG,NA,Glu
TTA,UGU,NA,Cys
TTA,UGC,NA,Cys
TTA,UGG,NA,Trp
TTA,CGU,NA,Arg
TTA,CGC,NA,Arg
TTA,CGA,NA,Arg
TTA,CGG,NA,Arg
TTA,AGA,NA,Arg
TTA,AGG,NA,Arg
TTA,GGU,NA,Gly
TTA,GGC,NA,Gly
TTA,GGA,NA,Gly
TTA,GGG,NA,Gly
TTA,UAA,M,TER
TTA,UAG,GU,TER
TTA,UGA,NA,TER
CTA,UUU,NA,Phe
CTA,UUC,NA,Phe
CTA,UUA,NA,Leu
CTA,UUG,NA,Leu
CTA,CUU,NA,Leu
CTA,CUC,NA,Leu
CTA,CUA,NA,Leu
CTA,CUG,NA,Leu
CTA,AUU,NA,Ile
CTA,AUC,NA,Ile
CTA,AUA,NA,Ile
CTA,AUG,NA,Met
CTA,GUU,NA,Val
CTA,GUC,NA,Val
CTA,GUA,NA,Val
CTA,GUG,NA,Val
CTA,UCU,NA,Ser
CTA,UCC,NA,Ser
CTA,UCA,NA,Ser
CTA,UCG,NA,Ser
CTA,AGU,NA,Ser
CTA,AGC,NA,Ser
CTA,CCU,NA,Pro
CTA,CCC,NA,Pro
CTA,CCA,NA,Pro
CTA,CCG,NA,Pro
CTA,ACU,NA,Thr
CTA,ACC,NA,Thr
CTA,ACA,NA,Thr
CTA,ACG,NA,Thr
CTA,GCU,NA,Ala
CTA,GCC,NA,Ala
CTA,GCA,NA,Ala
CTA,GCG,NA,Ala
CTA,UAU,NA,Tyr
CTA,UAC,NA,Tyr
CTA,CAU,NA,His
CTA,CAC,NA,His
CTA,CAA,NA,Gln
CTA,CAG,NA,Gln
CTA,AAU,NA,Asn
CTA,AAC,NA,Asn
CTA,AAA,NA,Lys
CTA,AAG,NA,Lys
CTA,GAU,NA,Asp
CTA,GAC,NA,Asp
CTA,GAA,NA,Glu
CTA,GAG,NA,Glu
CTA,UGU,NA,Cys
CTA,UGC,NA,Cys
CTA,UGG,NA,Trp
CTA,CGU,NA,Arg
CTA,CGC,NA,Arg
CTA,CGA,NA,Arg
CTA,CGG,NA,Arg
CTA,AGA,NA,Arg
CTA,AGG,NA,Arg
CTA,GGU,NA,Gly
CTA,GGC,NA,Gly
CTA,GGA,NA,Gly
CTA,GGG,NA,Gly
CTA,UAA,NA,TER
CTA,UAG,M,TER
CTA,UGA,NA,TER
TCA,UUU,NA,Phe
TCA,UUC,NA,Phe
TCA,UUA,NA,Leu
TCA,UUG,NA,Leu
TCA,CUU,NA,Leu
TCA,CUC,NA,Leu
TCA,CUA,NA,Leu
TCA,CUG,NA,Leu
TCA,AUU,NA,Ile
TCA,AUC,NA,Ile
TCA,AUA,NA,Ile
TCA,AUG,NA,Met
TCA,GUU,NA,Val
TCA,GUC,NA,Val
TCA,GUA,NA,Val
TCA,GUG,NA,Val
TCA,UCU,NA,Ser
TCA,UCC,NA,Ser
TCA,UCA,NA,Ser
TCA,UCG,NA,Ser
TCA,AGU,NA,Ser
TCA,AGC,NA,Ser
TCA,CCU,NA,Pro
TCA,CCC,NA,Pro
TCA,CCA,NA,Pro
TCA,CCG,NA,Pro
TCA,ACU,NA,Thr
TCA,ACC,NA,Thr
TCA,ACA,NA,Thr
TCA,ACG,NA,Thr
TCA,GCU,NA,Ala
TCA,GCC,NA,Ala
TCA,GCA,NA,Ala
TCA,GCG,NA,Ala
TCA,UAU,NA,Tyr
TCA,UAC,NA,Tyr
TCA,CAU,NA,His
TCA,CAC,NA,His
TCA,CAA,NA,Gln
TCA,CAG,NA,Gln
TCA,AAU,NA,Asn
TCA,AAC,NA,Asn
TCA,AAA,NA,Lys
TCA,AAG,NA,Lys
TCA,GAU,NA,Asp
TCA,GAC,NA,Asp
TCA,GAA,NA,Glu
TCA,GAG,NA,Glu
TCA,UGU,NA,Cys
TCA,UGC,NA,Cys
TCA,UGG,NA,Trp
TCA,CGU,NA,Arg
TCA,CGC,NA,Arg
TCA,CGA,NA,Arg
TCA,CGG,NA,Arg
TCA,AGA,NA,Arg
TCA,AGG,NA,Arg
TCA,GGU,NA,Gly
TCA,GGC,NA,Gly
TCA,GGA,NA,Gly
TCA,GGG,NA,Gly
TCA,UAA,NA,TER
TCA,UAG,NA,TER
TCA,UGA,M,TER
